--------------------------------------------------------
-- Archivo creado  - jueves-noviembre-27-2014   
--------------------------------------------------------
--------------------------------------------------------
--  DDL for Sequence SQ_SDA_AGREGADORES
--------------------------------------------------------

   CREATE SEQUENCE  "AVANTIA"."SQ_SDA_AGREGADORES"  MINVALUE 1 MAXVALUE 100000 INCREMENT BY 1 START WITH 93 NOCACHE  NOORDER  NOCYCLE ;
--------------------------------------------------------
--  DDL for Sequence SQ_SDA_CAT_RESPUESTAS
--------------------------------------------------------

   CREATE SEQUENCE  "AVANTIA"."SQ_SDA_CAT_RESPUESTAS"  MINVALUE 1 MAXVALUE 1000 INCREMENT BY 1 START WITH 9 NOCACHE  NOORDER  NOCYCLE ;
--------------------------------------------------------
--  DDL for Sequence SQ_SDA_CAT_RESULTADO
--------------------------------------------------------

   CREATE SEQUENCE  "AVANTIA"."SQ_SDA_CAT_RESULTADO"  MINVALUE 1 MAXVALUE 1000 INCREMENT BY 1 START WITH 9 NOCACHE  NOORDER  NOCYCLE ;
--------------------------------------------------------
--  DDL for Sequence SQ_SDA_LOG_DEPURACION
--------------------------------------------------------

   CREATE SEQUENCE  "AVANTIA"."SQ_SDA_LOG_DEPURACION"  MINVALUE 1 MAXVALUE 1000000 INCREMENT BY 1 START WITH 1045 NOCACHE  NOORDER  NOCYCLE ;
--------------------------------------------------------
--  DDL for Sequence SQ_SDA_METODOS
--------------------------------------------------------

   CREATE SEQUENCE  "AVANTIA"."SQ_SDA_METODOS"  MINVALUE 1 MAXVALUE 500000 INCREMENT BY 1 START WITH 253 NOCACHE  NOORDER  NOCYCLE ;
--------------------------------------------------------
--  DDL for Sequence SQ_SDA_PAIS
--------------------------------------------------------

   CREATE SEQUENCE  "AVANTIA"."SQ_SDA_PAIS"  MINVALUE 1 MAXVALUE 300 INCREMENT BY 1 START WITH 6 NOCACHE  NOORDER  NOCYCLE ;
--------------------------------------------------------
--  DDL for Sequence SQ_SDA_PARAMETROS
--------------------------------------------------------

   CREATE SEQUENCE  "AVANTIA"."SQ_SDA_PARAMETROS"  MINVALUE 1 MAXVALUE 100000 INCREMENT BY 1 START WITH 718 NOCACHE  NOORDER  NOCYCLE ;
--------------------------------------------------------
--  DDL for Sequence SQ_SDA_PARAMETROS_SISTEMA
--------------------------------------------------------

   CREATE SEQUENCE  "AVANTIA"."SQ_SDA_PARAMETROS_SISTEMA"  MINVALUE 1 MAXVALUE 1000 INCREMENT BY 1 START WITH 10 NOCACHE  NOORDER  NOCYCLE ;
--------------------------------------------------------
--  DDL for Sequence SQ_SDA_RESPUESTAS
--------------------------------------------------------

   CREATE SEQUENCE  "AVANTIA"."SQ_SDA_RESPUESTAS"  MINVALUE 1 MAXVALUE 100000 INCREMENT BY 1 START WITH 244 NOCACHE  NOORDER  NOCYCLE ;
--------------------------------------------------------
--  DDL for Sequence SQ_SDA_RESULTADO_RESPUESTAS
--------------------------------------------------------

   CREATE SEQUENCE  "AVANTIA"."SQ_SDA_RESULTADO_RESPUESTAS"  MINVALUE 1 MAXVALUE 100000 INCREMENT BY 1 START WITH 364 NOCACHE  NOORDER  NOCYCLE ;
--------------------------------------------------------
--  DDL for Sequence SQ_SDA_USUARIO_SISTEMA
--------------------------------------------------------

   CREATE SEQUENCE  "AVANTIA"."SQ_SDA_USUARIO_SISTEMA"  MINVALUE 2 MAXVALUE 10000 INCREMENT BY 1 START WITH 2 NOCACHE  NOORDER  NOCYCLE ;
--------------------------------------------------------
--  DDL for Table CLIENTE_TEL
--------------------------------------------------------

  CREATE TABLE "AVANTIA"."CLIENTE_TEL" 
   (	"ID" NUMBER, 
	"NUMERO" VARCHAR2(20 BYTE)
   ) SEGMENT CREATION IMMEDIATE 
  PCTFREE 10 PCTUSED 40 INITRANS 1 MAXTRANS 255 NOCOMPRESS LOGGING
  STORAGE(INITIAL 65536 NEXT 1048576 MINEXTENTS 1 MAXEXTENTS 2147483645
  PCTINCREASE 0 FREELISTS 1 FREELIST GROUPS 1 BUFFER_POOL DEFAULT FLASH_CACHE DEFAULT CELL_FLASH_CACHE DEFAULT)
  TABLESPACE "USERS" ;
--------------------------------------------------------
--  DDL for Table DEMO
--------------------------------------------------------

  CREATE TABLE "AVANTIA"."DEMO" 
   (	"TEL" VARCHAR2(100 BYTE)
   ) SEGMENT CREATION IMMEDIATE 
  PCTFREE 10 PCTUSED 40 INITRANS 1 MAXTRANS 255 NOCOMPRESS LOGGING
  STORAGE(INITIAL 65536 NEXT 1048576 MINEXTENTS 1 MAXEXTENTS 2147483645
  PCTINCREASE 0 FREELISTS 1 FREELIST GROUPS 1 BUFFER_POOL DEFAULT FLASH_CACHE DEFAULT CELL_FLASH_CACHE DEFAULT)
  TABLESPACE "USERS" ;
--------------------------------------------------------
--  DDL for Table SDA_AGREGADORES
--------------------------------------------------------

  CREATE TABLE "AVANTIA"."SDA_AGREGADORES" 
   (	"ID" NUMBER, 
	"NOMBRE_AGREGADOR" VARCHAR2(255 BYTE), 
	"ESTADO" NUMBER, 
	"ID_PAIS" NUMBER
   ) SEGMENT CREATION IMMEDIATE 
  PCTFREE 10 PCTUSED 40 INITRANS 1 MAXTRANS 255 NOCOMPRESS LOGGING
  STORAGE(INITIAL 65536 NEXT 1048576 MINEXTENTS 1 MAXEXTENTS 2147483645
  PCTINCREASE 0 FREELISTS 1 FREELIST GROUPS 1 BUFFER_POOL DEFAULT FLASH_CACHE DEFAULT CELL_FLASH_CACHE DEFAULT)
  TABLESPACE "USERS" ;
 

   COMMENT ON COLUMN "AVANTIA"."SDA_AGREGADORES"."ID" IS 'pk de la tabla SDA_AGREGADORES';
 
   COMMENT ON COLUMN "AVANTIA"."SDA_AGREGADORES"."NOMBRE_AGREGADOR" IS 'El nombre del agregador';
 
   COMMENT ON COLUMN "AVANTIA"."SDA_AGREGADORES"."ESTADO" IS 'El estado del agregador';
 
   COMMENT ON COLUMN "AVANTIA"."SDA_AGREGADORES"."ID_PAIS" IS 'fk con la tabla paises del agregador';
--------------------------------------------------------
--  DDL for Table SDA_CAT_RESPUESTAS
--------------------------------------------------------

  CREATE TABLE "AVANTIA"."SDA_CAT_RESPUESTAS" 
   (	"ID" NUMBER, 
	"NOMBRE" VARCHAR2(20 BYTE)
   ) SEGMENT CREATION IMMEDIATE 
  PCTFREE 10 PCTUSED 40 INITRANS 1 MAXTRANS 255 NOCOMPRESS LOGGING
  STORAGE(INITIAL 65536 NEXT 1048576 MINEXTENTS 1 MAXEXTENTS 2147483645
  PCTINCREASE 0 FREELISTS 1 FREELIST GROUPS 1 BUFFER_POOL DEFAULT FLASH_CACHE DEFAULT CELL_FLASH_CACHE DEFAULT)
  TABLESPACE "USERS" ;
 

   COMMENT ON COLUMN "AVANTIA"."SDA_CAT_RESPUESTAS"."ID" IS 'pk de la tabla de SDA_CAT_RESPUESTAS';
 
   COMMENT ON COLUMN "AVANTIA"."SDA_CAT_RESPUESTAS"."NOMBRE" IS 'nombre del parametro a recibir el servicio web de los agregadores cada uno de estos sera guardado en la tabla de logs';
--------------------------------------------------------
--  DDL for Table SDA_CAT_RESULTADOS
--------------------------------------------------------

  CREATE TABLE "AVANTIA"."SDA_CAT_RESULTADOS" 
   (	"ID" NUMBER, 
	"DATO" VARCHAR2(100 BYTE), 
	"VALOR" VARCHAR2(100 BYTE)
   ) SEGMENT CREATION IMMEDIATE 
  PCTFREE 10 PCTUSED 40 INITRANS 1 MAXTRANS 255 NOCOMPRESS LOGGING
  STORAGE(INITIAL 65536 NEXT 1048576 MINEXTENTS 1 MAXEXTENTS 2147483645
  PCTINCREASE 0 FREELISTS 1 FREELIST GROUPS 1 BUFFER_POOL DEFAULT FLASH_CACHE DEFAULT CELL_FLASH_CACHE DEFAULT)
  TABLESPACE "USERS" ;
--------------------------------------------------------
--  DDL for Table SDA_LOG_DEPURACION
--------------------------------------------------------

  CREATE TABLE "AVANTIA"."SDA_LOG_DEPURACION" 
   (	"ID" NUMBER, 
	"SUSCRIPTOR" VARCHAR2(50 BYTE), 
	"RESPUESTA" CLOB, 
	"ENVIO" CLOB, 
	"ESTADO_TRANSACCION" VARCHAR2(255 BYTE), 
	"DESCRIPCION_ESTADO" VARCHAR2(4000 BYTE), 
	"FECHA_TRANSACCION" TIMESTAMP (6), 
	"TIPO_TRANSACCION" VARCHAR2(50 BYTE), 
	"ID_METODO" NUMBER, 
	"ID_USUARIO_SISTEMA" NUMBER, 
	"ID_RESPUESTA" NUMBER
   ) SEGMENT CREATION IMMEDIATE 
  PCTFREE 10 PCTUSED 40 INITRANS 1 MAXTRANS 255 NOCOMPRESS LOGGING
  STORAGE(INITIAL 65536 NEXT 1048576 MINEXTENTS 1 MAXEXTENTS 2147483645
  PCTINCREASE 0 FREELISTS 1 FREELIST GROUPS 1 BUFFER_POOL DEFAULT FLASH_CACHE DEFAULT CELL_FLASH_CACHE DEFAULT)
  TABLESPACE "USERS" 
 LOB ("RESPUESTA") STORE AS BASICFILE (
  TABLESPACE "USERS" ENABLE STORAGE IN ROW CHUNK 8192 PCTVERSION 10
  NOCACHE LOGGING 
  STORAGE(INITIAL 65536 NEXT 1048576 MINEXTENTS 1 MAXEXTENTS 2147483645
  PCTINCREASE 0 FREELISTS 1 FREELIST GROUPS 1 BUFFER_POOL DEFAULT FLASH_CACHE DEFAULT CELL_FLASH_CACHE DEFAULT)) 
 LOB ("ENVIO") STORE AS BASICFILE (
  TABLESPACE "USERS" ENABLE STORAGE IN ROW CHUNK 8192 PCTVERSION 10
  NOCACHE LOGGING 
  STORAGE(INITIAL 65536 NEXT 1048576 MINEXTENTS 1 MAXEXTENTS 2147483645
  PCTINCREASE 0 FREELISTS 1 FREELIST GROUPS 1 BUFFER_POOL DEFAULT FLASH_CACHE DEFAULT CELL_FLASH_CACHE DEFAULT)) ;
 

   COMMENT ON COLUMN "AVANTIA"."SDA_LOG_DEPURACION"."ID" IS 'pk de la tabla de SDA_LOG_DEPURACION';
 
   COMMENT ON COLUMN "AVANTIA"."SDA_LOG_DEPURACION"."SUSCRIPTOR" IS 'numero de telefono que se desea depurar';
 
   COMMENT ON COLUMN "AVANTIA"."SDA_LOG_DEPURACION"."RESPUESTA" IS 'respuesta obtenida al invocar al metodo web del servicio de los agregadores';
 
   COMMENT ON COLUMN "AVANTIA"."SDA_LOG_DEPURACION"."ENVIO" IS 'archivo enviado al servicio de los agregadores';
 
   COMMENT ON COLUMN "AVANTIA"."SDA_LOG_DEPURACION"."ESTADO_TRANSACCION" IS 'descripcion del estado de la depuracion la cual sera mostrada en el dialogo del reporte';
 
   COMMENT ON COLUMN "AVANTIA"."SDA_LOG_DEPURACION"."FECHA_TRANSACCION" IS 'Fecha en la que fue ejecutado la depuracion';
 
   COMMENT ON COLUMN "AVANTIA"."SDA_LOG_DEPURACION"."TIPO_TRANSACCION" IS 'Tipo de depuracion ARCHIVO MASIVA UNITARIA';
 
   COMMENT ON COLUMN "AVANTIA"."SDA_LOG_DEPURACION"."ID_METODO" IS 'FK con la tabla de SDA_METODOS';
 
   COMMENT ON COLUMN "AVANTIA"."SDA_LOG_DEPURACION"."ID_USUARIO_SISTEMA" IS 'FK con la tabla de SDA_USUARIO_SISTEMA';
 
   COMMENT ON COLUMN "AVANTIA"."SDA_LOG_DEPURACION"."ID_RESPUESTA" IS 'FK con la tabla de respuesta para conocer la traza de ejecucion de la respuesta que se estaba buscando dentro del sistema';
--------------------------------------------------------
--  DDL for Table SDA_METODOS
--------------------------------------------------------

  CREATE TABLE "AVANTIA"."SDA_METODOS" 
   (	"ID" NUMBER, 
	"ID_AGREGADOR" NUMBER, 
	"METODO" NUMBER, 
	"USUARIO" VARCHAR2(255 BYTE), 
	"CONTRASENIA" VARCHAR2(255 BYTE), 
	"END_POINT" VARCHAR2(1000 BYTE), 
	"SEGURIDAD" NUMBER, 
	"INPUTMESSAGETEXT" VARCHAR2(4000 BYTE), 
	"SOAPACTIONURI" VARCHAR2(255 BYTE), 
	"CONTENT_TYPE" VARCHAR2(255 BYTE)
   ) SEGMENT CREATION IMMEDIATE 
  PCTFREE 10 PCTUSED 40 INITRANS 1 MAXTRANS 255 NOCOMPRESS LOGGING
  STORAGE(INITIAL 65536 NEXT 1048576 MINEXTENTS 1 MAXEXTENTS 2147483645
  PCTINCREASE 0 FREELISTS 1 FREELIST GROUPS 1 BUFFER_POOL DEFAULT FLASH_CACHE DEFAULT CELL_FLASH_CACHE DEFAULT)
  TABLESPACE "USERS" ;
 

   COMMENT ON COLUMN "AVANTIA"."SDA_METODOS"."ID" IS 'pk de la tabla metodos de los servicios web de los agregadores';
 
   COMMENT ON COLUMN "AVANTIA"."SDA_METODOS"."ID_AGREGADOR" IS 'fk relacion con la tabla de agregadores de los servicios web de los agregadores';
 
   COMMENT ON COLUMN "AVANTIA"."SDA_METODOS"."METODO" IS 'el id del tipo metodo del servicio web de los agregadores';
 
   COMMENT ON COLUMN "AVANTIA"."SDA_METODOS"."USUARIO" IS 'USUARIO del metodo del servicio web de los agregadores';
 
   COMMENT ON COLUMN "AVANTIA"."SDA_METODOS"."CONTRASENIA" IS 'CONTRASENIA del metodo del servicio web de los agregadores';
 
   COMMENT ON COLUMN "AVANTIA"."SDA_METODOS"."END_POINT" IS 'END_POINT del metodo del servicio web de los agregadores';
 
   COMMENT ON COLUMN "AVANTIA"."SDA_METODOS"."SEGURIDAD" IS 'SEGURIDAD significa si saldra por el puerto de http o por el puerto del https el metodo del servicio web de los agregadores';
 
   COMMENT ON COLUMN "AVANTIA"."SDA_METODOS"."INPUTMESSAGETEXT" IS 'el cuerpo del mensaje del metodo del servicio web de los agregadores';
 
   COMMENT ON COLUMN "AVANTIA"."SDA_METODOS"."SOAPACTIONURI" IS 'SOAPACTIONURI dato requerido para el parseo automatico del metodo del servicio web de los agregadores';
 
   COMMENT ON COLUMN "AVANTIA"."SDA_METODOS"."CONTENT_TYPE" IS 'el tipo de contenido del asmx';
--------------------------------------------------------
--  DDL for Table SDA_PAISES
--------------------------------------------------------

  CREATE TABLE "AVANTIA"."SDA_PAISES" 
   (	"ID" NUMBER, 
	"PAIS" VARCHAR2(100 BYTE), 
	"CODIGO" VARCHAR2(10 BYTE), 
	"STATUS" NUMBER
   ) SEGMENT CREATION IMMEDIATE 
  PCTFREE 10 PCTUSED 40 INITRANS 1 MAXTRANS 255 NOCOMPRESS LOGGING
  STORAGE(INITIAL 65536 NEXT 1048576 MINEXTENTS 1 MAXEXTENTS 2147483645
  PCTINCREASE 0 FREELISTS 1 FREELIST GROUPS 1 BUFFER_POOL DEFAULT FLASH_CACHE DEFAULT CELL_FLASH_CACHE DEFAULT)
  TABLESPACE "USERS" ;
 

   COMMENT ON COLUMN "AVANTIA"."SDA_PAISES"."ID" IS 'pk de la tabla SDA_PAISES de donde sera ejecutado el agregador';
 
   COMMENT ON COLUMN "AVANTIA"."SDA_PAISES"."PAIS" IS 'El nombre del pais de donde sera ejecutado en agregador';
 
   COMMENT ON COLUMN "AVANTIA"."SDA_PAISES"."CODIGO" IS 'El codigo de pais de donde sera ejecutado en agregador';
 
   COMMENT ON COLUMN "AVANTIA"."SDA_PAISES"."STATUS" IS 'El estado del pais de donde sera ejecutado en agregador';
--------------------------------------------------------
--  DDL for Table SDA_PARAMETROS
--------------------------------------------------------

  CREATE TABLE "AVANTIA"."SDA_PARAMETROS" 
   (	"ID" NUMBER, 
	"NOMBRE" VARCHAR2(255 BYTE), 
	"ID_METODO" NUMBER
   ) SEGMENT CREATION IMMEDIATE 
  PCTFREE 10 PCTUSED 40 INITRANS 1 MAXTRANS 255 NOCOMPRESS LOGGING
  STORAGE(INITIAL 65536 NEXT 1048576 MINEXTENTS 1 MAXEXTENTS 2147483645
  PCTINCREASE 0 FREELISTS 1 FREELIST GROUPS 1 BUFFER_POOL DEFAULT FLASH_CACHE DEFAULT CELL_FLASH_CACHE DEFAULT)
  TABLESPACE "USERS" ;
 

   COMMENT ON COLUMN "AVANTIA"."SDA_PARAMETROS"."ID" IS 'pk de la tabla de SDA_PARAMETROS';
 
   COMMENT ON COLUMN "AVANTIA"."SDA_PARAMETROS"."NOMBRE" IS 'nombre del parametro a enviar en el servicio web de los agregadores';
 
   COMMENT ON COLUMN "AVANTIA"."SDA_PARAMETROS"."ID_METODO" IS 'fk con la tabla de metodos';
--------------------------------------------------------
--  DDL for Table SDA_PARAMETROS_SISTEMA
--------------------------------------------------------

  CREATE TABLE "AVANTIA"."SDA_PARAMETROS_SISTEMA" 
   (	"ID" NUMBER, 
	"KEY" VARCHAR2(255 BYTE), 
	"VALUE" VARCHAR2(255 BYTE)
   ) SEGMENT CREATION IMMEDIATE 
  PCTFREE 10 PCTUSED 40 INITRANS 1 MAXTRANS 255 NOCOMPRESS LOGGING
  STORAGE(INITIAL 65536 NEXT 1048576 MINEXTENTS 1 MAXEXTENTS 2147483645
  PCTINCREASE 0 FREELISTS 1 FREELIST GROUPS 1 BUFFER_POOL DEFAULT FLASH_CACHE DEFAULT CELL_FLASH_CACHE DEFAULT)
  TABLESPACE "USERS" ;
 

   COMMENT ON COLUMN "AVANTIA"."SDA_PARAMETROS_SISTEMA"."ID" IS 'pk de la tabla de SDA_PARAMETROS_SISTEMA';
 
   COMMENT ON COLUMN "AVANTIA"."SDA_PARAMETROS_SISTEMA"."KEY" IS 'nombre del parametro que sera utilizado dentro del sistema';
 
   COMMENT ON COLUMN "AVANTIA"."SDA_PARAMETROS_SISTEMA"."VALUE" IS 'valor del parametro que sera utilizado dentro del sistema';
--------------------------------------------------------
--  DDL for Table SDA_RESPUESTAS
--------------------------------------------------------

  CREATE TABLE "AVANTIA"."SDA_RESPUESTAS" 
   (	"ID" NUMBER, 
	"NOMBRE" VARCHAR2(255 BYTE), 
	"ID_RESPUESTA" NUMBER, 
	"ID_METODO" NUMBER
   ) SEGMENT CREATION IMMEDIATE 
  PCTFREE 10 PCTUSED 40 INITRANS 1 MAXTRANS 255 NOCOMPRESS LOGGING
  STORAGE(INITIAL 65536 NEXT 1048576 MINEXTENTS 1 MAXEXTENTS 2147483645
  PCTINCREASE 0 FREELISTS 1 FREELIST GROUPS 1 BUFFER_POOL DEFAULT FLASH_CACHE DEFAULT CELL_FLASH_CACHE DEFAULT)
  TABLESPACE "USERS" ;
 

   COMMENT ON COLUMN "AVANTIA"."SDA_RESPUESTAS"."ID" IS 'pk de la tabla de SDA_RESPUESTAS';
 
   COMMENT ON COLUMN "AVANTIA"."SDA_RESPUESTAS"."NOMBRE" IS 'nombre del parametro a recibir el servicio web de los agregadores cada uno de estos sera guardado en la tabla de logs';
 
   COMMENT ON COLUMN "AVANTIA"."SDA_RESPUESTAS"."ID_RESPUESTA" IS 'fk con la tabla de SDA_CAT_RESPUESTAS';
 
   COMMENT ON COLUMN "AVANTIA"."SDA_RESPUESTAS"."ID_METODO" IS 'fk con la tabla de metodos';
--------------------------------------------------------
--  DDL for Table SDA_RESULTADOS_RESPUESTA
--------------------------------------------------------

  CREATE TABLE "AVANTIA"."SDA_RESULTADOS_RESPUESTA" 
   (	"ID" NUMBER, 
	"ID_RESPUESTA" NUMBER, 
	"VALOR" VARCHAR2(255 BYTE), 
	"DATO" VARCHAR2(20 BYTE), 
	"ID_RESULTADO" NUMBER
   ) SEGMENT CREATION IMMEDIATE 
  PCTFREE 10 PCTUSED 40 INITRANS 1 MAXTRANS 255 NOCOMPRESS LOGGING
  STORAGE(INITIAL 65536 NEXT 1048576 MINEXTENTS 1 MAXEXTENTS 2147483645
  PCTINCREASE 0 FREELISTS 1 FREELIST GROUPS 1 BUFFER_POOL DEFAULT FLASH_CACHE DEFAULT CELL_FLASH_CACHE DEFAULT)
  TABLESPACE "USERS" ;
 

   COMMENT ON COLUMN "AVANTIA"."SDA_RESULTADOS_RESPUESTA"."ID" IS 'pk de la tabla de SDA_RESPUESTAS';
 
   COMMENT ON COLUMN "AVANTIA"."SDA_RESULTADOS_RESPUESTA"."ID_RESPUESTA" IS 'fk con la tabla de SDA_RESPUESTAS';
 
   COMMENT ON COLUMN "AVANTIA"."SDA_RESULTADOS_RESPUESTA"."VALOR" IS 'el VALOR que se considerara con el dato que se espera retorne en la respuesta';
 
   COMMENT ON COLUMN "AVANTIA"."SDA_RESULTADOS_RESPUESTA"."DATO" IS 'el dato que se espera retorne en la respuesta';
 
   COMMENT ON COLUMN "AVANTIA"."SDA_RESULTADOS_RESPUESTA"."ID_RESULTADO" IS 'fk con la tabla de SDA_CAT_RESULTADOS';
--------------------------------------------------------
--  DDL for Table SDA_USUARIO_SISTEMA
--------------------------------------------------------

  CREATE TABLE "AVANTIA"."SDA_USUARIO_SISTEMA" 
   (	"ID" NUMBER, 
	"USUARIO" VARCHAR2(255 BYTE), 
	"ESTADO" NUMBER
   ) SEGMENT CREATION IMMEDIATE 
  PCTFREE 10 PCTUSED 40 INITRANS 1 MAXTRANS 255 NOCOMPRESS LOGGING
  STORAGE(INITIAL 65536 NEXT 1048576 MINEXTENTS 1 MAXEXTENTS 2147483645
  PCTINCREASE 0 FREELISTS 1 FREELIST GROUPS 1 BUFFER_POOL DEFAULT FLASH_CACHE DEFAULT CELL_FLASH_CACHE DEFAULT)
  TABLESPACE "USERS" ;
 

   COMMENT ON COLUMN "AVANTIA"."SDA_USUARIO_SISTEMA"."ID" IS 'pk de la tabla de SDA_USUARIO_SISTEMA';
 
   COMMENT ON COLUMN "AVANTIA"."SDA_USUARIO_SISTEMA"."USUARIO" IS 'nombre del usuario con permisos de entrar al sistema';
 
   COMMENT ON COLUMN "AVANTIA"."SDA_USUARIO_SISTEMA"."ESTADO" IS 'estado del usuario con permisos de entrar al sistema';
REM INSERTING into AVANTIA.CLIENTE_TEL
SET DEFINE OFF;
REM INSERTING into AVANTIA.DEMO
SET DEFINE OFF;
REM INSERTING into AVANTIA.SDA_AGREGADORES
SET DEFINE OFF;
Insert into AVANTIA.SDA_AGREGADORES (ID,NOMBRE_AGREGADOR,ESTADO,ID_PAIS) values (85,'OPRATEL',1,5);
Insert into AVANTIA.SDA_AGREGADORES (ID,NOMBRE_AGREGADOR,ESTADO,ID_PAIS) values (86,'TELEVIDA',1,5);
Insert into AVANTIA.SDA_AGREGADORES (ID,NOMBRE_AGREGADOR,ESTADO,ID_PAIS) values (87,'SMT',1,5);
Insert into AVANTIA.SDA_AGREGADORES (ID,NOMBRE_AGREGADOR,ESTADO,ID_PAIS) values (77,'OPRATEL',1,3);
Insert into AVANTIA.SDA_AGREGADORES (ID,NOMBRE_AGREGADOR,ESTADO,ID_PAIS) values (70,'BIZNET (CELUMANIX)',1,3);
Insert into AVANTIA.SDA_AGREGADORES (ID,NOMBRE_AGREGADOR,ESTADO,ID_PAIS) values (71,'CONTENTAMOBILE',1,3);
Insert into AVANTIA.SDA_AGREGADORES (ID,NOMBRE_AGREGADOR,ESTADO,ID_PAIS) values (72,'GRUPO M',1,3);
Insert into AVANTIA.SDA_AGREGADORES (ID,NOMBRE_AGREGADOR,ESTADO,ID_PAIS) values (73,'INTERACTIVE MEDIA',0,3);
Insert into AVANTIA.SDA_AGREGADORES (ID,NOMBRE_AGREGADOR,ESTADO,ID_PAIS) values (75,'NEOMOBILE',1,3);
Insert into AVANTIA.SDA_AGREGADORES (ID,NOMBRE_AGREGADOR,ESTADO,ID_PAIS) values (69,'BITE',1,3);
Insert into AVANTIA.SDA_AGREGADORES (ID,NOMBRE_AGREGADOR,ESTADO,ID_PAIS) values (1,'MOBILE',1,1);
Insert into AVANTIA.SDA_AGREGADORES (ID,NOMBRE_AGREGADOR,ESTADO,ID_PAIS) values (2,'CONTENTAMOBILE',1,1);
Insert into AVANTIA.SDA_AGREGADORES (ID,NOMBRE_AGREGADOR,ESTADO,ID_PAIS) values (3,'TELEVIDA',1,1);
Insert into AVANTIA.SDA_AGREGADORES (ID,NOMBRE_AGREGADOR,ESTADO,ID_PAIS) values (5,'WIRELES IDEA',1,1);
Insert into AVANTIA.SDA_AGREGADORES (ID,NOMBRE_AGREGADOR,ESTADO,ID_PAIS) values (6,'WAU',1,1);
Insert into AVANTIA.SDA_AGREGADORES (ID,NOMBRE_AGREGADOR,ESTADO,ID_PAIS) values (7,'TECH4MOBILE',1,1);
Insert into AVANTIA.SDA_AGREGADORES (ID,NOMBRE_AGREGADOR,ESTADO,ID_PAIS) values (9,'ZED',1,1);
Insert into AVANTIA.SDA_AGREGADORES (ID,NOMBRE_AGREGADOR,ESTADO,ID_PAIS) values (10,'BINBIT',1,1);
Insert into AVANTIA.SDA_AGREGADORES (ID,NOMBRE_AGREGADOR,ESTADO,ID_PAIS) values (11,'TIMWE',1,1);
Insert into AVANTIA.SDA_AGREGADORES (ID,NOMBRE_AGREGADOR,ESTADO,ID_PAIS) values (12,'OPRATEL',1,1);
Insert into AVANTIA.SDA_AGREGADORES (ID,NOMBRE_AGREGADOR,ESTADO,ID_PAIS) values (13,'MOVIXLA',1,1);
Insert into AVANTIA.SDA_AGREGADORES (ID,NOMBRE_AGREGADOR,ESTADO,ID_PAIS) values (14,'GRUPO M',1,1);
Insert into AVANTIA.SDA_AGREGADORES (ID,NOMBRE_AGREGADOR,ESTADO,ID_PAIS) values (15,'XURPAS',0,1);
Insert into AVANTIA.SDA_AGREGADORES (ID,NOMBRE_AGREGADOR,ESTADO,ID_PAIS) values (16,'SMS AMERICAS',1,1);
Insert into AVANTIA.SDA_AGREGADORES (ID,NOMBRE_AGREGADOR,ESTADO,ID_PAIS) values (17,'WORLD2 MOBILE',0,1);
Insert into AVANTIA.SDA_AGREGADORES (ID,NOMBRE_AGREGADOR,ESTADO,ID_PAIS) values (19,'CRONOS',1,1);
Insert into AVANTIA.SDA_AGREGADORES (ID,NOMBRE_AGREGADOR,ESTADO,ID_PAIS) values (20,'PINGSA',1,1);
Insert into AVANTIA.SDA_AGREGADORES (ID,NOMBRE_AGREGADOR,ESTADO,ID_PAIS) values (22,'BIZNET (CELUMANIX)',1,1);
Insert into AVANTIA.SDA_AGREGADORES (ID,NOMBRE_AGREGADOR,ESTADO,ID_PAIS) values (23,'VAS LATIN',0,1);
Insert into AVANTIA.SDA_AGREGADORES (ID,NOMBRE_AGREGADOR,ESTADO,ID_PAIS) values (24,'NEOMOBILE',1,1);
Insert into AVANTIA.SDA_AGREGADORES (ID,NOMBRE_AGREGADOR,ESTADO,ID_PAIS) values (26,'SMT',1,1);
Insert into AVANTIA.SDA_AGREGADORES (ID,NOMBRE_AGREGADOR,ESTADO,ID_PAIS) values (27,'BINBIT',1,2);
Insert into AVANTIA.SDA_AGREGADORES (ID,NOMBRE_AGREGADOR,ESTADO,ID_PAIS) values (28,'BITWORKS',1,2);
Insert into AVANTIA.SDA_AGREGADORES (ID,NOMBRE_AGREGADOR,ESTADO,ID_PAIS) values (29,'BIZNET (CELUMANIX)',0,2);
Insert into AVANTIA.SDA_AGREGADORES (ID,NOMBRE_AGREGADOR,ESTADO,ID_PAIS) values (30,'CONTENTAMOBILE',1,2);
Insert into AVANTIA.SDA_AGREGADORES (ID,NOMBRE_AGREGADOR,ESTADO,ID_PAIS) values (32,'CRONOS',1,2);
Insert into AVANTIA.SDA_AGREGADORES (ID,NOMBRE_AGREGADOR,ESTADO,ID_PAIS) values (34,'GRUPO M',1,2);
Insert into AVANTIA.SDA_AGREGADORES (ID,NOMBRE_AGREGADOR,ESTADO,ID_PAIS) values (35,'MOBILE',1,2);
Insert into AVANTIA.SDA_AGREGADORES (ID,NOMBRE_AGREGADOR,ESTADO,ID_PAIS) values (36,'MOVIXLA',1,2);
Insert into AVANTIA.SDA_AGREGADORES (ID,NOMBRE_AGREGADOR,ESTADO,ID_PAIS) values (37,'OPRATEL',1,2);
Insert into AVANTIA.SDA_AGREGADORES (ID,NOMBRE_AGREGADOR,ESTADO,ID_PAIS) values (40,'TEAM SOURCING',1,2);
Insert into AVANTIA.SDA_AGREGADORES (ID,NOMBRE_AGREGADOR,ESTADO,ID_PAIS) values (41,'TELEVIDA',1,2);
Insert into AVANTIA.SDA_AGREGADORES (ID,NOMBRE_AGREGADOR,ESTADO,ID_PAIS) values (42,'TIMWE',1,2);
Insert into AVANTIA.SDA_AGREGADORES (ID,NOMBRE_AGREGADOR,ESTADO,ID_PAIS) values (43,'VAS LATIN',0,2);
Insert into AVANTIA.SDA_AGREGADORES (ID,NOMBRE_AGREGADOR,ESTADO,ID_PAIS) values (49,'BIZNET_CELUMANIX',1,4);
Insert into AVANTIA.SDA_AGREGADORES (ID,NOMBRE_AGREGADOR,ESTADO,ID_PAIS) values (50,'CONTENTAMOBILE',1,4);
Insert into AVANTIA.SDA_AGREGADORES (ID,NOMBRE_AGREGADOR,ESTADO,ID_PAIS) values (51,'CRONOS',1,4);
Insert into AVANTIA.SDA_AGREGADORES (ID,NOMBRE_AGREGADOR,ESTADO,ID_PAIS) values (52,'GRUPO_M',1,4);
Insert into AVANTIA.SDA_AGREGADORES (ID,NOMBRE_AGREGADOR,ESTADO,ID_PAIS) values (53,'MEDIA_INTERACTIVA',1,4);
Insert into AVANTIA.SDA_AGREGADORES (ID,NOMBRE_AGREGADOR,ESTADO,ID_PAIS) values (54,'MOBILE',1,4);
Insert into AVANTIA.SDA_AGREGADORES (ID,NOMBRE_AGREGADOR,ESTADO,ID_PAIS) values (55,'MOVIXLA',1,4);
Insert into AVANTIA.SDA_AGREGADORES (ID,NOMBRE_AGREGADOR,ESTADO,ID_PAIS) values (56,'NEOMOBILE',1,4);
Insert into AVANTIA.SDA_AGREGADORES (ID,NOMBRE_AGREGADOR,ESTADO,ID_PAIS) values (57,'NETMOVILE',1,4);
Insert into AVANTIA.SDA_AGREGADORES (ID,NOMBRE_AGREGADOR,ESTADO,ID_PAIS) values (58,'OPRATEL',1,4);
Insert into AVANTIA.SDA_AGREGADORES (ID,NOMBRE_AGREGADOR,ESTADO,ID_PAIS) values (59,'SMS_AMERICAS',1,4);
Insert into AVANTIA.SDA_AGREGADORES (ID,NOMBRE_AGREGADOR,ESTADO,ID_PAIS) values (60,'TELENICA',1,4);
Insert into AVANTIA.SDA_AGREGADORES (ID,NOMBRE_AGREGADOR,ESTADO,ID_PAIS) values (61,'TELEVIDA',1,4);
Insert into AVANTIA.SDA_AGREGADORES (ID,NOMBRE_AGREGADOR,ESTADO,ID_PAIS) values (62,'TEMOGLO',1,4);
Insert into AVANTIA.SDA_AGREGADORES (ID,NOMBRE_AGREGADOR,ESTADO,ID_PAIS) values (63,'TIMWE',1,4);
Insert into AVANTIA.SDA_AGREGADORES (ID,NOMBRE_AGREGADOR,ESTADO,ID_PAIS) values (64,'VAS_LATIN',0,4);
Insert into AVANTIA.SDA_AGREGADORES (ID,NOMBRE_AGREGADOR,ESTADO,ID_PAIS) values (65,'WAU',1,4);
Insert into AVANTIA.SDA_AGREGADORES (ID,NOMBRE_AGREGADOR,ESTADO,ID_PAIS) values (66,'WIRELES_IDEA',1,4);
Insert into AVANTIA.SDA_AGREGADORES (ID,NOMBRE_AGREGADOR,ESTADO,ID_PAIS) values (68,'ZED',1,4);
Insert into AVANTIA.SDA_AGREGADORES (ID,NOMBRE_AGREGADOR,ESTADO,ID_PAIS) values (74,'MOBILE',1,3);
Insert into AVANTIA.SDA_AGREGADORES (ID,NOMBRE_AGREGADOR,ESTADO,ID_PAIS) values (78,'SMT',1,2);
Insert into AVANTIA.SDA_AGREGADORES (ID,NOMBRE_AGREGADOR,ESTADO,ID_PAIS) values (79,'SMT',1,3);
Insert into AVANTIA.SDA_AGREGADORES (ID,NOMBRE_AGREGADOR,ESTADO,ID_PAIS) values (80,'SMT',1,4);
Insert into AVANTIA.SDA_AGREGADORES (ID,NOMBRE_AGREGADOR,ESTADO,ID_PAIS) values (81,'CONTENTAMOBILE',1,5);
Insert into AVANTIA.SDA_AGREGADORES (ID,NOMBRE_AGREGADOR,ESTADO,ID_PAIS) values (83,'GRUPO M',1,5);
Insert into AVANTIA.SDA_AGREGADORES (ID,NOMBRE_AGREGADOR,ESTADO,ID_PAIS) values (84,'MOBILE',1,5);
Insert into AVANTIA.SDA_AGREGADORES (ID,NOMBRE_AGREGADOR,ESTADO,ID_PAIS) values (90,'CDC',1,3);
Insert into AVANTIA.SDA_AGREGADORES (ID,NOMBRE_AGREGADOR,ESTADO,ID_PAIS) values (91,'CDC',1,4);
Insert into AVANTIA.SDA_AGREGADORES (ID,NOMBRE_AGREGADOR,ESTADO,ID_PAIS) values (88,'CDC',0,1);
Insert into AVANTIA.SDA_AGREGADORES (ID,NOMBRE_AGREGADOR,ESTADO,ID_PAIS) values (89,'CDC',1,2);
Insert into AVANTIA.SDA_AGREGADORES (ID,NOMBRE_AGREGADOR,ESTADO,ID_PAIS) values (92,'CDC',1,5);
REM INSERTING into AVANTIA.SDA_CAT_RESPUESTAS
SET DEFINE OFF;
Insert into AVANTIA.SDA_CAT_RESPUESTAS (ID,NOMBRE) values (7,'anyType');
Insert into AVANTIA.SDA_CAT_RESPUESTAS (ID,NOMBRE) values (1,'item');
Insert into AVANTIA.SDA_CAT_RESPUESTAS (ID,NOMBRE) values (2,'ns1:resultCode');
Insert into AVANTIA.SDA_CAT_RESPUESTAS (ID,NOMBRE) values (3,'Resp');
Insert into AVANTIA.SDA_CAT_RESPUESTAS (ID,NOMBRE) values (4,'Value');
Insert into AVANTIA.SDA_CAT_RESPUESTAS (ID,NOMBRE) values (5,'Return');
Insert into AVANTIA.SDA_CAT_RESPUESTAS (ID,NOMBRE) values (6,'string');
Insert into AVANTIA.SDA_CAT_RESPUESTAS (ID,NOMBRE) values (8,'ns1:statusCode');
REM INSERTING into AVANTIA.SDA_CAT_RESULTADOS
SET DEFINE OFF;
Insert into AVANTIA.SDA_CAT_RESULTADOS (ID,DATO,VALOR) values (1,'0','Fallo');
Insert into AVANTIA.SDA_CAT_RESULTADOS (ID,DATO,VALOR) values (2,'1','Exito');
Insert into AVANTIA.SDA_CAT_RESULTADOS (ID,DATO,VALOR) values (3,'2','the msisdn format is wrong');
Insert into AVANTIA.SDA_CAT_RESULTADOS (ID,DATO,VALOR) values (4,'3','the msisdn is not existed (for delete black list)');
Insert into AVANTIA.SDA_CAT_RESULTADOS (ID,DATO,VALOR) values (5,'4','the ASPID is not existed');
Insert into AVANTIA.SDA_CAT_RESULTADOS (ID,DATO,VALOR) values (6,'1','the msisdn has already existed');
Insert into AVANTIA.SDA_CAT_RESULTADOS (ID,DATO,VALOR) values (7,'5','the serviceID is not existed');
Insert into AVANTIA.SDA_CAT_RESULTADOS (ID,DATO,VALOR) values (8,'9','system SMT error');
REM INSERTING into AVANTIA.SDA_LOG_DEPURACION
SET DEFINE OFF;
Insert into AVANTIA.SDA_LOG_DEPURACION (ID,SUSCRIPTOR,ESTADO_TRANSACCION,DESCRIPCION_ESTADO,FECHA_TRANSACCION,TIPO_TRANSACCION,ID_METODO,ID_USUARIO_SISTEMA,ID_RESPUESTA) values (954,'50488522081','VERIFICAR','NO SE ENCONTRO EL VALOR PARAMETRIZADO DENTRO DE LA RESPUESTA RECIBIDA',to_timestamp('27/11/14 18:18:07.172000000','DD/MM/RR HH24:MI:SSXFF'),'Servicio Web',1,1,195);
Insert into AVANTIA.SDA_LOG_DEPURACION (ID,SUSCRIPTOR,ESTADO_TRANSACCION,DESCRIPCION_ESTADO,FECHA_TRANSACCION,TIPO_TRANSACCION,ID_METODO,ID_USUARIO_SISTEMA,ID_RESPUESTA) values (955,'50488522081','SIN SERVICIOS','SIN SERVICIOS ACTIVOS',to_timestamp('27/11/14 18:18:07.218000000','DD/MM/RR HH24:MI:SSXFF'),'Servicio Web',2,1,190);
Insert into AVANTIA.SDA_LOG_DEPURACION (ID,SUSCRIPTOR,ESTADO_TRANSACCION,DESCRIPCION_ESTADO,FECHA_TRANSACCION,TIPO_TRANSACCION,ID_METODO,ID_USUARIO_SISTEMA,ID_RESPUESTA) values (937,'50431914277','SIN SERVICIOS','SIN SERVICIOS ACTIVOS',to_timestamp('27/11/14 18:10:12.271000000','DD/MM/RR HH24:MI:SSXFF'),'Servicio Web',2,1,202);
Insert into AVANTIA.SDA_LOG_DEPURACION (ID,SUSCRIPTOR,ESTADO_TRANSACCION,DESCRIPCION_ESTADO,FECHA_TRANSACCION,TIPO_TRANSACCION,ID_METODO,ID_USUARIO_SISTEMA,ID_RESPUESTA) values (953,'50488522081','Fallo','EJECUCION EXITOSA',to_timestamp('27/11/14 18:18:06.181000000','DD/MM/RR HH24:MI:SSXFF'),'Servicio Web',1,1,186);
Insert into AVANTIA.SDA_LOG_DEPURACION (ID,SUSCRIPTOR,ESTADO_TRANSACCION,DESCRIPCION_ESTADO,FECHA_TRANSACCION,TIPO_TRANSACCION,ID_METODO,ID_USUARIO_SISTEMA,ID_RESPUESTA) values (958,'50488522081','SIN SERVICIOS','SIN SERVICIOS ACTIVOS',to_timestamp('27/11/14 18:18:07.252000000','DD/MM/RR HH24:MI:SSXFF'),'Servicio Web',2,1,187);
Insert into AVANTIA.SDA_LOG_DEPURACION (ID,SUSCRIPTOR,ESTADO_TRANSACCION,DESCRIPCION_ESTADO,FECHA_TRANSACCION,TIPO_TRANSACCION,ID_METODO,ID_USUARIO_SISTEMA,ID_RESPUESTA) values (960,'50488522081','SIN SERVICIOS','SIN SERVICIOS ACTIVOS',to_timestamp('27/11/14 18:18:08.209000000','DD/MM/RR HH24:MI:SSXFF'),'Servicio Web',2,1,196);
Insert into AVANTIA.SDA_LOG_DEPURACION (ID,SUSCRIPTOR,ESTADO_TRANSACCION,DESCRIPCION_ESTADO,FECHA_TRANSACCION,TIPO_TRANSACCION,ID_METODO,ID_USUARIO_SISTEMA,ID_RESPUESTA) values (961,'50488522081','ERROR','ERROR AL INVOCAR EL METODO SIN SEGURIDAD',to_timestamp('27/11/14 18:18:36.170000000','DD/MM/RR HH24:MI:SSXFF'),'Servicio Web',1,1,207);
Insert into AVANTIA.SDA_LOG_DEPURACION (ID,SUSCRIPTOR,ESTADO_TRANSACCION,DESCRIPCION_ESTADO,FECHA_TRANSACCION,TIPO_TRANSACCION,ID_METODO,ID_USUARIO_SISTEMA,ID_RESPUESTA) values (964,'50488522081','ERROR','ERROR AL INVOCAR EL METODO SIN SEGURIDAD',to_timestamp('27/11/14 18:19:07.240000000','DD/MM/RR HH24:MI:SSXFF'),'Servicio Web',3,1,233);
Insert into AVANTIA.SDA_LOG_DEPURACION (ID,SUSCRIPTOR,ESTADO_TRANSACCION,DESCRIPCION_ESTADO,FECHA_TRANSACCION,TIPO_TRANSACCION,ID_METODO,ID_USUARIO_SISTEMA,ID_RESPUESTA) values (1032,'50433126502','Fallo','EJECUCION EXITOSA',to_timestamp('27/11/14 20:35:14.865000000','DD/MM/RR HH24:MI:SSXFF'),'Servicio Web',1,1,192);
Insert into AVANTIA.SDA_LOG_DEPURACION (ID,SUSCRIPTOR,ESTADO_TRANSACCION,DESCRIPCION_ESTADO,FECHA_TRANSACCION,TIPO_TRANSACCION,ID_METODO,ID_USUARIO_SISTEMA,ID_RESPUESTA) values (1033,'50433126502','SIN SERVICIOS','SIN SERVICIOS ACTIVOS',to_timestamp('27/11/14 20:35:14.922000000','DD/MM/RR HH24:MI:SSXFF'),'Servicio Web',2,1,205);
Insert into AVANTIA.SDA_LOG_DEPURACION (ID,SUSCRIPTOR,ESTADO_TRANSACCION,DESCRIPCION_ESTADO,FECHA_TRANSACCION,TIPO_TRANSACCION,ID_METODO,ID_USUARIO_SISTEMA,ID_RESPUESTA) values (1034,'50433126502','SIN SERVICIOS','SIN SERVICIOS ACTIVOS',to_timestamp('27/11/14 20:35:15.123000000','DD/MM/RR HH24:MI:SSXFF'),'Servicio Web',2,1,187);
Insert into AVANTIA.SDA_LOG_DEPURACION (ID,SUSCRIPTOR,ESTADO_TRANSACCION,DESCRIPCION_ESTADO,FECHA_TRANSACCION,TIPO_TRANSACCION,ID_METODO,ID_USUARIO_SISTEMA,ID_RESPUESTA) values (1035,'50433126502','SIN SERVICIOS','SIN SERVICIOS ACTIVOS',to_timestamp('27/11/14 20:35:15.314000000','DD/MM/RR HH24:MI:SSXFF'),'Servicio Web',2,1,202);
Insert into AVANTIA.SDA_LOG_DEPURACION (ID,SUSCRIPTOR,ESTADO_TRANSACCION,DESCRIPCION_ESTADO,FECHA_TRANSACCION,TIPO_TRANSACCION,ID_METODO,ID_USUARIO_SISTEMA,ID_RESPUESTA) values (1036,'50433126502','SIN SERVICIOS','SIN SERVICIOS ACTIVOS',to_timestamp('27/11/14 20:35:15.923000000','DD/MM/RR HH24:MI:SSXFF'),'Servicio Web',2,1,193);
Insert into AVANTIA.SDA_LOG_DEPURACION (ID,SUSCRIPTOR,ESTADO_TRANSACCION,DESCRIPCION_ESTADO,FECHA_TRANSACCION,TIPO_TRANSACCION,ID_METODO,ID_USUARIO_SISTEMA,ID_RESPUESTA) values (1029,'50433126502','Fallo','EJECUCION EXITOSA',to_timestamp('27/11/14 20:35:13.777000000','DD/MM/RR HH24:MI:SSXFF'),'Servicio Web',1,1,204);
Insert into AVANTIA.SDA_LOG_DEPURACION (ID,SUSCRIPTOR,ESTADO_TRANSACCION,DESCRIPCION_ESTADO,FECHA_TRANSACCION,TIPO_TRANSACCION,ID_METODO,ID_USUARIO_SISTEMA,ID_RESPUESTA) values (1030,'50433126502','Fallo','EJECUCION EXITOSA',to_timestamp('27/11/14 20:35:14.066000000','DD/MM/RR HH24:MI:SSXFF'),'Servicio Web',1,1,186);
Insert into AVANTIA.SDA_LOG_DEPURACION (ID,SUSCRIPTOR,ESTADO_TRANSACCION,DESCRIPCION_ESTADO,FECHA_TRANSACCION,TIPO_TRANSACCION,ID_METODO,ID_USUARIO_SISTEMA,ID_RESPUESTA) values (1031,'50433126502','Exito','EJECUCION EXITOSA',to_timestamp('27/11/14 20:35:14.267000000','DD/MM/RR HH24:MI:SSXFF'),'Servicio Web',1,1,201);
Insert into AVANTIA.SDA_LOG_DEPURACION (ID,SUSCRIPTOR,ESTADO_TRANSACCION,DESCRIPCION_ESTADO,FECHA_TRANSACCION,TIPO_TRANSACCION,ID_METODO,ID_USUARIO_SISTEMA,ID_RESPUESTA) values (1037,'50433126502','Exito','EJECUCION EXITOSA',to_timestamp('27/11/14 20:35:17.173000000','DD/MM/RR HH24:MI:SSXFF'),'Servicio Web',1,1,189);
Insert into AVANTIA.SDA_LOG_DEPURACION (ID,SUSCRIPTOR,ESTADO_TRANSACCION,DESCRIPCION_ESTADO,FECHA_TRANSACCION,TIPO_TRANSACCION,ID_METODO,ID_USUARIO_SISTEMA,ID_RESPUESTA) values (1038,'50433126502','Fallo','EJECUCION EXITOSA',to_timestamp('27/11/14 20:35:19.251000000','DD/MM/RR HH24:MI:SSXFF'),'Servicio Web',3,1,191);
Insert into AVANTIA.SDA_LOG_DEPURACION (ID,SUSCRIPTOR,ESTADO_TRANSACCION,DESCRIPCION_ESTADO,FECHA_TRANSACCION,TIPO_TRANSACCION,ID_METODO,ID_USUARIO_SISTEMA,ID_RESPUESTA) values (1039,'50433126502','Fallo','EJECUCION EXITOSA',to_timestamp('27/11/14 20:35:26.719000000','DD/MM/RR HH24:MI:SSXFF'),'Servicio Web',1,1,195);
Insert into AVANTIA.SDA_LOG_DEPURACION (ID,SUSCRIPTOR,ESTADO_TRANSACCION,DESCRIPCION_ESTADO,FECHA_TRANSACCION,TIPO_TRANSACCION,ID_METODO,ID_USUARIO_SISTEMA,ID_RESPUESTA) values (1040,'50433126502','ERROR','ERROR AL INVOCAR EL METODO SIN SEGURIDAD',to_timestamp('27/11/14 20:35:43.607000000','DD/MM/RR HH24:MI:SSXFF'),'Servicio Web',1,1,232);
Insert into AVANTIA.SDA_LOG_DEPURACION (ID,SUSCRIPTOR,ESTADO_TRANSACCION,DESCRIPCION_ESTADO,FECHA_TRANSACCION,TIPO_TRANSACCION,ID_METODO,ID_USUARIO_SISTEMA,ID_RESPUESTA) values (1041,'50433126502','ERROR','ERROR AL INVOCAR EL METODO SIN SEGURIDAD',to_timestamp('27/11/14 20:35:43.967000000','DD/MM/RR HH24:MI:SSXFF'),'Servicio Web',1,1,207);
Insert into AVANTIA.SDA_LOG_DEPURACION (ID,SUSCRIPTOR,ESTADO_TRANSACCION,DESCRIPCION_ESTADO,FECHA_TRANSACCION,TIPO_TRANSACCION,ID_METODO,ID_USUARIO_SISTEMA,ID_RESPUESTA) values (1042,'50433126502','SIN SERVICIOS','SIN SERVICIOS ACTIVOS',to_timestamp('27/11/14 20:36:00.781000000','DD/MM/RR HH24:MI:SSXFF'),'Servicio Web',2,1,196);
Insert into AVANTIA.SDA_LOG_DEPURACION (ID,SUSCRIPTOR,ESTADO_TRANSACCION,DESCRIPCION_ESTADO,FECHA_TRANSACCION,TIPO_TRANSACCION,ID_METODO,ID_USUARIO_SISTEMA,ID_RESPUESTA) values (1043,'50433126502','ERROR','ERROR AL INVOCAR EL METODO SIN SEGURIDAD',to_timestamp('27/11/14 20:36:14.647000000','DD/MM/RR HH24:MI:SSXFF'),'Servicio Web',3,1,233);
Insert into AVANTIA.SDA_LOG_DEPURACION (ID,SUSCRIPTOR,ESTADO_TRANSACCION,DESCRIPCION_ESTADO,FECHA_TRANSACCION,TIPO_TRANSACCION,ID_METODO,ID_USUARIO_SISTEMA,ID_RESPUESTA) values (1044,'50433126502','ERROR','ERROR AL INVOCAR EL METODO SIN SEGURIDAD',to_timestamp('27/11/14 20:36:15.019000000','DD/MM/RR HH24:MI:SSXFF'),'Servicio Web',2,1,208);
Insert into AVANTIA.SDA_LOG_DEPURACION (ID,SUSCRIPTOR,ESTADO_TRANSACCION,DESCRIPCION_ESTADO,FECHA_TRANSACCION,TIPO_TRANSACCION,ID_METODO,ID_USUARIO_SISTEMA,ID_RESPUESTA) values (940,'50431914277','SIN SERVICIOS','SIN SERVICIOS ACTIVOS',to_timestamp('27/11/14 18:10:14.228000000','DD/MM/RR HH24:MI:SSXFF'),'Servicio Web',2,1,190);
Insert into AVANTIA.SDA_LOG_DEPURACION (ID,SUSCRIPTOR,ESTADO_TRANSACCION,DESCRIPCION_ESTADO,FECHA_TRANSACCION,TIPO_TRANSACCION,ID_METODO,ID_USUARIO_SISTEMA,ID_RESPUESTA) values (951,'50488522081','VERIFICAR','NO SE ENCONTRO EL VALOR PARAMETRIZADO DENTRO DE LA RESPUESTA RECIBIDA',to_timestamp('27/11/14 18:18:06.176000000','DD/MM/RR HH24:MI:SSXFF'),'Servicio Web',1,1,201);
Insert into AVANTIA.SDA_LOG_DEPURACION (ID,SUSCRIPTOR,ESTADO_TRANSACCION,DESCRIPCION_ESTADO,FECHA_TRANSACCION,TIPO_TRANSACCION,ID_METODO,ID_USUARIO_SISTEMA,ID_RESPUESTA) values (957,'50488522081','SIN SERVICIOS','SIN SERVICIOS ACTIVOS',to_timestamp('27/11/14 18:18:07.236000000','DD/MM/RR HH24:MI:SSXFF'),'Servicio Web',2,1,205);
Insert into AVANTIA.SDA_LOG_DEPURACION (ID,SUSCRIPTOR,ESTADO_TRANSACCION,DESCRIPCION_ESTADO,FECHA_TRANSACCION,TIPO_TRANSACCION,ID_METODO,ID_USUARIO_SISTEMA,ID_RESPUESTA) values (936,'50431914277','Exito','EJECUCION EXITOSA',to_timestamp('27/11/14 18:10:11.130000000','DD/MM/RR HH24:MI:SSXFF'),'Servicio Web',1,1,189);
Insert into AVANTIA.SDA_LOG_DEPURACION (ID,SUSCRIPTOR,ESTADO_TRANSACCION,DESCRIPCION_ESTADO,FECHA_TRANSACCION,TIPO_TRANSACCION,ID_METODO,ID_USUARIO_SISTEMA,ID_RESPUESTA) values (938,'50431914277','Fallo','EJECUCION EXITOSA',to_timestamp('27/11/14 18:10:12.220000000','DD/MM/RR HH24:MI:SSXFF'),'Servicio Web',1,1,192);
Insert into AVANTIA.SDA_LOG_DEPURACION (ID,SUSCRIPTOR,ESTADO_TRANSACCION,DESCRIPCION_ESTADO,FECHA_TRANSACCION,TIPO_TRANSACCION,ID_METODO,ID_USUARIO_SISTEMA,ID_RESPUESTA) values (952,'50488522081','VERIFICAR','NO SE ENCONTRO EL VALOR PARAMETRIZADO DENTRO DE LA RESPUESTA RECIBIDA',to_timestamp('27/11/14 18:18:06.181000000','DD/MM/RR HH24:MI:SSXFF'),'Servicio Web',1,1,192);
Insert into AVANTIA.SDA_LOG_DEPURACION (ID,SUSCRIPTOR,ESTADO_TRANSACCION,DESCRIPCION_ESTADO,FECHA_TRANSACCION,TIPO_TRANSACCION,ID_METODO,ID_USUARIO_SISTEMA,ID_RESPUESTA) values (956,'50488522081','SIN SERVICIOS','SIN SERVICIOS ACTIVOS',to_timestamp('27/11/14 18:18:07.236000000','DD/MM/RR HH24:MI:SSXFF'),'Servicio Web',2,1,202);
Insert into AVANTIA.SDA_LOG_DEPURACION (ID,SUSCRIPTOR,ESTADO_TRANSACCION,DESCRIPCION_ESTADO,FECHA_TRANSACCION,TIPO_TRANSACCION,ID_METODO,ID_USUARIO_SISTEMA,ID_RESPUESTA) values (933,'50431914277','Exito','EJECUCION EXITOSA',to_timestamp('27/11/14 18:10:11.129000000','DD/MM/RR HH24:MI:SSXFF'),'Servicio Web',1,1,204);
Insert into AVANTIA.SDA_LOG_DEPURACION (ID,SUSCRIPTOR,ESTADO_TRANSACCION,DESCRIPCION_ESTADO,FECHA_TRANSACCION,TIPO_TRANSACCION,ID_METODO,ID_USUARIO_SISTEMA,ID_RESPUESTA) values (934,'50431914277','Exito','EJECUCION EXITOSA',to_timestamp('27/11/14 18:10:11.129000000','DD/MM/RR HH24:MI:SSXFF'),'Servicio Web',1,1,201);
Insert into AVANTIA.SDA_LOG_DEPURACION (ID,SUSCRIPTOR,ESTADO_TRANSACCION,DESCRIPCION_ESTADO,FECHA_TRANSACCION,TIPO_TRANSACCION,ID_METODO,ID_USUARIO_SISTEMA,ID_RESPUESTA) values (935,'50431914277','SIN SERVICIOS','SIN SERVICIOS ACTIVOS',to_timestamp('27/11/14 18:10:12.239000000','DD/MM/RR HH24:MI:SSXFF'),'Servicio Web',2,1,205);
Insert into AVANTIA.SDA_LOG_DEPURACION (ID,SUSCRIPTOR,ESTADO_TRANSACCION,DESCRIPCION_ESTADO,FECHA_TRANSACCION,TIPO_TRANSACCION,ID_METODO,ID_USUARIO_SISTEMA,ID_RESPUESTA) values (946,'50431914277','ERROR','ERROR AL INVOCAR EL METODO SIN SEGURIDAD',to_timestamp('27/11/14 18:10:41.231000000','DD/MM/RR HH24:MI:SSXFF'),'Servicio Web',1,1,207);
Insert into AVANTIA.SDA_LOG_DEPURACION (ID,SUSCRIPTOR,ESTADO_TRANSACCION,DESCRIPCION_ESTADO,FECHA_TRANSACCION,TIPO_TRANSACCION,ID_METODO,ID_USUARIO_SISTEMA,ID_RESPUESTA) values (947,'50431914277','ERROR','ERROR AL INVOCAR EL METODO SIN SEGURIDAD',to_timestamp('27/11/14 18:11:12.308000000','DD/MM/RR HH24:MI:SSXFF'),'Servicio Web',3,1,233);
Insert into AVANTIA.SDA_LOG_DEPURACION (ID,SUSCRIPTOR,ESTADO_TRANSACCION,DESCRIPCION_ESTADO,FECHA_TRANSACCION,TIPO_TRANSACCION,ID_METODO,ID_USUARIO_SISTEMA,ID_RESPUESTA) values (949,'50488522081','VERIFICAR','NO SE ENCONTRO EL VALOR PARAMETRIZADO DENTRO DE LA RESPUESTA RECIBIDA',to_timestamp('27/11/14 18:18:06.170000000','DD/MM/RR HH24:MI:SSXFF'),'Servicio Web',1,1,189);
Insert into AVANTIA.SDA_LOG_DEPURACION (ID,SUSCRIPTOR,ESTADO_TRANSACCION,DESCRIPCION_ESTADO,FECHA_TRANSACCION,TIPO_TRANSACCION,ID_METODO,ID_USUARIO_SISTEMA,ID_RESPUESTA) values (939,'50431914277','Fallo','EJECUCION EXITOSA',to_timestamp('27/11/14 18:10:11.242000000','DD/MM/RR HH24:MI:SSXFF'),'Servicio Web',1,1,186);
Insert into AVANTIA.SDA_LOG_DEPURACION (ID,SUSCRIPTOR,ESTADO_TRANSACCION,DESCRIPCION_ESTADO,FECHA_TRANSACCION,TIPO_TRANSACCION,ID_METODO,ID_USUARIO_SISTEMA,ID_RESPUESTA) values (941,'50431914277','SIN SERVICIOS','SIN SERVICIOS ACTIVOS',to_timestamp('27/11/14 18:10:14.254000000','DD/MM/RR HH24:MI:SSXFF'),'Servicio Web',2,1,193);
Insert into AVANTIA.SDA_LOG_DEPURACION (ID,SUSCRIPTOR,ESTADO_TRANSACCION,DESCRIPCION_ESTADO,FECHA_TRANSACCION,TIPO_TRANSACCION,ID_METODO,ID_USUARIO_SISTEMA,ID_RESPUESTA) values (942,'50431914277','SIN SERVICIOS','SIN SERVICIOS ACTIVOS',to_timestamp('27/11/14 18:10:14.254000000','DD/MM/RR HH24:MI:SSXFF'),'Servicio Web',2,1,187);
Insert into AVANTIA.SDA_LOG_DEPURACION (ID,SUSCRIPTOR,ESTADO_TRANSACCION,DESCRIPCION_ESTADO,FECHA_TRANSACCION,TIPO_TRANSACCION,ID_METODO,ID_USUARIO_SISTEMA,ID_RESPUESTA) values (943,'50431914277','Fallo','EJECUCION EXITOSA',to_timestamp('27/11/14 18:10:26.132000000','DD/MM/RR HH24:MI:SSXFF'),'Servicio Web',1,1,195);
Insert into AVANTIA.SDA_LOG_DEPURACION (ID,SUSCRIPTOR,ESTADO_TRANSACCION,DESCRIPCION_ESTADO,FECHA_TRANSACCION,TIPO_TRANSACCION,ID_METODO,ID_USUARIO_SISTEMA,ID_RESPUESTA) values (944,'50431914277','SIN SERVICIOS','SIN SERVICIOS ACTIVOS',to_timestamp('27/11/14 18:10:36.174000000','DD/MM/RR HH24:MI:SSXFF'),'Servicio Web',2,1,196);
Insert into AVANTIA.SDA_LOG_DEPURACION (ID,SUSCRIPTOR,ESTADO_TRANSACCION,DESCRIPCION_ESTADO,FECHA_TRANSACCION,TIPO_TRANSACCION,ID_METODO,ID_USUARIO_SISTEMA,ID_RESPUESTA) values (945,'50431914277','ERROR','ERROR AL INVOCAR EL METODO SIN SEGURIDAD',to_timestamp('27/11/14 18:10:41.223000000','DD/MM/RR HH24:MI:SSXFF'),'Servicio Web',1,1,232);
Insert into AVANTIA.SDA_LOG_DEPURACION (ID,SUSCRIPTOR,ESTADO_TRANSACCION,DESCRIPCION_ESTADO,FECHA_TRANSACCION,TIPO_TRANSACCION,ID_METODO,ID_USUARIO_SISTEMA,ID_RESPUESTA) values (948,'50431914277','ERROR','ERROR AL INVOCAR EL METODO SIN SEGURIDAD',to_timestamp('27/11/14 18:11:12.325000000','DD/MM/RR HH24:MI:SSXFF'),'Servicio Web',2,1,208);
Insert into AVANTIA.SDA_LOG_DEPURACION (ID,SUSCRIPTOR,ESTADO_TRANSACCION,DESCRIPCION_ESTADO,FECHA_TRANSACCION,TIPO_TRANSACCION,ID_METODO,ID_USUARIO_SISTEMA,ID_RESPUESTA) values (950,'50488522081','VERIFICAR','NO SE ENCONTRO EL VALOR PARAMETRIZADO DENTRO DE LA RESPUESTA RECIBIDA',to_timestamp('27/11/14 18:18:06.171000000','DD/MM/RR HH24:MI:SSXFF'),'Servicio Web',1,1,204);
Insert into AVANTIA.SDA_LOG_DEPURACION (ID,SUSCRIPTOR,ESTADO_TRANSACCION,DESCRIPCION_ESTADO,FECHA_TRANSACCION,TIPO_TRANSACCION,ID_METODO,ID_USUARIO_SISTEMA,ID_RESPUESTA) values (959,'50488522081','SIN SERVICIOS','SIN SERVICIOS ACTIVOS',to_timestamp('27/11/14 18:18:07.252000000','DD/MM/RR HH24:MI:SSXFF'),'Servicio Web',2,1,193);
Insert into AVANTIA.SDA_LOG_DEPURACION (ID,SUSCRIPTOR,ESTADO_TRANSACCION,DESCRIPCION_ESTADO,FECHA_TRANSACCION,TIPO_TRANSACCION,ID_METODO,ID_USUARIO_SISTEMA,ID_RESPUESTA) values (962,'50488522081','ERROR','ERROR AL INVOCAR EL METODO SIN SEGURIDAD',to_timestamp('27/11/14 18:18:36.183000000','DD/MM/RR HH24:MI:SSXFF'),'Servicio Web',1,1,232);
Insert into AVANTIA.SDA_LOG_DEPURACION (ID,SUSCRIPTOR,ESTADO_TRANSACCION,DESCRIPCION_ESTADO,FECHA_TRANSACCION,TIPO_TRANSACCION,ID_METODO,ID_USUARIO_SISTEMA,ID_RESPUESTA) values (963,'50488522081','ERROR','ERROR AL INVOCAR EL METODO SIN SEGURIDAD',to_timestamp('27/11/14 18:19:07.232000000','DD/MM/RR HH24:MI:SSXFF'),'Servicio Web',2,1,208);
REM INSERTING into AVANTIA.SDA_METODOS
SET DEFINE OFF;
Insert into AVANTIA.SDA_METODOS (ID,ID_AGREGADOR,METODO,USUARIO,CONTRASENIA,END_POINT,SEGURIDAD,INPUTMESSAGETEXT,SOAPACTIONURI,CONTENT_TYPE) values (6,22,2,null,'qwio2012;','http://146.82.89.83/WSSuscripcionesClaroRegional/WebService.asmx',0,'<soapenv:Envelope xmlns:xsi="http://www.w3.org/2001/XMLSchema-instance" xmlns:xsd="http://www.w3.org/2001/XMLSchema" xmlns:soapenv="http://schemas.xmlsoap.org/soap/envelope/" xmlns:tem="http://tempuri.org/"><soapenv:Header/><soapenv:Body><tem:consultaServicios soapenv:encodingStyle="http://schemas.xmlsoap.org/soap/encoding/"><movil xsi:type="xsd:string">_*movil_*</movil><pass xsi:type="xsd:string">_*pass_*</pass></tem:consultaServicios></soapenv:Body></soapenv:Envelope>','tem:consultaServicios','text/xml;charset=UTF-8');
Insert into AVANTIA.SDA_METODOS (ID,ID_AGREGADOR,METODO,USUARIO,CONTRASENIA,END_POINT,SEGURIDAD,INPUTMESSAGETEXT,SOAPACTIONURI,CONTENT_TYPE) values (7,22,3,null,'qwio2012;','http://146.82.89.83/WSSuscripcionesClaroRegional/WebService.asmx',0,'<soapenv:Envelope xmlns:xsi="http://www.w3.org/2001/XMLSchema-instance" xmlns:xsd="http://www.w3.org/2001/XMLSchema" xmlns:soapenv="http://schemas.xmlsoap.org/soap/envelope/" xmlns:tem="http://tempuri.org/"><soapenv:Header/><soapenv:Body><tem:bajaServicios soapenv:encodingStyle="http://schemas.xmlsoap.org/soap/encoding/"><movil xsi:type="xsd:string">_*movil_*</movil><servicio xsi:type="xsd:string">_*servicio_*</servicio><mcorta xsi:type="xsd:string">_*mcorta_*</mcorta><pass xsi:type="xsd:string">_*pass_*</pass></tem:bajaServicios></soapenv:Body></soapenv:Envelope>','tem:bajaServicios','text/xml;charset=UTF-8');
Insert into AVANTIA.SDA_METODOS (ID,ID_AGREGADOR,METODO,USUARIO,CONTRASENIA,END_POINT,SEGURIDAD,INPUTMESSAGETEXT,SOAPACTIONURI,CONTENT_TYPE) values (8,2,1,'7182818284','7182818284','http://callcenter2.contentamobile.com/server.php',0,'<soapenv:Envelope xmlns:xsi="http://www.w3.org/2001/XMLSchema-instance" xmlns:xsd="http://www.w3.org/2001/XMLSchema" xmlns:soapenv="http://schemas.xmlsoap.org/soap/envelope/" xmlns:urn="urn:ListaNegrawsdl"><soapenv:Header/><soapenv:Body><urn:listaNegra soapenv:encodingStyle="http://schemas.xmlsoap.org/soap/encoding/"><movil xsi:type="xsd:string">_*movil_*</movil><operacion xsi:type="xsd:string">_*operacion_*</operacion><pass xsi:type="xsd:string">_*pass_*</pass></urn:listaNegra></soapenv:Body></soapenv:Envelope>','urn:listaNegra',null);
Insert into AVANTIA.SDA_METODOS (ID,ID_AGREGADOR,METODO,USUARIO,CONTRASENIA,END_POINT,SEGURIDAD,INPUTMESSAGETEXT,SOAPACTIONURI,CONTENT_TYPE) values (9,2,2,'7182818284','7182818284','http://callcenter2.contentamobile.com/server.php',0,'<soapenv:Envelope xmlns:xsi="http://www.w3.org/2001/XMLSchema-instance" xmlns:xsd="http://www.w3.org/2001/XMLSchema" xmlns:soapenv="http://schemas.xmlsoap.org/soap/envelope/" xmlns:urn="urn:consultaservicioswsdl"><soapenv:Header/><soapenv:Body><urn:consultaServicios soapenv:encodingStyle="http://schemas.xmlsoap.org/soap/encoding/"><movil xsi:type="xsd:string">_*movil_*</movil><pass xsi:type="xsd:string">_*pass_*</pass></urn:consultaServicios></soapenv:Body></soapenv:Envelope>','urn:consultaServicios',null);
Insert into AVANTIA.SDA_METODOS (ID,ID_AGREGADOR,METODO,USUARIO,CONTRASENIA,END_POINT,SEGURIDAD,INPUTMESSAGETEXT,SOAPACTIONURI,CONTENT_TYPE) values (10,2,3,'7182818284','7182818284','http://callcenter2.contentamobile.com/server.php',0,'<soapenv:Envelope xmlns:xsi="http://www.w3.org/2001/XMLSchema-instance" xmlns:xsd="http://www.w3.org/2001/XMLSchema" xmlns:soapenv="http://schemas.xmlsoap.org/soap/envelope/" xmlns:urn="urn:BajaServicioswsdl"><soapenv:Header/><soapenv:Body><urn:bajaServicios soapenv:encodingStyle="http://schemas.xmlsoap.org/soap/encoding/"><movil xsi:type="xsd:string">_*movil_*</movil><servicio xsi:type="xsd:string">_*servicio_*</servicio><mcorta xsi:type="xsd:string">_*mcorta_*</mcorta><pass xsi:type="xsd:string">_*pass_*</pass></urn:bajaServicios></soapenv:Body></soapenv:Envelope>','urn:bajaServicios',null);
Insert into AVANTIA.SDA_METODOS (ID,ID_AGREGADOR,METODO,USUARIO,CONTRASENIA,END_POINT,SEGURIDAD,INPUTMESSAGETEXT,SOAPACTIONURI,CONTENT_TYPE) values (184,64,1,null,'nc#Cb411','http://wsbjopt.vaslatin.com:8080/wsBajasClaro/wsBajasVasLatinClaro.php',0,'<soapenv:Envelope xmlns:xsi="http://www.w3.org/2001/XMLSchema-instance" xmlns:xsd="http://www.w3.org/2001/XMLSchema" xmlns:soapenv="http://schemas.xmlsoap.org/soap/envelope/" xmlns:wsb="http://wsbjopt.vaslatin.com/"><soapenv:Header/><soapenv:Body><wsb:listaNegra soapenv:encodingStyle="http://schemas.xmlsoap.org/soap/encoding/"><movil xsi:type="xsd:string">_*movil_*</movil><accion xsi:type="xsd:string">_*accion_*</accion><pass xsi:type="xsd:string">_*pass_*</pass></wsb:listaNegra></soapenv:Body></soapenv:Envelope>','wsb:listaNegra',null);
Insert into AVANTIA.SDA_METODOS (ID,ID_AGREGADOR,METODO,USUARIO,CONTRASENIA,END_POINT,SEGURIDAD,INPUTMESSAGETEXT,SOAPACTIONURI,CONTENT_TYPE) values (185,64,2,null,'nc#Cb411','http://wsbjopt.vaslatin.com:8080/wsBajasClaro/wsBajasVasLatinClaro.php',0,'<soapenv:Envelope xmlns:xsi="http://www.w3.org/2001/XMLSchema-instance" xmlns:xsd="http://www.w3.org/2001/XMLSchema" xmlns:soapenv="http://schemas.xmlsoap.org/soap/envelope/" xmlns:wsb="http://wsbjopt.vaslatin.com/"><soapenv:Header/><soapenv:Body><wsb:consultaServicios soapenv:encodingStyle="http://schemas.xmlsoap.org/soap/encoding/"><movil xsi:type="xsd:string">_*movil_*</movil><pass xsi:type="xsd:string">_*pass_*</pass></wsb:consultaServicios></soapenv:Body></soapenv:Envelope>','wsb:consultaServicios',null);
Insert into AVANTIA.SDA_METODOS (ID,ID_AGREGADOR,METODO,USUARIO,CONTRASENIA,END_POINT,SEGURIDAD,INPUTMESSAGETEXT,SOAPACTIONURI,CONTENT_TYPE) values (186,64,3,null,'nc#Cb411','http://wsbjopt.vaslatin.com:8080/wsBajasClaro/wsBajasVasLatinClaro.php',0,'<soapenv:Envelope xmlns:xsi="http://www.w3.org/2001/XMLSchema-instance" xmlns:xsd="http://www.w3.org/2001/XMLSchema" xmlns:soapenv="http://schemas.xmlsoap.org/soap/envelope/" xmlns:wsb="http://wsbjopt.vaslatin.com/"><soapenv:Header/><soapenv:Body><wsb:bajaServicios soapenv:encodingStyle="http://schemas.xmlsoap.org/soap/encoding/"><movil xsi:type="xsd:string">_*movil_*</movil><servicio xsi:type="xsd:string">_*servicio_*</servicio><mcorta xsi:type="xsd:string">_*mcorta_*</mcorta><pass xsi:type="xsd:string">_*pass_*</pass></wsb:bajaServicios></soapenv:Body></soapenv:Envelope>','wsb:bajaServicios',null);
Insert into AVANTIA.SDA_METODOS (ID,ID_AGREGADOR,METODO,USUARIO,CONTRASENIA,END_POINT,SEGURIDAD,INPUTMESSAGETEXT,SOAPACTIONURI,CONTENT_TYPE) values (187,65,1,null,'w@uCEN539','http://wauservices.waumovil.net/ServiceSubscription/SubscriptionAdmin.asmx',0,'<soapenv:Envelope xmlns:soapenv="http://schemas.xmlsoap.org/soap/envelope/" xmlns:tem="http://tempuri.org/"><soapenv:Header/><soapenv:Body><tem:listaNegra><tem:movil>_*movil_*</tem:movil><tem:accion>_*accion_*</tem:accion><tem:pass>_*pass_*</tem:pass></tem:listaNegra></soapenv:Body></soapenv:Envelope>','tem:listaNegra','text/xml;charset=UTF-8');
Insert into AVANTIA.SDA_METODOS (ID,ID_AGREGADOR,METODO,USUARIO,CONTRASENIA,END_POINT,SEGURIDAD,INPUTMESSAGETEXT,SOAPACTIONURI,CONTENT_TYPE) values (188,65,2,null,'w@uCEN539','http://wauservices.waumovil.net/ServiceSubscription/SubscriptionAdmin.asmx',0,'<soapenv:Envelope xmlns:soapenv="http://schemas.xmlsoap.org/soap/envelope/" xmlns:tem="http://tempuri.org/"><soapenv:Header/><soapenv:Body><tem:consultaServicios><tem:movil>_*movil_*</tem:movil><tem:pass>_*pass_*</tem:pass></tem:consultaServicios></soapenv:Body></soapenv:Envelope>','tem:consultaServicios','text/xml;charset=UTF-8');
Insert into AVANTIA.SDA_METODOS (ID,ID_AGREGADOR,METODO,USUARIO,CONTRASENIA,END_POINT,SEGURIDAD,INPUTMESSAGETEXT,SOAPACTIONURI,CONTENT_TYPE) values (189,65,3,null,'w@uCEN539','http://wauservices.waumovil.net/ServiceSubscription/SubscriptionAdmin.asmx',0,'<soapenv:Envelope xmlns:soapenv="http://schemas.xmlsoap.org/soap/envelope/" xmlns:tem="http://tempuri.org/"><soapenv:Header/><soapenv:Body><tem:bajaServicios><tem:movil>_*movil_*</tem:movil><tem:servicio>_*servicio_*</tem:servicio><tem:mcorta>_*mcorta_*</tem:mcorta><tem:pass>_*pass_*</tem:pass></tem:bajaServicios></soapenv:Body></soapenv:Envelope>','tem:bajaServicios','text/xml;charset=UTF-8');
Insert into AVANTIA.SDA_METODOS (ID,ID_AGREGADOR,METODO,USUARIO,CONTRASENIA,END_POINT,SEGURIDAD,INPUTMESSAGETEXT,SOAPACTIONURI,CONTENT_TYPE) values (190,66,1,null,'W1c0S3rv1c3','http://php.wirelessidea.com/claro_services/ni/ws_ni.php',0,'<soapenv:Envelope xmlns:xsi="http://www.w3.org/2001/XMLSchema-instance" xmlns:xsd="http://www.w3.org/2001/XMLSchema" xmlns:soapenv="http://schemas.xmlsoap.org/soap/envelope/" xmlns:urn="urn:claro_services_cc_ws"><soapenv:Header/><soapenv:Body><urn:listaNegra soapenv:encodingStyle="http://schemas.xmlsoap.org/soap/encoding/"><movil xsi:type="xsd:string">_*movil_*</movil><accion xsi:type="xsd:string">_*accion_*</accion><pass xsi:type="xsd:string">_*pass_*</pass></urn:listaNegra></soapenv:Body></soapenv:Envelope>','urn:listaNegra',null);
Insert into AVANTIA.SDA_METODOS (ID,ID_AGREGADOR,METODO,USUARIO,CONTRASENIA,END_POINT,SEGURIDAD,INPUTMESSAGETEXT,SOAPACTIONURI,CONTENT_TYPE) values (12,19,1,null,'neef1he7Az5thaimoojiemahChoy0v','http://hdclaro.cronos.mobi/',0,'<soapenv:Envelope xmlns:xsi="http://www.w3.org/2001/XMLSchema-instance" xmlns:xsd="http://www.w3.org/2001/XMLSchema" xmlns:soapenv="http://schemas.xmlsoap.org/soap/envelope/" xmlns:hdc="http://hdclaro.cronos.mobi/"><soapenv:Header/><soapenv:Body><hdc:listaNegra soapenv:encodingStyle="http://schemas.xmlsoap.org/soap/encoding/"><movil xsi:type="xsd:string">_*movil_*</movil><accion xsi:type="xsd:string">_*accion_*</accion><pass xsi:type="xsd:string">_*pass_*</pass></hdc:listaNegra></soapenv:Body></soapenv:Envelope>','hdc:listaNegra',null);
Insert into AVANTIA.SDA_METODOS (ID,ID_AGREGADOR,METODO,USUARIO,CONTRASENIA,END_POINT,SEGURIDAD,INPUTMESSAGETEXT,SOAPACTIONURI,CONTENT_TYPE) values (13,19,2,null,'neef1he7Az5thaimoojiemahChoy0v','http://hdclaro.cronos.mobi/',0,'<soapenv:Envelope xmlns:xsi="http://www.w3.org/2001/XMLSchema-instance" xmlns:xsd="http://www.w3.org/2001/XMLSchema" xmlns:soapenv="http://schemas.xmlsoap.org/soap/envelope/" xmlns:hdc="http://hdclaro.cronos.mobi/"><soapenv:Header/><soapenv:Body><hdc:consultaServicios soapenv:encodingStyle="http://schemas.xmlsoap.org/soap/encoding/"><movil xsi:type="xsd:string">_*movil_*</movil><pass xsi:type="xsd:string">_*pass_*</pass></hdc:consultaServicios></soapenv:Body></soapenv:Envelope>','hdc:consultaServicios',null);
Insert into AVANTIA.SDA_METODOS (ID,ID_AGREGADOR,METODO,USUARIO,CONTRASENIA,END_POINT,SEGURIDAD,INPUTMESSAGETEXT,SOAPACTIONURI,CONTENT_TYPE) values (14,19,3,null,'neef1he7Az5thaimoojiemahChoy0v','http://hdclaro.cronos.mobi/',0,'<soapenv:Envelope xmlns:xsi="http://www.w3.org/2001/XMLSchema-instance" xmlns:xsd="http://www.w3.org/2001/XMLSchema" xmlns:soapenv="http://schemas.xmlsoap.org/soap/envelope/" xmlns:hdc="http://hdclaro.cronos.mobi/"><soapenv:Header/><soapenv:Body><hdc:bajaServicios soapenv:encodingStyle="http://schemas.xmlsoap.org/soap/encoding/"><movil xsi:type="xsd:string">_*movil_*</movil><servicio xsi:type="xsd:string">_*servicio_*</servicio><mcorta xsi:type="xsd:string">_*mcorta_*</mcorta><pass xsi:type="xsd:string">_*pass_*</pass></hdc:bajaServicios></soapenv:Body></soapenv:Envelope>','hdc:bajaServicios',null);
Insert into AVANTIA.SDA_METODOS (ID,ID_AGREGADOR,METODO,USUARIO,CONTRASENIA,END_POINT,SEGURIDAD,INPUTMESSAGETEXT,SOAPACTIONURI,CONTENT_TYPE) values (18,14,1,null,'clrPsshxq678','http://ws.intertronmobile.com/Unlimited/WS.Claro.SuscripcionesSMS/service.asmx',0,'<soapenv:Envelope xmlns:soapenv="http://schemas.xmlsoap.org/soap/envelope/" xmlns:tem="http://tempuri.org/"><soapenv:Header/><soapenv:Body><tem:listaNegra><tem:movil>_*movil_*</tem:movil><tem:accion>_*accion_*</tem:accion><tem:pass>_*pass_*</tem:pass></tem:listaNegra></soapenv:Body></soapenv:Envelope>','tem:listaNegra','text/xml;charset=UTF-8');
Insert into AVANTIA.SDA_METODOS (ID,ID_AGREGADOR,METODO,USUARIO,CONTRASENIA,END_POINT,SEGURIDAD,INPUTMESSAGETEXT,SOAPACTIONURI,CONTENT_TYPE) values (19,14,2,null,'clrPsshxq678','http://ws.intertronmobile.com/Unlimited/WS.Claro.SuscripcionesSMS/service.asmx',0,'<soapenv:Envelope xmlns:soapenv="http://schemas.xmlsoap.org/soap/envelope/" xmlns:tem="http://tempuri.org/"><soapenv:Header/><soapenv:Body><tem:consultaServicios><tem:movil>_*movil_*</tem:movil><tem:pass>_*pass_*</tem:pass></tem:consultaServicios></soapenv:Body></soapenv:Envelope>','tem:consultaServicios','text/xml;charset=UTF-8');
Insert into AVANTIA.SDA_METODOS (ID,ID_AGREGADOR,METODO,USUARIO,CONTRASENIA,END_POINT,SEGURIDAD,INPUTMESSAGETEXT,SOAPACTIONURI,CONTENT_TYPE) values (20,14,3,null,'clrPsshxq678','http://ws.intertronmobile.com/Unlimited/WS.Claro.SuscripcionesSMS/service.asmx',0,'<soapenv:Envelope xmlns:soapenv="http://schemas.xmlsoap.org/soap/envelope/" xmlns:tem="http://tempuri.org/"><soapenv:Header/><soapenv:Body><tem:bajaServicios><tem:movil>_*movil_*</tem:movil><tem:servicio>_*servicio_*</tem:servicio><tem:mcorta>_*mcorta_*</tem:mcorta><tem:pass>_*pass_*</tem:pass></tem:bajaServicios></soapenv:Body></soapenv:Envelope>','tem:bajaServicios','text/xml;charset=UTF-8');
Insert into AVANTIA.SDA_METODOS (ID,ID_AGREGADOR,METODO,USUARIO,CONTRASENIA,END_POINT,SEGURIDAD,INPUTMESSAGETEXT,SOAPACTIONURI,CONTENT_TYPE) values (21,1,1,'cl4w0d.11','c45pe2','http://mobilemedios.com/wsmedios/clarogt/wsCLAGT.asmx',0,'<soapenv:Envelope xmlns:soapenv="http://schemas.xmlsoap.org/soap/envelope/" xmlns:mob="http://mobilemedios.com/"><soapenv:Header/><soapenv:Body><mob:listaNegra><mob:movil>_*movil_*</mob:movil><mob:accion>_*accion_*</mob:accion><mob:pass>_*pass_*</mob:pass></mob:listaNegra></soapenv:Body></soapenv:Envelope>','mob:listaNegra','text/xml;charset=UTF-8');
Insert into AVANTIA.SDA_METODOS (ID,ID_AGREGADOR,METODO,USUARIO,CONTRASENIA,END_POINT,SEGURIDAD,INPUTMESSAGETEXT,SOAPACTIONURI,CONTENT_TYPE) values (22,1,2,'cl4w0d.11','c45pe2','http://mobilemedios.com/wsmedios/clarogt/wsCLAGT.asmx',0,'<soapenv:Envelope xmlns:soapenv="http://schemas.xmlsoap.org/soap/envelope/" xmlns:mob="http://mobilemedios.com/"><soapenv:Header/><soapenv:Body><mob:consultaServicios><mob:movil>_*movil_*</mob:movil><mob:pass>_*pass_*</mob:pass></mob:consultaServicios></soapenv:Body></soapenv:Envelope>','mob:consultaServicios','text/xml;charset=UTF-8');
Insert into AVANTIA.SDA_METODOS (ID,ID_AGREGADOR,METODO,USUARIO,CONTRASENIA,END_POINT,SEGURIDAD,INPUTMESSAGETEXT,SOAPACTIONURI,CONTENT_TYPE) values (23,1,3,'cl4w0d.11','c45pe2','http://mobilemedios.com/wsmedios/clarogt/wsCLAGT.asmx',0,'<soapenv:Envelope xmlns:soapenv="http://schemas.xmlsoap.org/soap/envelope/" xmlns:mob="http://mobilemedios.com/"><soapenv:Header/><soapenv:Body><mob:bajaServicios><mob:movil>_*movil_*</mob:movil><mob:servicio>_*servicio_*</mob:servicio><mob:mcorta>_*mcorta_*</mob:mcorta><mob:pass>_*pass_*</mob:pass></mob:bajaServicios></soapenv:Body></soapenv:Envelope>','mob:bajaServicios','text/xml;charset=UTF-8');
Insert into AVANTIA.SDA_METODOS (ID,ID_AGREGADOR,METODO,USUARIO,CONTRASENIA,END_POINT,SEGURIDAD,INPUTMESSAGETEXT,SOAPACTIONURI,CONTENT_TYPE) values (24,13,1,null,'m75v21x06','http://prodws.services.movixla.com/movix-ws/services/MovixSubscriptionsClaroGtWS',0,'<soapenv:Envelope xmlns:xsi="http://www.w3.org/2001/XMLSchema-instance" xmlns:xsd="http://www.w3.org/2001/XMLSchema" xmlns:soapenv="http://schemas.xmlsoap.org/soap/envelope/" xmlns:wss="http://wssubscriptions.gt.claro.ws.movix.cl"><soapenv:Header/><soapenv:Body><wss:listaNegra soapenv:encodingStyle="http://schemas.xmlsoap.org/soap/encoding/"><movil xsi:type="xsd:string">_*movil_*</movil><accion xsi:type="xsd:string">_*accion_*</accion><pass xsi:type="xsd:string">_*pass_*</pass></wss:listaNegra></soapenv:Body></soapenv:Envelope>','wss:listaNegra',null);
Insert into AVANTIA.SDA_METODOS (ID,ID_AGREGADOR,METODO,USUARIO,CONTRASENIA,END_POINT,SEGURIDAD,INPUTMESSAGETEXT,SOAPACTIONURI,CONTENT_TYPE) values (25,13,2,null,'m75v21x06','http://prodws.services.movixla.com/movix-ws/services/MovixSubscriptionsClaroGtWS',0,'<soapenv:Envelope xmlns:xsi="http://www.w3.org/2001/XMLSchema-instance" xmlns:xsd="http://www.w3.org/2001/XMLSchema" xmlns:soapenv="http://schemas.xmlsoap.org/soap/envelope/" xmlns:wss="http://wssubscriptions.gt.claro.ws.movix.cl"><soapenv:Header/><soapenv:Body><wss:consultaServicios soapenv:encodingStyle="http://schemas.xmlsoap.org/soap/encoding/"><movil xsi:type="xsd:string">_*movil_*</movil><pass xsi:type="xsd:string">_*pass_*</pass></wss:consultaServicios></soapenv:Body></soapenv:Envelope>','wss:consultaServicios',null);
Insert into AVANTIA.SDA_METODOS (ID,ID_AGREGADOR,METODO,USUARIO,CONTRASENIA,END_POINT,SEGURIDAD,INPUTMESSAGETEXT,SOAPACTIONURI,CONTENT_TYPE) values (26,13,3,null,'m75v21x06','http://prodws.services.movixla.com/movix-ws/services/MovixSubscriptionsClaroGtWS',0,'<soapenv:Envelope xmlns:xsi="http://www.w3.org/2001/XMLSchema-instance" xmlns:xsd="http://www.w3.org/2001/XMLSchema" xmlns:soapenv="http://schemas.xmlsoap.org/soap/envelope/" xmlns:wss="http://wssubscriptions.gt.claro.ws.movix.cl"><soapenv:Header/><soapenv:Body><wss:bajaServicios soapenv:encodingStyle="http://schemas.xmlsoap.org/soap/encoding/"><movil xsi:type="xsd:string">_*movil_*</movil><servicio xsi:type="xsd:string">_*servicio_*</servicio><mcorta xsi:type="xsd:string">_*mcorta_*</mcorta><pass xsi:type="xsd:string">_*pass_*</pass></wss:bajaServicios></soapenv:Body></soapenv:Envelope>','wss:bajaServicios',null);
Insert into AVANTIA.SDA_METODOS (ID,ID_AGREGADOR,METODO,USUARIO,CONTRASENIA,END_POINT,SEGURIDAD,INPUTMESSAGETEXT,SOAPACTIONURI,CONTENT_TYPE) values (30,12,1,null,'cl4r0gu4t3m4l4','http://www.opratel.com/testing/ws_claro_guatemala/ws_claro.php',0,'<soapenv:Envelope xmlns:xsi="http://www.w3.org/2001/XMLSchema-instance" xmlns:xsd="http://www.w3.org/2001/XMLSchema" xmlns:soapenv="http://schemas.xmlsoap.org/soap/envelope/" xmlns:urn="urn:ListaNegrawsdl"><soapenv:Header/><soapenv:Body><urn:listaNegra soapenv:encodingStyle="http://schemas.xmlsoap.org/soap/encoding/"><movil xsi:type="xsd:string">_*movil_*</movil><accion xsi:type="xsd:string">_*accion_*</accion><pass xsi:type="xsd:string">_*pass_*</pass></urn:listaNegra></soapenv:Body></soapenv:Envelope> ','urn:listaNegra',null);
Insert into AVANTIA.SDA_METODOS (ID,ID_AGREGADOR,METODO,USUARIO,CONTRASENIA,END_POINT,SEGURIDAD,INPUTMESSAGETEXT,SOAPACTIONURI,CONTENT_TYPE) values (31,12,2,null,'cl4r0gu4t3m4l4','http://www.opratel.com/testing/ws_claro_guatemala/ws_claro.php',0,'<soapenv:Envelope xmlns:xsi="http://www.w3.org/2001/XMLSchema-instance" xmlns:xsd="http://www.w3.org/2001/XMLSchema" xmlns:soapenv="http://schemas.xmlsoap.org/soap/envelope/" xmlns:urn="urn:consultaservicioswsdl"><soapenv:Header/><soapenv:Body><urn:consultaServicios soapenv:encodingStyle="http://schemas.xmlsoap.org/soap/encoding/"><movil xsi:type="xsd:string">_*movil_*</movil><pass xsi:type="xsd:string">_*pass_*</pass></urn:consultaServicios></soapenv:Body></soapenv:Envelope>','urn:consultaServicios',null);
Insert into AVANTIA.SDA_METODOS (ID,ID_AGREGADOR,METODO,USUARIO,CONTRASENIA,END_POINT,SEGURIDAD,INPUTMESSAGETEXT,SOAPACTIONURI,CONTENT_TYPE) values (32,12,3,null,'cl4r0gu4t3m4l4','http://www.opratel.com/testing/ws_claro_guatemala/ws_claro.php',0,'<soapenv:Envelope xmlns:xsi="http://www.w3.org/2001/XMLSchema-instance" xmlns:xsd="http://www.w3.org/2001/XMLSchema" xmlns:soapenv="http://schemas.xmlsoap.org/soap/envelope/" xmlns:urn="urn:BajaServicioswsdl"><soapenv:Header/><soapenv:Body><urn:bajaServicios soapenv:encodingStyle="http://schemas.xmlsoap.org/soap/encoding/"><movil xsi:type="xsd:string">_*movil_*</movil><servicio xsi:type="xsd:string">_*servicio_*</servicio><mcorta xsi:type="xsd:string">_*mcorta_*</mcorta><pass xsi:type="xsd:string">_*pass_*</pass></urn:bajaServicios></soapenv:Body></soapenv:Envelope>','urn:bajaServicios',null);
Insert into AVANTIA.SDA_METODOS (ID,ID_AGREGADOR,METODO,USUARIO,CONTRASENIA,END_POINT,SEGURIDAD,INPUTMESSAGETEXT,SOAPACTIONURI,CONTENT_TYPE) values (34,20,1,null,')866k7@7K[Y*WGO','http://api.pingsa.com/clarogt/webService.php',0,'<soapenv:Envelope xmlns:xsi="http://www.w3.org/2001/XMLSchema-instance" xmlns:xsd="http://www.w3.org/2001/XMLSchema" xmlns:soapenv="http://schemas.xmlsoap.org/soap/envelope/"><soapenv:Header/><soapenv:Body><movil xsi:type="xsd:string">_*movil_*</movil><accion xsi:type="xsd:int">_*accion_*</accion><pass xsi:type="xsd:string">_*pass_*</pass></soapenv:Body></soapenv:Envelope>','soapenv:Body',null);
Insert into AVANTIA.SDA_METODOS (ID,ID_AGREGADOR,METODO,USUARIO,CONTRASENIA,END_POINT,SEGURIDAD,INPUTMESSAGETEXT,SOAPACTIONURI,CONTENT_TYPE) values (35,20,2,null,')866k7@7K[Y*WGO','http://api.pingsa.com/clarogt/webService.php',0,'<soapenv:Envelope xmlns:xsi="http://www.w3.org/2001/XMLSchema-instance" xmlns:xsd="http://www.w3.org/2001/XMLSchema" xmlns:soapenv="http://schemas.xmlsoap.org/soap/envelope/"><soapenv:Header/><soapenv:Body><movil xsi:type="xsd:string">_*movil_*</movil><pass xsi:type="xsd:string">_*pass_*</pass></soapenv:Body></soapenv:Envelope>','soapenv:Body',null);
Insert into AVANTIA.SDA_METODOS (ID,ID_AGREGADOR,METODO,USUARIO,CONTRASENIA,END_POINT,SEGURIDAD,INPUTMESSAGETEXT,SOAPACTIONURI,CONTENT_TYPE) values (36,20,3,null,')866k7@7K[Y*WGO','http://api.pingsa.com/clarogt/webService.php',0,'<soapenv:Envelope xmlns:xsi="http://www.w3.org/2001/XMLSchema-instance" xmlns:xsd="http://www.w3.org/2001/XMLSchema" xmlns:soapenv="http://schemas.xmlsoap.org/soap/envelope/"><soapenv:Header/><soapenv:Body><movil xsi:type="xsd:string">_*movil_*</movil><servicio xsi:type="xsd:string">_*servicio_*</servicio><mcorta xsi:type="xsd:string">_*mcorta_*</mcorta><pass xsi:type="xsd:string">_*pass_*</pass></soapenv:Body></soapenv:Envelope>','soapenv:Body',null);
Insert into AVANTIA.SDA_METODOS (ID,ID_AGREGADOR,METODO,USUARIO,CONTRASENIA,END_POINT,SEGURIDAD,INPUTMESSAGETEXT,SOAPACTIONURI,CONTENT_TYPE) values (37,16,1,null,'cl4r0_g04t3m4l4','http://reports.smsamericas.net/ws_claro/Service.php',0,'<soapenv:Envelope xmlns:xsi="http://www.w3.org/2001/XMLSchema-instance" xmlns:xsd="http://www.w3.org/2001/XMLSchema" xmlns:soapenv="http://schemas.xmlsoap.org/soap/envelope/" xmlns:sms="SMSACwsdl"><soapenv:Header/><soapenv:Body><sms:listaNegra soapenv:encodingStyle="http://schemas.xmlsoap.org/soap/encoding/"><movil xsi:type="xsd:string">_*movil_*</movil><accion xsi:type="xsd:string">_*accion_*</accion><pass xsi:type="xsd:string">_*pass_*</pass></sms:listaNegra></soapenv:Body></soapenv:Envelope>','sms:listaNegra',null);
Insert into AVANTIA.SDA_METODOS (ID,ID_AGREGADOR,METODO,USUARIO,CONTRASENIA,END_POINT,SEGURIDAD,INPUTMESSAGETEXT,SOAPACTIONURI,CONTENT_TYPE) values (38,16,2,null,'cl4r0_g04t3m4l4','http://reports.smsamericas.net/ws_claro/Service.php',0,'<soapenv:Envelope xmlns:xsi="http://www.w3.org/2001/XMLSchema-instance" xmlns:xsd="http://www.w3.org/2001/XMLSchema" xmlns:soapenv="http://schemas.xmlsoap.org/soap/envelope/" xmlns:sms="SMSACwsdl"><soapenv:Header/><soapenv:Body><sms:consultaServicios soapenv:encodingStyle="http://schemas.xmlsoap.org/soap/encoding/"><movil xsi:type="xsd:string">_*movil_*</movil><pass xsi:type="xsd:string">_*pass_*</pass></sms:consultaServicios></soapenv:Body></soapenv:Envelope>','sms:consultaServicios',null);
Insert into AVANTIA.SDA_METODOS (ID,ID_AGREGADOR,METODO,USUARIO,CONTRASENIA,END_POINT,SEGURIDAD,INPUTMESSAGETEXT,SOAPACTIONURI,CONTENT_TYPE) values (39,16,3,null,'cl4r0_g04t3m4l4','http://reports.smsamericas.net/ws_claro/Service.php',0,'<soapenv:Envelope xmlns:xsi="http://www.w3.org/2001/XMLSchema-instance" xmlns:xsd="http://www.w3.org/2001/XMLSchema" xmlns:soapenv="http://schemas.xmlsoap.org/soap/envelope/" xmlns:sms="SMSACwsdl"><soapenv:Header/><soapenv:Body><sms:bajaServicios soapenv:encodingStyle="http://schemas.xmlsoap.org/soap/encoding/"><movil xsi:type="xsd:string">_*movil_*</movil><servicio xsi:type="xsd:string">_*servicio_*</servicio><mcorta xsi:type="xsd:string">_*mcorta_*</mcorta><pass xsi:type="xsd:string">_*pass_*</pass></sms:bajaServicios></soapenv:Body></soapenv:Envelope>','sms:bajaServicios',null);
Insert into AVANTIA.SDA_METODOS (ID,ID_AGREGADOR,METODO,USUARIO,CONTRASENIA,END_POINT,SEGURIDAD,INPUTMESSAGETEXT,SOAPACTIONURI,CONTENT_TYPE) values (40,7,1,null,'wssrvasocs','http://www.tech4mobile.com/WS_ServiciosAsociados/Service.asmx',0,'<soapenv:Envelope xmlns:soapenv="http://schemas.xmlsoap.org/soap/envelope/" xmlns:tem="http://tempuri.org/"><soapenv:Header/><soapenv:Body><tem:listaNegra><tem:movil>_*movil_*</tem:movil><tem:accion>_*accion_*</tem:accion><tem:pass>_*pass_*</tem:pass></tem:listaNegra></soapenv:Body></soapenv:Envelope>','tem:listaNegra','text/xml;charset=UTF-8');
Insert into AVANTIA.SDA_METODOS (ID,ID_AGREGADOR,METODO,USUARIO,CONTRASENIA,END_POINT,SEGURIDAD,INPUTMESSAGETEXT,SOAPACTIONURI,CONTENT_TYPE) values (41,7,2,null,'wssrvasocs','http://www.tech4mobile.com/WS_ServiciosAsociados/Service.asmx',0,'<soapenv:Envelope xmlns:soapenv="http://schemas.xmlsoap.org/soap/envelope/" xmlns:tem="http://tempuri.org/"><soapenv:Header/><soapenv:Body><tem:consultaServicios><tem:movil>_*movil_*</tem:movil><tem:pass>_*pass_*</tem:pass></tem:consultaServicios></soapenv:Body></soapenv:Envelope>','tem:consultaServicios','text/xml;charset=UTF-8');
Insert into AVANTIA.SDA_METODOS (ID,ID_AGREGADOR,METODO,USUARIO,CONTRASENIA,END_POINT,SEGURIDAD,INPUTMESSAGETEXT,SOAPACTIONURI,CONTENT_TYPE) values (42,7,3,null,'wssrvasocs','http://www.tech4mobile.com/WS_ServiciosAsociados/Service.asmx',0,'<soapenv:Envelope xmlns:soapenv="http://schemas.xmlsoap.org/soap/envelope/" xmlns:tem="http://tempuri.org/"><soapenv:Header/><soapenv:Body><tem:bajaServicios><tem:movil>_*movil_*</tem:movil><tem:servicio>_*servicio_*</tem:servicio><tem:mcorta>_*mcorta_*</tem:mcorta><tem:pass>_*pass_*</tem:pass></tem:bajaServicios></soapenv:Body></soapenv:Envelope>','tem:bajaServicios','text/xml;charset=UTF-8');
Insert into AVANTIA.SDA_METODOS (ID,ID_AGREGADOR,METODO,USUARIO,CONTRASENIA,END_POINT,SEGURIDAD,INPUTMESSAGETEXT,SOAPACTIONURI,CONTENT_TYPE) values (43,3,1,null,'Pa55w0rd','http://190.111.8.113/appclaro/webService/appclaro.php',0,'<soapenv:Envelope xmlns:xsi="http://www.w3.org/2001/XMLSchema-instance" xmlns:xsd="http://www.w3.org/2001/XMLSchema" xmlns:soapenv="http://schemas.xmlsoap.org/soap/envelope/" xmlns:urn="urn:appclaro"><soapenv:Header/><soapenv:Body><urn:listaNegra soapenv:encodingStyle="http://schemas.xmlsoap.org/soap/encoding/"><movil xsi:type="xsd:string">_*movil_*</movil><accion xsi:type="xsd:string">_*accion_*</accion><pass xsi:type="xsd:string">_*pass_*</pass></urn:listaNegra></soapenv:Body></soapenv:Envelope>','urn:listaNegra',null);
Insert into AVANTIA.SDA_METODOS (ID,ID_AGREGADOR,METODO,USUARIO,CONTRASENIA,END_POINT,SEGURIDAD,INPUTMESSAGETEXT,SOAPACTIONURI,CONTENT_TYPE) values (44,3,2,null,'Pa55w0rd','http://190.111.8.113/appclaro/webService/appclaro.php',0,'<soapenv:Envelope xmlns:xsi="http://www.w3.org/2001/XMLSchema-instance" xmlns:xsd="http://www.w3.org/2001/XMLSchema" xmlns:soapenv="http://schemas.xmlsoap.org/soap/envelope/" xmlns:urn="urn:appclaro"><soapenv:Header/><soapenv:Body><urn:consultaServicios soapenv:encodingStyle="http://schemas.xmlsoap.org/soap/encoding/"><movil xsi:type="xsd:string">_*movil_*</movil><pass xsi:type="xsd:string">_*pass_*</pass></urn:consultaServicios></soapenv:Body></soapenv:Envelope>	','urn:consultaServicios',null);
Insert into AVANTIA.SDA_METODOS (ID,ID_AGREGADOR,METODO,USUARIO,CONTRASENIA,END_POINT,SEGURIDAD,INPUTMESSAGETEXT,SOAPACTIONURI,CONTENT_TYPE) values (45,3,3,null,'Pa55w0rd','http://190.111.8.113/appclaro/webService/appclaro.php',0,'<soapenv:Envelope xmlns:xsi="http://www.w3.org/2001/XMLSchema-instance" xmlns:xsd="http://www.w3.org/2001/XMLSchema" xmlns:soapenv="http://schemas.xmlsoap.org/soap/envelope/" xmlns:urn="urn:appclaro"><soapenv:Header/><soapenv:Body><urn:bajaServicios soapenv:encodingStyle="http://schemas.xmlsoap.org/soap/encoding/"><movil xsi:type="xsd:string">_*movil_*</movil><servicio xsi:type="xsd:string">_*servicio_*</servicio><mcorta xsi:type="xsd:string">_*mcorta_*</mcorta><pass xsi:type="xsd:string">_*pass_*</pass></urn:bajaServicios></soapenv:Body></soapenv:Envelope>','urn:bajaServicios',null);
Insert into AVANTIA.SDA_METODOS (ID,ID_AGREGADOR,METODO,USUARIO,CONTRASENIA,END_POINT,SEGURIDAD,INPUTMESSAGETEXT,SOAPACTIONURI,CONTENT_TYPE) values (46,11,1,null,'guaclaro1','http://neo2.and.timwe.com/util-andean-webservice-utility/services/ClaroWebServicePort',0,'<soapenv:Envelope xmlns:xsi="http://www.w3.org/2001/XMLSchema-instance" xmlns:xsd="http://www.w3.org/2001/XMLSchema" xmlns:soapenv="http://schemas.xmlsoap.org/soap/envelope/" xmlns:clar="http://claro.ws.andean.util.timwe.com"><soapenv:Header/><soapenv:Body><clar:listaNegra soapenv:encodingStyle="http://schemas.xmlsoap.org/soap/encoding/"><movil xsi:type="xsd:string">_*movil_*</movil><accion xsi:type="xsd:int">_*accion_*</accion><pass xsi:type="xsd:string">_*pass_*</pass></clar:listaNegra></soapenv:Body></soapenv:Envelope>','clar:listaNegra',null);
Insert into AVANTIA.SDA_METODOS (ID,ID_AGREGADOR,METODO,USUARIO,CONTRASENIA,END_POINT,SEGURIDAD,INPUTMESSAGETEXT,SOAPACTIONURI,CONTENT_TYPE) values (47,11,2,null,'guaclaro1','http://neo2.and.timwe.com/util-andean-webservice-utility/services/ClaroWebServicePort',0,'<soapenv:Envelope xmlns:xsi="http://www.w3.org/2001/XMLSchema-instance" xmlns:xsd="http://www.w3.org/2001/XMLSchema" xmlns:soapenv="http://schemas.xmlsoap.org/soap/envelope/" xmlns:clar="http://claro.ws.andean.util.timwe.com"><soapenv:Header/><soapenv:Body><clar:consultaServicios soapenv:encodingStyle="http://schemas.xmlsoap.org/soap/encoding/"><movil xsi:type="xsd:string">_*movil_*</movil><pass xsi:type="xsd:string">_*pass_*</pass></clar:consultaServicios></soapenv:Body></soapenv:Envelope>','clar:consultaServicios',null);
Insert into AVANTIA.SDA_METODOS (ID,ID_AGREGADOR,METODO,USUARIO,CONTRASENIA,END_POINT,SEGURIDAD,INPUTMESSAGETEXT,SOAPACTIONURI,CONTENT_TYPE) values (48,11,3,null,'guaclaro1','http://neo2.and.timwe.com/util-andean-webservice-utility/services/ClaroWebServicePort',0,'<soapenv:Envelope xmlns:xsi="http://www.w3.org/2001/XMLSchema-instance" xmlns:xsd="http://www.w3.org/2001/XMLSchema" xmlns:soapenv="http://schemas.xmlsoap.org/soap/envelope/" xmlns:clar="http://claro.ws.andean.util.timwe.com"><soapenv:Header/><soapenv:Body><clar:bajaServicios soapenv:encodingStyle="http://schemas.xmlsoap.org/soap/encoding/"><movil xsi:type="xsd:string">_*movil_*</movil><servicio xsi:type="xsd:string">_*servicio_*</servicio><mcorta xsi:type="xsd:string">_*mcorta_*</mcorta><pass xsi:type="xsd:string">_*pass_*</pass></clar:bajaServicios></soapenv:Body></soapenv:Envelope>','clar:bajaServicios',null);
Insert into AVANTIA.SDA_METODOS (ID,ID_AGREGADOR,METODO,USUARIO,CONTRASENIA,END_POINT,SEGURIDAD,INPUTMESSAGETEXT,SOAPACTIONURI,CONTENT_TYPE) values (49,23,1,null,'nc#Cb411','http://wsbjopt.vaslatin.com:8080/wsBajasClaro/wsBajasVasLatinClaro.php',0,'<soapenv:Envelope xmlns:xsi="http://www.w3.org/2001/XMLSchema-instance" xmlns:xsd="http://www.w3.org/2001/XMLSchema" xmlns:soapenv="http://schemas.xmlsoap.org/soap/envelope/" xmlns:wsb="http://wsbjopt.vaslatin.com/"><soapenv:Header/><soapenv:Body><wsb:listaNegra soapenv:encodingStyle="http://schemas.xmlsoap.org/soap/encoding/"><movil xsi:type="xsd:string">_*movil_*</movil><accion xsi:type="xsd:string">_*accion_*</accion><pass xsi:type="xsd:string">_*pass_*</pass></wsb:listaNegra></soapenv:Body></soapenv:Envelope>','wsb:listaNegra',null);
Insert into AVANTIA.SDA_METODOS (ID,ID_AGREGADOR,METODO,USUARIO,CONTRASENIA,END_POINT,SEGURIDAD,INPUTMESSAGETEXT,SOAPACTIONURI,CONTENT_TYPE) values (50,23,2,null,'nc#Cb411','http://wsbjopt.vaslatin.com:8080/wsBajasClaro/wsBajasVasLatinClaro.php',0,'<soapenv:Envelope xmlns:xsi="http://www.w3.org/2001/XMLSchema-instance" xmlns:xsd="http://www.w3.org/2001/XMLSchema" xmlns:soapenv="http://schemas.xmlsoap.org/soap/envelope/" xmlns:wsb="http://wsbjopt.vaslatin.com/"><soapenv:Header/><soapenv:Body><wsb:consultaServicios soapenv:encodingStyle="http://schemas.xmlsoap.org/soap/encoding/"><movil xsi:type="xsd:string">_*movil_*</movil><pass xsi:type="xsd:string">_*pass_*</pass></wsb:consultaServicios></soapenv:Body></soapenv:Envelope>','wsb:consultaServicios',null);
Insert into AVANTIA.SDA_METODOS (ID,ID_AGREGADOR,METODO,USUARIO,CONTRASENIA,END_POINT,SEGURIDAD,INPUTMESSAGETEXT,SOAPACTIONURI,CONTENT_TYPE) values (51,23,3,null,'nc#Cb411','http://wsbjopt.vaslatin.com:8080/wsBajasClaro/wsBajasVasLatinClaro.php',0,'<soapenv:Envelope xmlns:xsi="http://www.w3.org/2001/XMLSchema-instance" xmlns:xsd="http://www.w3.org/2001/XMLSchema" xmlns:soapenv="http://schemas.xmlsoap.org/soap/envelope/" xmlns:wsb="http://wsbjopt.vaslatin.com/"><soapenv:Header/><soapenv:Body><wsb:bajaServicios soapenv:encodingStyle="http://schemas.xmlsoap.org/soap/encoding/"><movil xsi:type="xsd:string">_*movil_*</movil><servicio xsi:type="xsd:string">_*servicio_*</servicio><mcorta xsi:type="xsd:string">_*mcorta_*</mcorta><pass xsi:type="xsd:string">_*pass_*</pass></wsb:bajaServicios></soapenv:Body></soapenv:Envelope>','wsb:bajaServicios',null);
Insert into AVANTIA.SDA_METODOS (ID,ID_AGREGADOR,METODO,USUARIO,CONTRASENIA,END_POINT,SEGURIDAD,INPUTMESSAGETEXT,SOAPACTIONURI,CONTENT_TYPE) values (52,6,1,null,'w@uCEN539','http://wauservices.waumovil.net/ServiceSubscription/SubscriptionAdmin.asmx',0,'<soapenv:Envelope xmlns:soapenv="http://schemas.xmlsoap.org/soap/envelope/" xmlns:tem="http://tempuri.org/"><soapenv:Header/><soapenv:Body><tem:listaNegra><tem:movil>_*movil_*</tem:movil><tem:accion>_*accion_*</tem:accion><tem:pass>_*pass_*</tem:pass></tem:listaNegra></soapenv:Body></soapenv:Envelope>','tem:listaNegra','text/xml;charset=UTF-8');
Insert into AVANTIA.SDA_METODOS (ID,ID_AGREGADOR,METODO,USUARIO,CONTRASENIA,END_POINT,SEGURIDAD,INPUTMESSAGETEXT,SOAPACTIONURI,CONTENT_TYPE) values (53,6,2,null,'w@uCEN539','http://wauservices.waumovil.net/ServiceSubscription/SubscriptionAdmin.asmx',0,'<soapenv:Envelope xmlns:soapenv="http://schemas.xmlsoap.org/soap/envelope/" xmlns:tem="http://tempuri.org/"><soapenv:Header/><soapenv:Body><tem:consultaServicios><tem:movil>_*movil_*</tem:movil><tem:pass>_*pass_*</tem:pass></tem:consultaServicios></soapenv:Body></soapenv:Envelope>','tem:consultaServicios','text/xml;charset=UTF-8');
Insert into AVANTIA.SDA_METODOS (ID,ID_AGREGADOR,METODO,USUARIO,CONTRASENIA,END_POINT,SEGURIDAD,INPUTMESSAGETEXT,SOAPACTIONURI,CONTENT_TYPE) values (54,6,3,null,'w@uCEN539','http://wauservices.waumovil.net/ServiceSubscription/SubscriptionAdmin.asmx',0,'<soapenv:Envelope xmlns:soapenv="http://schemas.xmlsoap.org/soap/envelope/" xmlns:tem="http://tempuri.org/"><soapenv:Header/><soapenv:Body><tem:bajaServicios><tem:movil>_*movil_*</tem:movil><tem:servicio>_*servicio_*</tem:servicio><tem:mcorta>_*mcorta_*</tem:mcorta><tem:pass>_*pass_*</tem:pass></tem:bajaServicios></soapenv:Body></soapenv:Envelope>','tem:bajaServicios','text/xml;charset=UTF-8');
Insert into AVANTIA.SDA_METODOS (ID,ID_AGREGADOR,METODO,USUARIO,CONTRASENIA,END_POINT,SEGURIDAD,INPUTMESSAGETEXT,SOAPACTIONURI,CONTENT_TYPE) values (55,5,1,null,'W1c0S3rv1c3','http://php.wirelessidea.com/claro_services/gt/ws_gt.php',0,'<soapenv:Envelope xmlns:xsi="http://www.w3.org/2001/XMLSchema-instance" xmlns:xsd="http://www.w3.org/2001/XMLSchema" xmlns:soapenv="http://schemas.xmlsoap.org/soap/envelope/" xmlns:urn="urn:claro_services_cc_ws"><soapenv:Header/><soapenv:Body><urn:listaNegra soapenv:encodingStyle="http://schemas.xmlsoap.org/soap/encoding/"><movil xsi:type="xsd:string">_*movil_*</movil><accion xsi:type="xsd:string">_*accion_*</accion><pass xsi:type="xsd:string">_*pass_*</pass></urn:listaNegra></soapenv:Body></soapenv:Envelope>','urn:listaNegra',null);
Insert into AVANTIA.SDA_METODOS (ID,ID_AGREGADOR,METODO,USUARIO,CONTRASENIA,END_POINT,SEGURIDAD,INPUTMESSAGETEXT,SOAPACTIONURI,CONTENT_TYPE) values (56,5,2,null,'W1c0S3rv1c3','http://php.wirelessidea.com/claro_services/gt/ws_gt.php',0,'<soapenv:Envelope xmlns:xsi="http://www.w3.org/2001/XMLSchema-instance" xmlns:xsd="http://www.w3.org/2001/XMLSchema" xmlns:soapenv="http://schemas.xmlsoap.org/soap/envelope/" xmlns:urn="urn:claro_services_cc_ws"><soapenv:Header/><soapenv:Body><urn:consultaServicios soapenv:encodingStyle="http://schemas.xmlsoap.org/soap/encoding/"><movil xsi:type="xsd:string">_*movil_*</movil><pass xsi:type="xsd:string">_*pass_*</pass></urn:consultaServicios></soapenv:Body></soapenv:Envelope>','urn:consultaServicios',null);
Insert into AVANTIA.SDA_METODOS (ID,ID_AGREGADOR,METODO,USUARIO,CONTRASENIA,END_POINT,SEGURIDAD,INPUTMESSAGETEXT,SOAPACTIONURI,CONTENT_TYPE) values (57,5,3,null,'W1c0S3rv1c3','http://php.wirelessidea.com/claro_services/gt/ws_gt.php',0,'<soapenv:Envelope xmlns:xsi="http://www.w3.org/2001/XMLSchema-instance" xmlns:xsd="http://www.w3.org/2001/XMLSchema" xmlns:soapenv="http://schemas.xmlsoap.org/soap/envelope/" xmlns:urn="urn:claro_services_cc_ws"><soapenv:Header/><soapenv:Body><urn:bajaServicios soapenv:encodingStyle="http://schemas.xmlsoap.org/soap/encoding/"><movil xsi:type="xsd:string">_*movil_*</movil><servicio xsi:type="xsd:string">_*servicio_*</servicio><mcorta xsi:type="xsd:string">_*mcorta_*</mcorta><pass xsi:type="xsd:string">_*pass_*</pass></urn:bajaServicios></soapenv:Body></soapenv:Envelope>','urn:bajaServicios',null);
Insert into AVANTIA.SDA_METODOS (ID,ID_AGREGADOR,METODO,USUARIO,CONTRASENIA,END_POINT,SEGURIDAD,INPUTMESSAGETEXT,SOAPACTIONURI,CONTENT_TYPE) values (58,17,1,null,'$zf3RmyP','http://siglo21.conceptomovil.com/apps/suscripcion/wsc/suscrimovil_server.php',0,'<soapenv:Envelope xmlns:xsi="http://www.w3.org/2001/XMLSchema-instance" xmlns:xsd="http://www.w3.org/2001/XMLSchema" xmlns:soapenv="http://schemas.xmlsoap.org/soap/envelope/" xmlns:urn="urn:suscripcionesmovil"><soapenv:Header/><soapenv:Body><urn:listaNegra soapenv:encodingStyle="http://schemas.xmlsoap.org/soap/encoding/"><movil xsi:type="xsd:string">_*movil_*</movil><accion xsi:type="xsd:string">_*accion_*</accion><pass xsi:type="xsd:string">_*pass_*</pass></urn:listaNegra></soapenv:Body></soapenv:Envelope>','urn:listaNegra',null);
Insert into AVANTIA.SDA_METODOS (ID,ID_AGREGADOR,METODO,USUARIO,CONTRASENIA,END_POINT,SEGURIDAD,INPUTMESSAGETEXT,SOAPACTIONURI,CONTENT_TYPE) values (59,17,2,null,'$zf3RmyP','http://siglo21.conceptomovil.com/apps/suscripcion/wsc/suscrimovil_server.php',0,'<soapenv:Envelope xmlns:xsi="http://www.w3.org/2001/XMLSchema-instance" xmlns:xsd="http://www.w3.org/2001/XMLSchema" xmlns:soapenv="http://schemas.xmlsoap.org/soap/envelope/" xmlns:urn="urn:suscripcionmovil"><soapenv:Header/><soapenv:Body><urn:consultaServicios soapenv:encodingStyle="http://schemas.xmlsoap.org/soap/encoding/"><movil xsi:type="xsd:string">_*movil_*</movil><pass xsi:type="xsd:string">_*pass_*</pass></urn:consultaServicios></soapenv:Body></soapenv:Envelope>','urn:consultaServicios',null);
Insert into AVANTIA.SDA_METODOS (ID,ID_AGREGADOR,METODO,USUARIO,CONTRASENIA,END_POINT,SEGURIDAD,INPUTMESSAGETEXT,SOAPACTIONURI,CONTENT_TYPE) values (60,17,3,null,'$zf3RmyP','http://siglo21.conceptomovil.com/apps/suscripcion/wsc/suscrimovil_server.php',0,'<soapenv:Envelope xmlns:xsi="http://www.w3.org/2001/XMLSchema-instance" xmlns:xsd="http://www.w3.org/2001/XMLSchema" xmlns:soapenv="http://schemas.xmlsoap.org/soap/envelope/" xmlns:urn="urn:suscripcionmovil"><soapenv:Header/><soapenv:Body><urn:bajaServicios soapenv:encodingStyle="http://schemas.xmlsoap.org/soap/encoding/"><movil xsi:type="xsd:string">_*movil_*</movil><servicio xsi:type="xsd:string">_*servicio_*</servicio><mcorta xsi:type="xsd:string">_*mcorta_*</mcorta><pass xsi:type="xsd:string">_*pass_*</pass></urn:bajaServicios></soapenv:Body></soapenv:Envelope>','urn:bajaServicios',null);
Insert into AVANTIA.SDA_METODOS (ID,ID_AGREGADOR,METODO,USUARIO,CONTRASENIA,END_POINT,SEGURIDAD,INPUTMESSAGETEXT,SOAPACTIONURI,CONTENT_TYPE) values (61,15,1,null,'C@GT14','http://108.166.12.47',0,'<soapenv:Envelope xmlns:xsi="http://www.w3.org/2001/XMLSchema-instance" xmlns:xsd="http://www.w3.org/2001/XMLSchema" xmlns:soapenv="http://schemas.xmlsoap.org/soap/envelope/" xmlns:urn="urn:wsagregadores"><soapenv:Header/><soapenv:Body><urn:listaNegra soapenv:encodingStyle="http://schemas.xmlsoap.org/soap/encoding/"><movil xsi:type="xsd:string">_*movil_*</movil><accion xsi:type="xsd:string">_*accion_*</accion><pass xsi:type="xsd:string">_*pass_*</pass></urn:listaNegra></soapenv:Body></soapenv:Envelope>','urn:listaNegra',null);
Insert into AVANTIA.SDA_METODOS (ID,ID_AGREGADOR,METODO,USUARIO,CONTRASENIA,END_POINT,SEGURIDAD,INPUTMESSAGETEXT,SOAPACTIONURI,CONTENT_TYPE) values (1,26,1,'PA00000737','Admin111','https://hub.americamovil.com/sag/services/blackgrayService',1,'<soapenv:Envelope xmlns:soapenv="http://schemas.xmlsoap.org/soap/envelope/" xmlns:loc="http://www.csapi.org/schema/parlayx/blackgray/v1_0/local"><soapenv:Header><wsse:Security xmlns:wsse="http://docs.oasis-open.org/wss/2004/01/oasis-200401-wss-wssecurity-secext-1.0.xsd"><wsse:UsernameToken xmlns:wsu="http://docs.oasis-open.org/wss/2004/01/oasis-200401-wss-wssecurity-utility-1.0.xsd"><wsse:Username>_*user_*</wsse:Username><wsse:Password Type="...#PasswordDigest">_*passSMT_*</wsse:Password><wsse:Nonce>_*nonce_*</wsse:Nonce><wsse:Created>_*dateSMT_*</wsse:Created></wsse:UsernameToken></wsse:Security><tns:RequestSOAPHeader xmlns:tns="http://www.huawei.com.cn/schema/common/v2_1"><tns:AppId>35000001000001</tns:AppId><tns:TransId>2014011716010012345</tns:TransId><tns:OA>_*movil_*</tns:OA><tns:FA>_*movil_*</tns:FA></tns:RequestSOAPHeader></soapenv:Header><soapenv:Body><loc:deleteGrayList><loc:version>_*version_*</loc:version><loc:grayList><grayee><msisdn>_*movil_*</msisdn>    </grayee></loc:grayList></loc:deleteGrayList></soapenv:Body></soapenv:Envelope>','loc:deleteGrayList',null);
Insert into AVANTIA.SDA_METODOS (ID,ID_AGREGADOR,METODO,USUARIO,CONTRASENIA,END_POINT,SEGURIDAD,INPUTMESSAGETEXT,SOAPACTIONURI,CONTENT_TYPE) values (2,10,1,null,'ebea4edabf','http://webservices.binbit.com/claro_gt/claro_gt.php',0,'<soapenv:Envelope xmlns:xsi="http://www.w3.org/2001/XMLSchema-instance" xmlns:xsd="http://www.w3.org/2001/XMLSchema" xmlns:soapenv="http://schemas.xmlsoap.org/soap/envelope/" xmlns:clar="http://webservices.binbit.com/claro_gt/claro_gt.php"><soapenv:Header/><soapenv:Body><clar:listaNegra soapenv:encodingStyle="http://schemas.xmlsoap.org/soap/encoding/"><movil xsi:type="xsd:string">_*movil_*</movil><accion xsi:type="xsd:string">_*accion_*</accion><pass xsi:type="xsd:string">_*pass_*</pass></clar:listaNegra></soapenv:Body></soapenv:Envelope>','clar:listaNegra',null);
Insert into AVANTIA.SDA_METODOS (ID,ID_AGREGADOR,METODO,USUARIO,CONTRASENIA,END_POINT,SEGURIDAD,INPUTMESSAGETEXT,SOAPACTIONURI,CONTENT_TYPE) values (3,10,2,null,'ebea4edabf','http://webservices.binbit.com/claro_gt/claro_gt.php',0,'<soapenv:Envelope xmlns:xsi="http://www.w3.org/2001/XMLSchema-instance" xmlns:xsd="http://www.w3.org/2001/XMLSchema" xmlns:soapenv="http://schemas.xmlsoap.org/soap/envelope/" xmlns:clar="http://webservices.binbit.com/claro_gt/claro_gt.php"><soapenv:Header/><soapenv:Body><clar:consultaServicios soapenv:encodingStyle="http://schemas.xmlsoap.org/soap/encoding/"><movil xsi:type="xsd:string">_*movil_*</movil><pass xsi:type="xsd:string">_*pass_*</pass></clar:consultaServicios></soapenv:Body></soapenv:Envelope>','clar:consultaServicios',null);
Insert into AVANTIA.SDA_METODOS (ID,ID_AGREGADOR,METODO,USUARIO,CONTRASENIA,END_POINT,SEGURIDAD,INPUTMESSAGETEXT,SOAPACTIONURI,CONTENT_TYPE) values (4,10,3,null,'ebea4edabf','http://webservices.binbit.com/claro_gt/claro_gt.php',0,'<soapenv:Envelope xmlns:xsi="http://www.w3.org/2001/XMLSchema-instance" xmlns:xsd="http://www.w3.org/2001/XMLSchema" xmlns:soapenv="http://schemas.xmlsoap.org/soap/envelope/" xmlns:clar="http://webservices.binbit.com/claro_gt/claro_gt.php"><soapenv:Header/><soapenv:Body><clar:bajaServicios soapenv:encodingStyle="http://schemas.xmlsoap.org/soap/encoding/"><movil xsi:type="xsd:string">_*movil_*</movil><servicio xsi:type="xsd:string">_*servicio_*</servicio><marcacion xsi:type="xsd:string">_*marcacion_*</marcacion><pass xsi:type="xsd:string">_*pass_*</pass></clar:bajaServicios></soapenv:Body></soapenv:Envelope>','clar:bajaServicios',null);
Insert into AVANTIA.SDA_METODOS (ID,ID_AGREGADOR,METODO,USUARIO,CONTRASENIA,END_POINT,SEGURIDAD,INPUTMESSAGETEXT,SOAPACTIONURI,CONTENT_TYPE) values (5,22,1,null,'qwio2012;','http://146.82.89.83/WSSuscripcionesClaroRegional/WebService.asmx',0,'<soapenv:Envelope xmlns:xsi="http://www.w3.org/2001/XMLSchema-instance" xmlns:xsd="http://www.w3.org/2001/XMLSchema" xmlns:soapenv="http://schemas.xmlsoap.org/soap/envelope/" xmlns:tem="http://tempuri.org/"><soapenv:Header/><soapenv:Body><tem:listaNegra soapenv:encodingStyle="http://schemas.xmlsoap.org/soap/encoding/"><movil xsi:type="xsd:string">_*movil_*</movil><accion xsi:type="xsd:string">_*accion_*</accion><pass xsi:type="xsd:string">_*pass_*</pass></tem:listaNegra></soapenv:Body></soapenv:Envelope>','tem:listaNegra','text/xml;charset=UTF-8');
Insert into AVANTIA.SDA_METODOS (ID,ID_AGREGADOR,METODO,USUARIO,CONTRASENIA,END_POINT,SEGURIDAD,INPUTMESSAGETEXT,SOAPACTIONURI,CONTENT_TYPE) values (166,58,1,null,'cl4r0N1c4r4gu4','http://www.opratel.com/testing/ws_claro_nicaragua/ws_claro.php',0,'<soapenv:Envelope xmlns:xsi="http://www.w3.org/2001/XMLSchema-instance" xmlns:xsd="http://www.w3.org/2001/XMLSchema" xmlns:soapenv="http://schemas.xmlsoap.org/soap/envelope/" xmlns:urn="urn:ListaNegrawsdl"><soapenv:Header/><soapenv:Body><urn:listaNegra soapenv:encodingStyle="http://schemas.xmlsoap.org/soap/encoding/"><movil xsi:type="xsd:string">_*movil_*</movil><accion xsi:type="xsd:string">_*accion_*</accion><pass xsi:type="xsd:string">_*pass_*</pass></urn:listaNegra></soapenv:Body></soapenv:Envelope>','urn:listaNegra',null);
Insert into AVANTIA.SDA_METODOS (ID,ID_AGREGADOR,METODO,USUARIO,CONTRASENIA,END_POINT,SEGURIDAD,INPUTMESSAGETEXT,SOAPACTIONURI,CONTENT_TYPE) values (167,58,2,null,'cl4r0N1c4r4gu4','http://www.opratel.com/testing/ws_claro_nicaragua/ws_claro.php',0,'<soapenv:Envelope xmlns:xsi="http://www.w3.org/2001/XMLSchema-instance" xmlns:xsd="http://www.w3.org/2001/XMLSchema" xmlns:soapenv="http://schemas.xmlsoap.org/soap/envelope/" xmlns:urn="urn:consultaservicioswsdl"><soapenv:Header/><soapenv:Body><urn:consultaServicios soapenv:encodingStyle="http://schemas.xmlsoap.org/soap/encoding/"><movil xsi:type="xsd:string">_*movil_*</movil><pass xsi:type="xsd:string">_*pass_*</pass></urn:consultaServicios></soapenv:Body></soapenv:Envelope>','urn:consultaServicios',null);
Insert into AVANTIA.SDA_METODOS (ID,ID_AGREGADOR,METODO,USUARIO,CONTRASENIA,END_POINT,SEGURIDAD,INPUTMESSAGETEXT,SOAPACTIONURI,CONTENT_TYPE) values (168,58,3,null,'cl4r0N1c4r4gu4','http://www.opratel.com/testing/ws_claro_nicaragua/ws_claro.php',0,'<soapenv:Envelope xmlns:xsi="http://www.w3.org/2001/XMLSchema-instance" xmlns:xsd="http://www.w3.org/2001/XMLSchema" xmlns:soapenv="http://schemas.xmlsoap.org/soap/envelope/" xmlns:urn="urn:BajaServicioswsdl"><soapenv:Header/><soapenv:Body><urn:bajaServicios soapenv:encodingStyle="http://schemas.xmlsoap.org/soap/encoding/"><movil xsi:type="xsd:string">_*movil_*</movil><servicio xsi:type="xsd:string">_*servicio_*</servicio><mcorta xsi:type="xsd:string">_*mcorta_*</mcorta><pass xsi:type="xsd:string">_*pass_*</pass></urn:bajaServicios></soapenv:Body></soapenv:Envelope>','urn:bajaServicios',null);
Insert into AVANTIA.SDA_METODOS (ID,ID_AGREGADOR,METODO,USUARIO,CONTRASENIA,END_POINT,SEGURIDAD,INPUTMESSAGETEXT,SOAPACTIONURI,CONTENT_TYPE) values (169,59,1,null,'cl4r0_n1c4r4gu4','http://reports.smsamericas.net/ws_claro/Service.php',0,'<soapenv:Envelope soapenv:encodingStyle="http://schemas.xmlsoap.org/soap/encoding/" xmlns:xsi="http://www.w3.org/2001/XMLSchema-instance" xmlns:xsd="http://www.w3.org/2001/XMLSchema" xmlns:soapenv="http://schemas.xmlsoap.org/soap/envelope/" xmlns:sms="SMSACwsdl"><soapenv:Header/><soapenv:Body><sms:listaNegra><movil xsi:type="xsd:string">_*movil_*</movil><accion xsi:type="xsd:string">_*accion_*</accion><pass xsi:type="xsd:string">_*pass_*</pass></sms:listaNegra></soapenv:Body></soapenv:Envelope>','sms:listaNegra',null);
Insert into AVANTIA.SDA_METODOS (ID,ID_AGREGADOR,METODO,USUARIO,CONTRASENIA,END_POINT,SEGURIDAD,INPUTMESSAGETEXT,SOAPACTIONURI,CONTENT_TYPE) values (170,59,2,null,'cl4r0_n1c4r4gu4','http://reports.smsamericas.net/ws_claro/Service.php',0,'<soapenv:Envelope soapenv:encodingStyle="http://schemas.xmlsoap.org/soap/encoding/" xmlns:xsi="http://www.w3.org/2001/XMLSchema-instance" xmlns:xsd="http://www.w3.org/2001/XMLSchema" xmlns:soapenv="http://schemas.xmlsoap.org/soap/envelope/" xmlns:sms="SMSACwsdl"><soapenv:Header/><soapenv:Body><sms:consultaServicios><movil xsi:type="xsd:string">_*movil_*</movil><pass xsi:type="xsd:string">_*pass_*</pass></sms:consultaServicios></soapenv:Body></soapenv:Envelope>','sms:consultaServicios',null);
Insert into AVANTIA.SDA_METODOS (ID,ID_AGREGADOR,METODO,USUARIO,CONTRASENIA,END_POINT,SEGURIDAD,INPUTMESSAGETEXT,SOAPACTIONURI,CONTENT_TYPE) values (92,34,2,null,'clrPsshxq678','http://ws.intertronmobile.com/Unlimited/WS.Claro.SuscripcionesSMS/service.asmx',0,'<soapenv:Envelope xmlns:soapenv="http://schemas.xmlsoap.org/soap/envelope/" xmlns:tem="http://tempuri.org/"><soapenv:Header/><soapenv:Body><tem:consultaServicios><tem:movil>_*movil_*</tem:movil><tem:pass>_*pass_*</tem:pass></tem:consultaServicios></soapenv:Body></soapenv:Envelope>','tem:consultaServicios','text/xml;charset=UTF-8');
Insert into AVANTIA.SDA_METODOS (ID,ID_AGREGADOR,METODO,USUARIO,CONTRASENIA,END_POINT,SEGURIDAD,INPUTMESSAGETEXT,SOAPACTIONURI,CONTENT_TYPE) values (93,34,3,null,'clrPsshxq678','http://ws.intertronmobile.com/Unlimited/WS.Claro.SuscripcionesSMS/service.asmx',0,'<soapenv:Envelope xmlns:soapenv="http://schemas.xmlsoap.org/soap/envelope/" xmlns:tem="http://tempuri.org/"><soapenv:Header/><soapenv:Body><tem:bajaServicios><tem:movil>_*movil_*</tem:movil><tem:servicio>_*servicio_*</tem:servicio><tem:mcorta>_*mcorta_*</tem:mcorta><tem:pass>_*pass_*</tem:pass></tem:bajaServicios></soapenv:Body></soapenv:Envelope>','tem:bajaServicios','text/xml;charset=UTF-8');
Insert into AVANTIA.SDA_METODOS (ID,ID_AGREGADOR,METODO,USUARIO,CONTRASENIA,END_POINT,SEGURIDAD,INPUTMESSAGETEXT,SOAPACTIONURI,CONTENT_TYPE) values (146,51,3,null,'23566ed95af2d48972d9668638ba94','http://hdclaro.cronos.mobi/',0,'<soapenv:Envelope xmlns:xsi="http://www.w3.org/2001/XMLSchema-instance" xmlns:xsd="http://www.w3.org/2001/XMLSchema" xmlns:soapenv="http://schemas.xmlsoap.org/soap/envelope/" xmlns:hdc="http://hdclaro.cronos.mobi/"><soapenv:Header/><soapenv:Body><hdc:bajaServicios soapenv:encodingStyle="http://schemas.xmlsoap.org/soap/encoding/"><movil xsi:type="xsd:string">_*movil_*</movil><servicio xsi:type="xsd:string">_*servicio_*</servicio><mcorta xsi:type="xsd:string">_*mcorta_*</mcorta><pass xsi:type="xsd:string">_*pass_*</pass></hdc:bajaServicios></soapenv:Body></soapenv:Envelope>','hdc:bajaServicios',null);
Insert into AVANTIA.SDA_METODOS (ID,ID_AGREGADOR,METODO,USUARIO,CONTRASENIA,END_POINT,SEGURIDAD,INPUTMESSAGETEXT,SOAPACTIONURI,CONTENT_TYPE) values (147,52,1,null,'clrPsshxq678','http://ws.intertronmobile.com/Unlimited/WS.Claro.SuscripcionesSMS/service.asmx',0,'<soapenv:Envelope xmlns:soapenv="http://schemas.xmlsoap.org/soap/envelope/" xmlns:tem="http://tempuri.org/"><soapenv:Header/><soapenv:Body><tem:listaNegra><tem:movil>_*movil_*</tem:movil><tem:accion>_*accion_*</tem:accion><tem:pass>_*pass_*</tem:pass></tem:listaNegra></soapenv:Body></soapenv:Envelope>','tem:listaNegra','text/xml;charset=UTF-8');
Insert into AVANTIA.SDA_METODOS (ID,ID_AGREGADOR,METODO,USUARIO,CONTRASENIA,END_POINT,SEGURIDAD,INPUTMESSAGETEXT,SOAPACTIONURI,CONTENT_TYPE) values (148,52,2,null,'clrPsshxq678','http://ws.intertronmobile.com/Unlimited/WS.Claro.SuscripcionesSMS/service.asmx',0,'<soapenv:Envelope xmlns:soapenv="http://schemas.xmlsoap.org/soap/envelope/" xmlns:tem="http://tempuri.org/"><soapenv:Header/><soapenv:Body><tem:consultaServicios><tem:movil>_*movil_*</tem:movil><tem:pass>_*pass_*</tem:pass></tem:consultaServicios></soapenv:Body></soapenv:Envelope>','tem:consultaServicios','text/xml;charset=UTF-8');
Insert into AVANTIA.SDA_METODOS (ID,ID_AGREGADOR,METODO,USUARIO,CONTRASENIA,END_POINT,SEGURIDAD,INPUTMESSAGETEXT,SOAPACTIONURI,CONTENT_TYPE) values (149,52,3,null,'clrPsshxq678','http://ws.intertronmobile.com/Unlimited/WS.Claro.SuscripcionesSMS/service.asmx',0,'<soapenv:Envelope xmlns:soapenv="http://schemas.xmlsoap.org/soap/envelope/" xmlns:tem="http://tempuri.org/"><soapenv:Header/><soapenv:Body><tem:bajaServicios><tem:movil>_*movil_*</tem:movil><tem:servicio>_*servicio_*</tem:servicio><tem:mcorta>_*mcorta_*</tem:mcorta><tem:pass>_*pass_*</tem:pass></tem:bajaServicios></soapenv:Body></soapenv:Envelope>','tem:bajaServicios','text/xml;charset=UTF-8');
Insert into AVANTIA.SDA_METODOS (ID,ID_AGREGADOR,METODO,USUARIO,CONTRASENIA,END_POINT,SEGURIDAD,INPUTMESSAGETEXT,SOAPACTIONURI,CONTENT_TYPE) values (150,53,1,null,'1234','http://ws.mediainteractiva.info/CLARO-ws/MTService',0,'<soapenv:Envelope xmlns:soapenv="http://schemas.xmlsoap.org/soap/envelope/" xmlns:tem="http://tempuri.org/"><soapenv:Header/><soapenv:Body><tem:listaNegra><tem:movil>_*movil_*</tem:movil><tem:accion>_*accion_*</tem:accion><tem:pass>_*pass_*</tem:pass></tem:listaNegra></soapenv:Body></soapenv:Envelope>','tem:listaNegra',null);
Insert into AVANTIA.SDA_METODOS (ID,ID_AGREGADOR,METODO,USUARIO,CONTRASENIA,END_POINT,SEGURIDAD,INPUTMESSAGETEXT,SOAPACTIONURI,CONTENT_TYPE) values (151,53,2,null,'1234','http://ws.mediainteractiva.info/CLARO-ws/MTService',0,'<soapenv:Envelope xmlns:soapenv="http://schemas.xmlsoap.org/soap/envelope/" xmlns:tem="http://tempuri.org/"><soapenv:Header/><soapenv:Body><tem:consultaServicios><tem:movil>_*movil_*</tem:movil><tem:pass>_*pass_*</tem:pass></tem:consultaServicios></soapenv:Body></soapenv:Envelope>','tem:consultaServicios',null);
Insert into AVANTIA.SDA_METODOS (ID,ID_AGREGADOR,METODO,USUARIO,CONTRASENIA,END_POINT,SEGURIDAD,INPUTMESSAGETEXT,SOAPACTIONURI,CONTENT_TYPE) values (152,53,3,null,'1234','http://ws.mediainteractiva.info/CLARO-ws/MTService',0,'<soapenv:Envelope xmlns:soapenv="http://schemas.xmlsoap.org/soap/envelope/" xmlns:tem="http://tempuri.org/"><soapenv:Header/><soapenv:Body><tem:bajaServicios><tem:movil>_*movil_*</tem:movil><tem:servicio>_*servicio_*</tem:servicio><tem:mcorta>_*mcorta_*</tem:mcorta><tem:pass>_*pass_*</tem:pass></tem:bajaServicios></soapenv:Body></soapenv:Envelope>','tem:bajaServicios',null);
Insert into AVANTIA.SDA_METODOS (ID,ID_AGREGADOR,METODO,USUARIO,CONTRASENIA,END_POINT,SEGURIDAD,INPUTMESSAGETEXT,SOAPACTIONURI,CONTENT_TYPE) values (153,54,1,null,'n1c4G5v.0','http://mobilemedios.com/wsmedios/claroni/wsCLANI.asmx',0,'<soapenv:Envelope xmlns:soapenv="http://schemas.xmlsoap.org/soap/envelope/" xmlns:tem="http://tempuri.org/"><soapenv:Header/><soapenv:Body><tem:listaNegra><tem:movil>_*movil_*</tem:movil><tem:accion>_*accion_*</tem:accion><tem:pass>_*pass_*</tem:pass></tem:listaNegra></soapenv:Body></soapenv:Envelope>','tem:listaNegra','text/xml;charset=UTF-8');
Insert into AVANTIA.SDA_METODOS (ID,ID_AGREGADOR,METODO,USUARIO,CONTRASENIA,END_POINT,SEGURIDAD,INPUTMESSAGETEXT,SOAPACTIONURI,CONTENT_TYPE) values (154,54,2,null,'n1c4G5v.0','http://mobilemedios.com/wsmedios/claroni/wsCLANI.asmx',0,'<soapenv:Envelope xmlns:soapenv="http://schemas.xmlsoap.org/soap/envelope/" xmlns:tem="http://tempuri.org/"><soapenv:Header/><soapenv:Body><tem:consultaServicios><tem:movil>_*movil_*</tem:movil><tem:pass>_*pass_*</tem:pass></tem:consultaServicios></soapenv:Body></soapenv:Envelope>','tem:consultaServicios','text/xml;charset=UTF-8');
Insert into AVANTIA.SDA_METODOS (ID,ID_AGREGADOR,METODO,USUARIO,CONTRASENIA,END_POINT,SEGURIDAD,INPUTMESSAGETEXT,SOAPACTIONURI,CONTENT_TYPE) values (155,54,3,null,'n1c4G5v.0','http://mobilemedios.com/wsmedios/claroni/wsCLANI.asmx',0,'<soapenv:Envelope xmlns:soapenv="http://schemas.xmlsoap.org/soap/envelope/" xmlns:tem="http://tempuri.org/"><soapenv:Header/><soapenv:Body><tem:bajaServicios><tem:movil>_*movil_*</tem:movil><tem:servicio>_*servicio_*</tem:servicio><tem:mcorta>_*mcorta_*</tem:mcorta><tem:pass>_*pass_*</tem:pass></tem:bajaServicios></soapenv:Body></soapenv:Envelope>','tem:bajaServicios','text/xml;charset=UTF-8');
Insert into AVANTIA.SDA_METODOS (ID,ID_AGREGADOR,METODO,USUARIO,CONTRASENIA,END_POINT,SEGURIDAD,INPUTMESSAGETEXT,SOAPACTIONURI,CONTENT_TYPE) values (156,55,1,null,'m75v21x06','http://prodws.services.movixla.com/movix-ws/services/MovixSubscriptionsClaroNiWS',0,'<soapenv:Envelope soapenv:encodingStyle="http://schemas.xmlsoap.org/soap/encoding/" xmlns:xsi="http://www.w3.org/2001/XMLSchema-instance" xmlns:xsd="http://www.w3.org/2001/XMLSchema" xmlns:soapenv="http://schemas.xmlsoap.org/soap/envelope/" xmlns:wss="http://wssubscriptions.gt.claro.ws.movix.cl"><soapenv:Header/><soapenv:Body><wss:listaNegra><movil xsi:type="xsd:string">_*movil_*</movil><accion xsi:type="xsd:string">_*accion_*</accion><pass xsi:type="xsd:string">_*pass_*</pass></wss:listaNegra></soapenv:Body></soapenv:Envelope>','wss:listaNegra',null);
Insert into AVANTIA.SDA_METODOS (ID,ID_AGREGADOR,METODO,USUARIO,CONTRASENIA,END_POINT,SEGURIDAD,INPUTMESSAGETEXT,SOAPACTIONURI,CONTENT_TYPE) values (157,55,2,null,'m75v21x06','http://prodws.services.movixla.com/movix-ws/services/MovixSubscriptionsClaroNiWS',0,'<soapenv:Envelope soapenv:encodingStyle="http://schemas.xmlsoap.org/soap/encoding/" xmlns:xsi="http://www.w3.org/2001/XMLSchema-instance" xmlns:xsd="http://www.w3.org/2001/XMLSchema" xmlns:soapenv="http://schemas.xmlsoap.org/soap/envelope/" xmlns:wss="http://wssubscriptions.gt.claro.ws.movix.cl"><soapenv:Header/><soapenv:Body><wss:consultaServicios><movil xsi:type="xsd:string">_*movil_*</movil><pass xsi:type="xsd:string">_*pass_*</pass></wss:consultaServicios></soapenv:Body></soapenv:Envelope>','wss:consultaServicios',null);
Insert into AVANTIA.SDA_METODOS (ID,ID_AGREGADOR,METODO,USUARIO,CONTRASENIA,END_POINT,SEGURIDAD,INPUTMESSAGETEXT,SOAPACTIONURI,CONTENT_TYPE) values (120,43,2,null,'nc#Cb411','http://wsbjopt.vaslatin.com:8080/wsBajasClaro/wsBajasVasLatinClaro.php',0,'<soapenv:Envelope xmlns:xsi="http://www.w3.org/2001/XMLSchema-instance" xmlns:xsd="http://www.w3.org/2001/XMLSchema" xmlns:soapenv="http://schemas.xmlsoap.org/soap/envelope/" xmlns:wsb="http://wsbjopt.vaslatin.com/"><soapenv:Header/><soapenv:Body><wsb:consultaServicios soapenv:encodingStyle="http://schemas.xmlsoap.org/soap/encoding/"><movil xsi:type="xsd:string">_*movil_*</movil><pass xsi:type="xsd:string">_*pass_*</pass></wsb:consultaServicios></soapenv:Body></soapenv:Envelope>','wsb:consultaServicios',null);
Insert into AVANTIA.SDA_METODOS (ID,ID_AGREGADOR,METODO,USUARIO,CONTRASENIA,END_POINT,SEGURIDAD,INPUTMESSAGETEXT,SOAPACTIONURI,CONTENT_TYPE) values (125,43,3,null,'nc#Cb411','http://wsbjopt.vaslatin.com:8080/wsBajasClaro/wsBajasVasLatinClaro.php',0,'<soapenv:Envelope xmlns:xsi="http://www.w3.org/2001/XMLSchema-instance" xmlns:xsd="http://www.w3.org/2001/XMLSchema" xmlns:soapenv="http://schemas.xmlsoap.org/soap/envelope/" xmlns:wsb="http://wsbjopt.vaslatin.com/"><soapenv:Header/><soapenv:Body><wsb:bajaServicios soapenv:encodingStyle="http://schemas.xmlsoap.org/soap/encoding/"><movil xsi:type="xsd:string">_*movil_*</movil><servicio xsi:type="xsd:string">_*servicio_*</servicio><mcorta xsi:type="xsd:string">_*mcorta_*</mcorta><pass xsi:type="xsd:string">_*pass_*</pass></wsb:bajaServicios></soapenv:Body></soapenv:Envelope>','wsb:bajaServicios',null);
Insert into AVANTIA.SDA_METODOS (ID,ID_AGREGADOR,METODO,USUARIO,CONTRASENIA,END_POINT,SEGURIDAD,INPUTMESSAGETEXT,SOAPACTIONURI,CONTENT_TYPE) values (138,49,1,null,'qwio2012;','http://146.82.89.83/WSSuscripcionesClaroRegional/WebService.asmx',0,'<soapenv:Envelope xmlns:xsi="http://www.w3.org/2001/XMLSchema-instance" xmlns:xsd="http://www.w3.org/2001/XMLSchema" xmlns:soapenv="http://schemas.xmlsoap.org/soap/envelope/" xmlns:tem="http://tempuri.org/"><soapenv:Header/><soapenv:Body><tem:listaNegra soapenv:encodingStyle="http://schemas.xmlsoap.org/soap/encoding/"><movil xsi:type="xsd:string">_*movil_*</movil><accion xsi:type="xsd:string">_*accion_*</accion><pass xsi:type="xsd:string">_*pass_*</pass></tem:listaNegra></soapenv:Body></soapenv:Envelope>','tem:listaNegra','text/xml;charset=UTF-8');
Insert into AVANTIA.SDA_METODOS (ID,ID_AGREGADOR,METODO,USUARIO,CONTRASENIA,END_POINT,SEGURIDAD,INPUTMESSAGETEXT,SOAPACTIONURI,CONTENT_TYPE) values (139,49,2,null,'qwio2012;','http://146.82.89.83/WSSuscripcionesClaroRegional/WebService.asmx',0,'<soapenv:Envelope xmlns:xsi="http://www.w3.org/2001/XMLSchema-instance" xmlns:xsd="http://www.w3.org/2001/XMLSchema" xmlns:soapenv="http://schemas.xmlsoap.org/soap/envelope/" xmlns:tem="http://tempuri.org/"><soapenv:Header/><soapenv:Body><tem:consultaServicios soapenv:encodingStyle="http://schemas.xmlsoap.org/soap/encoding/"><movil xsi:type="xsd:string">_*movil_*</movil><pass xsi:type="xsd:string">_*pass_*</pass></tem:consultaServicios></soapenv:Body></soapenv:Envelope>','tem:consultaServicios','text/xml;charset=UTF-8');
Insert into AVANTIA.SDA_METODOS (ID,ID_AGREGADOR,METODO,USUARIO,CONTRASENIA,END_POINT,SEGURIDAD,INPUTMESSAGETEXT,SOAPACTIONURI,CONTENT_TYPE) values (140,49,3,null,'qwio2012;','http://146.82.89.83/WSSuscripcionesClaroRegional/WebService.asmx',0,'<soapenv:Envelope xmlns:xsi="http://www.w3.org/2001/XMLSchema-instance" xmlns:xsd="http://www.w3.org/2001/XMLSchema" xmlns:soapenv="http://schemas.xmlsoap.org/soap/envelope/" xmlns:tem="http://tempuri.org/"><soapenv:Header/><soapenv:Body><tem:bajaServicios soapenv:encodingStyle="http://schemas.xmlsoap.org/soap/encoding/"><movil xsi:type="xsd:string">_*movil_*</movil><servicio xsi:type="xsd:string">_*servicio_*</servicio><mcorta xsi:type="xsd:string">_*mcorta_*</mcorta><pass xsi:type="xsd:string">_*pass_*</pass></tem:bajaServicios></soapenv:Body></soapenv:Envelope>','tem:bajaServicios','text/xml;charset=UTF-8');
Insert into AVANTIA.SDA_METODOS (ID,ID_AGREGADOR,METODO,USUARIO,CONTRASENIA,END_POINT,SEGURIDAD,INPUTMESSAGETEXT,SOAPACTIONURI,CONTENT_TYPE) values (141,50,1,'7182818284','7182818284','http://callcenter2.contentamobile.com/server.php',0,'<soapenv:Envelope xmlns:xsi="http://www.w3.org/2001/XMLSchema-instance" xmlns:xsd="http://www.w3.org/2001/XMLSchema" xmlns:soapenv="http://schemas.xmlsoap.org/soap/envelope/" xmlns:urn="urn:ListaNegrawsdl"><soapenv:Header/><soapenv:Body><urn:listaNegra soapenv:encodingStyle="http://schemas.xmlsoap.org/soap/encoding/"><movil xsi:type="xsd:string">_*movil_*</movil><operacion xsi:type="xsd:string">_*accion_*</operacion><pass xsi:type="xsd:string">_*pass_*</pass></urn:listaNegra></soapenv:Body></soapenv:Envelope>','urn:listaNegra',null);
Insert into AVANTIA.SDA_METODOS (ID,ID_AGREGADOR,METODO,USUARIO,CONTRASENIA,END_POINT,SEGURIDAD,INPUTMESSAGETEXT,SOAPACTIONURI,CONTENT_TYPE) values (142,50,2,'7182818284','7182818284','http://callcenter2.contentamobile.com/server.php',0,'<soapenv:Envelope xmlns:xsi="http://www.w3.org/2001/XMLSchema-instance" xmlns:xsd="http://www.w3.org/2001/XMLSchema" xmlns:soapenv="http://schemas.xmlsoap.org/soap/envelope/" xmlns:urn="urn:consultaservicioswsdl"><soapenv:Header/><soapenv:Body><urn:consultaServicios soapenv:encodingStyle="http://schemas.xmlsoap.org/soap/encoding/"><movil xsi:type="xsd:string">_*movil_*</movil><pass xsi:type="xsd:string">_*pass_*</pass></urn:consultaServicios></soapenv:Body></soapenv:Envelope>','urn:consultaServicios',null);
Insert into AVANTIA.SDA_METODOS (ID,ID_AGREGADOR,METODO,USUARIO,CONTRASENIA,END_POINT,SEGURIDAD,INPUTMESSAGETEXT,SOAPACTIONURI,CONTENT_TYPE) values (143,50,3,'7182818284','7182818284','http://callcenter2.contentamobile.com/server.php',0,'<soapenv:Envelope xmlns:xsi="http://www.w3.org/2001/XMLSchema-instance" xmlns:xsd="http://www.w3.org/2001/XMLSchema" xmlns:soapenv="http://schemas.xmlsoap.org/soap/envelope/" xmlns:urn="urn:BajaServicioswsdl"><soapenv:Header/><soapenv:Body><urn:bajaServicios soapenv:encodingStyle="http://schemas.xmlsoap.org/soap/encoding/"><movil xsi:type="xsd:string">_*movil_*</movil><servicio xsi:type="xsd:string">_*servicio_*</servicio><mcorta xsi:type="xsd:string">_*mcorta_*</mcorta><pass xsi:type="xsd:string">_*pass_*</pass></urn:bajaServicios></soapenv:Body></soapenv:Envelope>','urn:bajaServicios',null);
Insert into AVANTIA.SDA_METODOS (ID,ID_AGREGADOR,METODO,USUARIO,CONTRASENIA,END_POINT,SEGURIDAD,INPUTMESSAGETEXT,SOAPACTIONURI,CONTENT_TYPE) values (144,51,1,null,'23566ed95af2d48972d9668638ba94','http://hdclaro.cronos.mobi/',0,'<soapenv:Envelope soapenv:encodingStyle="http://schemas.xmlsoap.org/soap/encoding/" xmlns:xsi="http://www.w3.org/2001/XMLSchema-instance" xmlns:xsd="http://www.w3.org/2001/XMLSchema" xmlns:soapenv="http://schemas.xmlsoap.org/soap/envelope/" xmlns:hdc="http://hdclaro.cronos.mobi/"><soapenv:Header/><soapenv:Body><hdc:listaNegra><movil xsi:type="xsd:string">_*movil_*</movil><accion xsi:type="xsd:string">_*accion_*</accion><pass xsi:type="xsd:string">_*pass_*</pass></hdc:listaNegra></soapenv:Body></soapenv:Envelope>','hdc:listaNegra',null);
Insert into AVANTIA.SDA_METODOS (ID,ID_AGREGADOR,METODO,USUARIO,CONTRASENIA,END_POINT,SEGURIDAD,INPUTMESSAGETEXT,SOAPACTIONURI,CONTENT_TYPE) values (145,51,2,null,'23566ed95af2d48972d9668638ba94','http://hdclaro.cronos.mobi/',0,'<soapenv:Envelope xmlns:xsi="http://www.w3.org/2001/XMLSchema-instance" xmlns:xsd="http://www.w3.org/2001/XMLSchema" xmlns:soapenv="http://schemas.xmlsoap.org/soap/envelope/" xmlns:hdc="http://hdclaro.cronos.mobi/"><soapenv:Header/><soapenv:Body><hdc:consultaServicios soapenv:encodingStyle="http://schemas.xmlsoap.org/soap/encoding/"><movil xsi:type="xsd:string">_*movil_*</movil><pass xsi:type="xsd:string">_*pass_*</pass></hdc:consultaServicios></soapenv:Body></soapenv:Envelope>','hdc:consultaServicios',null);
Insert into AVANTIA.SDA_METODOS (ID,ID_AGREGADOR,METODO,USUARIO,CONTRASENIA,END_POINT,SEGURIDAD,INPUTMESSAGETEXT,SOAPACTIONURI,CONTENT_TYPE) values (87,32,3,null,'gua6needaiwa5dook6thaicaiTo4oh','http://hdclaro.cronos.mobi/',0,'<soapenv:Envelope xmlns:xsd="http://www.w3.org/2001/XMLSchema" xmlns:soapenv="http://schemas.xmlsoap.org/soap/envelope/" xmlns:hdc="http://hdclaro.cronos.mobi/"><soapenv:Header/><soapenv:Body><hdc:bajaServicios><movil>_*movil_*</movil><servicio>_*servicio_*</servicio><mcorta>_*mcorta_*</mcorta><pass>_*pass_*</pass></hdc:bajaServicios></soapenv:Body></soapenv:Envelope>','hdc:bajaServicios','text/xml;charset=UTF-8');
Insert into AVANTIA.SDA_METODOS (ID,ID_AGREGADOR,METODO,USUARIO,CONTRASENIA,END_POINT,SEGURIDAD,INPUTMESSAGETEXT,SOAPACTIONURI,CONTENT_TYPE) values (172,60,1,null,'claro','http://165.98.97.101:8080/soap.php',0,'<soapenv:Envelope soapenv:encodingStyle="http://schemas.xmlsoap.org/soap/encoding/" xmlns:xsi="http://www.w3.org/2001/XMLSchema-instance" xmlns:xsd="http://www.w3.org/2001/XMLSchema" xmlns:soapenv="http://schemas.xmlsoap.org/soap/envelope/" xmlns:urn="urn:soapwsdl"><soapenv:Header/><soapenv:Body><urn:listaNegra><movil xsi:type="xsd:string">_*movil_*</movil><accion xsi:type="xsd:string">_*accion_*</accion><pass xsi:type="xsd:string">_*pass_*</pass></urn:listaNegra></soapenv:Body></soapenv:Envelope>','urn:listaNegra',null);
Insert into AVANTIA.SDA_METODOS (ID,ID_AGREGADOR,METODO,USUARIO,CONTRASENIA,END_POINT,SEGURIDAD,INPUTMESSAGETEXT,SOAPACTIONURI,CONTENT_TYPE) values (76,29,1,null,'qwio2012;','http://146.82.89.83/WSSuscripcionesClaroRegional/WebService.asmx',0,'<soapenv:Envelope xmlns:xsd="http://www.w3.org/2001/XMLSchema" xmlns:soapenv="http://schemas.xmlsoap.org/soap/envelope/" xmlns:tem="http://tempuri.org/"><soapenv:Header/><soapenv:Body><tem:listaNegra><movil>_*movil_*</movil><accion>_*accion_*</accion><pass>_*pass_*</pass></tem:listaNegra></soapenv:Body></soapenv:Envelope>','tem:listaNegra','text/xml;charset=UTF-8');
Insert into AVANTIA.SDA_METODOS (ID,ID_AGREGADOR,METODO,USUARIO,CONTRASENIA,END_POINT,SEGURIDAD,INPUTMESSAGETEXT,SOAPACTIONURI,CONTENT_TYPE) values (77,29,2,null,'qwio2012;','http://146.82.89.83/WSSuscripcionesClaroRegional/WebService.asmx',0,'<soapenv:Envelope soapenv:encodingStyle="http://schemas.xmlsoap.org/soap/encoding/" xmlns:xsd="http://www.w3.org/2001/XMLSchema" xmlns:soapenv="http://schemas.xmlsoap.org/soap/envelope/" xmlns:tem="http://tempuri.org/"><soapenv:Header/><soapenv:Body><tem:consultaServicios><movil>_*movil_*</movil><pass>_*pass_*</pass></tem:consultaServicios></soapenv:Body></soapenv:Envelope>','tem:consultaServicios','text/xml;charset=UTF-8');
Insert into AVANTIA.SDA_METODOS (ID,ID_AGREGADOR,METODO,USUARIO,CONTRASENIA,END_POINT,SEGURIDAD,INPUTMESSAGETEXT,SOAPACTIONURI,CONTENT_TYPE) values (78,29,3,null,'qwio2012;','http://146.82.89.83/WSSuscripcionesClaroRegional/WebService.asmx',0,'<soapenv:Envelope soapenv:encodingStyle="http://schemas.xmlsoap.org/soap/encoding/" xmlns:xsd="http://www.w3.org/2001/XMLSchema" xmlns:soapenv="http://schemas.xmlsoap.org/soap/envelope/" xmlns:tem="http://tempuri.org/"><soapenv:Header/><soapenv:Body><tem:bajaServicios><movil>_*movil_*</movil><servicio>_*servicio_*</servicio><mcorta>_*mcorta_*</mcorta><pass>_*pass_*</pass></tem:bajaServicios></soapenv:Body></soapenv:Envelope>','tem:bajaServicios','text/xml;charset=UTF-8');
Insert into AVANTIA.SDA_METODOS (ID,ID_AGREGADOR,METODO,USUARIO,CONTRASENIA,END_POINT,SEGURIDAD,INPUTMESSAGETEXT,SOAPACTIONURI,CONTENT_TYPE) values (62,15,2,null,'C@GT14','http://108.166.12.47',0,'<soapenv:Envelope xmlns:xsi="http://www.w3.org/2001/XMLSchema-instance" xmlns:xsd="http://www.w3.org/2001/XMLSchema" xmlns:soapenv="http://schemas.xmlsoap.org/soap/envelope/" xmlns:urn="urn:wsagregadores"><soapenv:Header/><soapenv:Body><urn:consultaServicios soapenv:encodingStyle="http://schemas.xmlsoap.org/soap/encoding/"><movil xsi:type="xsd:string">_*movil_*</movil><pass xsi:type="xsd:string">_*pass_*</pass></urn:consultaServicios></soapenv:Body></soapenv:Envelope>','urn:consultaServicios',null);
Insert into AVANTIA.SDA_METODOS (ID,ID_AGREGADOR,METODO,USUARIO,CONTRASENIA,END_POINT,SEGURIDAD,INPUTMESSAGETEXT,SOAPACTIONURI,CONTENT_TYPE) values (63,15,3,null,'C@GT14','http://108.166.12.47',0,'<soapenv:Envelope xmlns:xsi="http://www.w3.org/2001/XMLSchema-instance" xmlns:xsd="http://www.w3.org/2001/XMLSchema" xmlns:soapenv="http://schemas.xmlsoap.org/soap/envelope/" xmlns:urn="urn:wsagregadores"><soapenv:Header/><soapenv:Body><urn:bajaServicios soapenv:encodingStyle="http://schemas.xmlsoap.org/soap/encoding/"><movil xsi:type="xsd:string">_*movil_*</movil><servicio xsi:type="xsd:string">_*servicio_*</servicio><mcorta xsi:type="xsd:string">_*mcorta_*</mcorta><pass xsi:type="xsd:string">_*pass_*</pass></urn:bajaServicios></soapenv:Body></soapenv:Envelope>','urn:bajaServicios',null);
Insert into AVANTIA.SDA_METODOS (ID,ID_AGREGADOR,METODO,USUARIO,CONTRASENIA,END_POINT,SEGURIDAD,INPUTMESSAGETEXT,SOAPACTIONURI,CONTENT_TYPE) values (64,9,1,null,'1234','http://wpclaro.zed.com/external/WsClaroLatam/WsClaroLatam.php',0,'<soapenv:Envelope xmlns:xsi="http://www.w3.org/2001/XMLSchema-instance" xmlns:xsd="http://www.w3.org/2001/XMLSchema" xmlns:soapenv="http://schemas.xmlsoap.org/soap/envelope/" xmlns:wsc="WsClaroLatam"><soapenv:Header/><soapenv:Body><wsc:listaNegra soapenv:encodingStyle="http://schemas.xmlsoap.org/soap/encoding/"><movil xsi:type="xsd:string">_*movil_*</movil><action xsi:type="xsd:string">_*accion_*</action><pass xsi:type="xsd:string">_*pass_*</pass></wsc:listaNegra></soapenv:Body></soapenv:Envelope>','wsc:listaNegra',null);
Insert into AVANTIA.SDA_METODOS (ID,ID_AGREGADOR,METODO,USUARIO,CONTRASENIA,END_POINT,SEGURIDAD,INPUTMESSAGETEXT,SOAPACTIONURI,CONTENT_TYPE) values (65,9,2,null,'1234','http://wpclaro.zed.com/external/WsClaroLatam/WsClaroLatam.php',0,'<soapenv:Envelope xmlns:xsi="http://www.w3.org/2001/XMLSchema-instance" xmlns:xsd="http://www.w3.org/2001/XMLSchema" xmlns:soapenv="http://schemas.xmlsoap.org/soap/envelope/" xmlns:wsc="WsClaroLatam"><soapenv:Header/><soapenv:Body><wsc:consultaServicios soapenv:encodingStyle="http://schemas.xmlsoap.org/soap/encoding/"><movil xsi:type="xsd:string">_*movil_*</movil><pass xsi:type="xsd:string">_*pass_*</pass></wsc:consultaServicios></soapenv:Body></soapenv:Envelope>','wsc:consultaServicios',null);
Insert into AVANTIA.SDA_METODOS (ID,ID_AGREGADOR,METODO,USUARIO,CONTRASENIA,END_POINT,SEGURIDAD,INPUTMESSAGETEXT,SOAPACTIONURI,CONTENT_TYPE) values (181,63,1,null,'nicclaro1','http://neo2.and.timwe.com/util-andean-webservice-utility/services/ClaroWebServicePort',0,'<soapenv:Envelope xmlns:xsi="http://www.w3.org/2001/XMLSchema-instance" xmlns:xsd="http://www.w3.org/2001/XMLSchema" xmlns:soapenv="http://schemas.xmlsoap.org/soap/envelope/" xmlns:clar="http://claro.ws.andean.util.timwe.com"><soapenv:Header/><soapenv:Body><clar:listaNegra soapenv:encodingStyle="http://schemas.xmlsoap.org/soap/encoding/"><movil xsi:type="xsd:string">_*movil_*</movil><accion xsi:type="xsd:int">_*accion_*</accion><pass xsi:type="xsd:string">_*pass_*</pass></clar:listaNegra></soapenv:Body></soapenv:Envelope>','clar:listaNegra',null);
Insert into AVANTIA.SDA_METODOS (ID,ID_AGREGADOR,METODO,USUARIO,CONTRASENIA,END_POINT,SEGURIDAD,INPUTMESSAGETEXT,SOAPACTIONURI,CONTENT_TYPE) values (182,63,2,null,'nicclaro1','http://neo2.and.timwe.com/util-andean-webservice-utility/services/ClaroWebServicePort',0,'<soapenv:Envelope xmlns:xsi="http://www.w3.org/2001/XMLSchema-instance" xmlns:xsd="http://www.w3.org/2001/XMLSchema" xmlns:soapenv="http://schemas.xmlsoap.org/soap/envelope/" xmlns:clar="http://claro.ws.andean.util.timwe.com"><soapenv:Header/><soapenv:Body><clar:consultaServicios soapenv:encodingStyle="http://schemas.xmlsoap.org/soap/encoding/"><movil xsi:type="xsd:string">_*movil_*</movil><pass xsi:type="xsd:string">_*pass_*</pass></clar:consultaServicios></soapenv:Body></soapenv:Envelope>','clar:consultaServicios',null);
Insert into AVANTIA.SDA_METODOS (ID,ID_AGREGADOR,METODO,USUARIO,CONTRASENIA,END_POINT,SEGURIDAD,INPUTMESSAGETEXT,SOAPACTIONURI,CONTENT_TYPE) values (183,63,3,null,'nicclaro1','http://neo2.and.timwe.com/util-andean-webservice-utility/services/ClaroWebServicePort',0,'<soapenv:Envelope xmlns:xsi="http://www.w3.org/2001/XMLSchema-instance" xmlns:xsd="http://www.w3.org/2001/XMLSchema" xmlns:soapenv="http://schemas.xmlsoap.org/soap/envelope/" xmlns:clar="http://claro.ws.andean.util.timwe.com"><soapenv:Header/><soapenv:Body><clar:bajaServicios soapenv:encodingStyle="http://schemas.xmlsoap.org/soap/encoding/"><movil xsi:type="xsd:string">_*movil_*</movil><servicio xsi:type="xsd:string">_*servicio_*</servicio><mcorta xsi:type="xsd:string">_*mcorta_*</mcorta><pass xsi:type="xsd:string">_*pass_*</pass></clar:bajaServicios></soapenv:Body></soapenv:Envelope>','clar:bajaServicios',null);
Insert into AVANTIA.SDA_METODOS (ID,ID_AGREGADOR,METODO,USUARIO,CONTRASENIA,END_POINT,SEGURIDAD,INPUTMESSAGETEXT,SOAPACTIONURI,CONTENT_TYPE) values (222,80,1,'PA00000737','Admin111','https://hub.americamovil.com/sag/services/blackgrayService',1,'<soapenv:Envelope xmlns:soapenv="http://schemas.xmlsoap.org/soap/envelope/" xmlns:loc="http://www.csapi.org/schema/parlayx/blackgray/v1_0/local"><soapenv:Header><wsse:Security xmlns:wsse="http://docs.oasis-open.org/wss/2004/01/oasis-200401-wss-wssecurity-secext-1.0.xsd"><wsse:UsernameToken xmlns:wsu="http://docs.oasis-open.org/wss/2004/01/oasis-200401-wss-wssecurity-utility-1.0.xsd"><wsse:Username>_*user_*</wsse:Username><wsse:Password Type="...#PasswordDigest">_*passSMT_*</wsse:Password><wsse:Nonce>_*nonce_*</wsse:Nonce><wsse:Created>_*dateSMT_*</wsse:Created></wsse:UsernameToken></wsse:Security><tns:RequestSOAPHeader xmlns:tns="http://www.huawei.com.cn/schema/common/v2_1"><tns:AppId>35000001000001</tns:AppId><tns:TransId>2014011716010012345</tns:TransId><tns:OA>_*movil_*</tns:OA><tns:FA>_*movil_*</tns:FA></tns:RequestSOAPHeader></soapenv:Header><soapenv:Body><loc:deleteGrayList><loc:version>_*version_*</loc:version><loc:grayList><grayee><msisdn>_*movil_*</msisdn>    </grayee></loc:grayList></loc:deleteGrayList></soapenv:Body></soapenv:Envelope>','loc:deleteGrayList',null);
Insert into AVANTIA.SDA_METODOS (ID,ID_AGREGADOR,METODO,USUARIO,CONTRASENIA,END_POINT,SEGURIDAD,INPUTMESSAGETEXT,SOAPACTIONURI,CONTENT_TYPE) values (223,81,1,null,'7182818284','http://callcenter32.contentamobile.com/server.php',0,'<soapenv:Envelope xmlns:xsd="http://www.w3.org/2001/XMLSchema" xmlns:soapenv="http://schemas.xmlsoap.org/soap/envelope/" xmlns:urn="urn:ListaNegrawsdl"><soapenv:Header/><soapenv:Body><urn:listaNegra><movil>_*movil_*</movil><operacion>_*accion_*</operacion><pass>_*pass_*</pass></urn:listaNegra></soapenv:Body></soapenv:Envelope>','urn:listaNegra','text/xml;charset=UTF-8');
Insert into AVANTIA.SDA_METODOS (ID,ID_AGREGADOR,METODO,USUARIO,CONTRASENIA,END_POINT,SEGURIDAD,INPUTMESSAGETEXT,SOAPACTIONURI,CONTENT_TYPE) values (224,81,2,null,'7182818284','http://callcenter32.contentamobile.com/server.php',0,'<soapenv:Envelope xmlns:xsd="http://www.w3.org/2001/XMLSchema" xmlns:soapenv="http://schemas.xmlsoap.org/soap/envelope/" xmlns:urn="urn:consultaservicioswsdl"><soapenv:Header/><soapenv:Body><urn:consultaServicios><movil>_*movil_*</movil><pass>_*pass_*</pass></urn:consultaServicios></soapenv:Body></soapenv:Envelope>','urn:consultaServicios','text/xml;charset=UTF-8');
Insert into AVANTIA.SDA_METODOS (ID,ID_AGREGADOR,METODO,USUARIO,CONTRASENIA,END_POINT,SEGURIDAD,INPUTMESSAGETEXT,SOAPACTIONURI,CONTENT_TYPE) values (239,88,1,null,null,'http://172.17.72.244:9090/cdc-service/services/CRMService/',0,'<soapenv:Envelope xmlns:soapenv="http://schemas.xmlsoap.org/soap/envelope/" xmlns:crm="http://type.ws.cdc.tecnotree.com/CRMType"><soapenv:Header/><soapenv:Body><crm:deleteFromBlacklistRequest><crm:msisdnList><crm:msisdn>_*movil_*</crm:msisdn></crm:msisdnList></crm:deleteFromBlacklistRequest></soapenv:Body></soapenv:Envelope>','crm:deleteFromBlacklistRequest','text/xml;charset=UTF-8');
Insert into AVANTIA.SDA_METODOS (ID,ID_AGREGADOR,METODO,USUARIO,CONTRASENIA,END_POINT,SEGURIDAD,INPUTMESSAGETEXT,SOAPACTIONURI,CONTENT_TYPE) values (240,88,3,null,null,'http://172.17.72.244:9090/cdc-service/services/CRMService/',0,'<soapenv:Envelope xmlns:soapenv="http://schemas.xmlsoap.org/soap/envelope/" xmlns:crm="http://type.ws.cdc.tecnotree.com/CRMType"><soapenv:Header/><soapenv:Body><crm:cleanupSubscriptionRequest><crm:msisdnList><crm:msisdn>_*movil_*</crm:msisdn></crm:msisdnList></crm:cleanupSubscriptionRequest></soapenv:Body></soapenv:Envelope>','crm:cleanupSubscriptionRequest','text/xml;charset=UTF-8');
Insert into AVANTIA.SDA_METODOS (ID,ID_AGREGADOR,METODO,USUARIO,CONTRASENIA,END_POINT,SEGURIDAD,INPUTMESSAGETEXT,SOAPACTIONURI,CONTENT_TYPE) values (241,89,1,null,null,'http://172.17.72.245:9093/cdc-service/services/CRMService/',0,'<soapenv:Envelope xmlns:soapenv="http://schemas.xmlsoap.org/soap/envelope/" xmlns:crm="http://type.ws.cdc.tecnotree.com/CRMType"><soapenv:Header/><soapenv:Body><crm:deleteFromBlacklistRequest><crm:msisdnList><crm:msisdn>_*movil_*</crm:msisdn></crm:msisdnList></crm:deleteFromBlacklistRequest></soapenv:Body></soapenv:Envelope>','crm:deleteFromBlacklistRequest','text/xml;charset=UTF-8');
Insert into AVANTIA.SDA_METODOS (ID,ID_AGREGADOR,METODO,USUARIO,CONTRASENIA,END_POINT,SEGURIDAD,INPUTMESSAGETEXT,SOAPACTIONURI,CONTENT_TYPE) values (242,89,3,null,null,'http://172.17.72.245:9093/cdc-service/services/CRMService/',0,'<soapenv:Envelope xmlns:soapenv="http://schemas.xmlsoap.org/soap/envelope/" xmlns:crm="http://type.ws.cdc.tecnotree.com/CRMType"><soapenv:Header/><soapenv:Body><crm:cleanupSubscriptionRequest><crm:msisdnList><crm:msisdn>_*movil_*</crm:msisdn></crm:msisdnList></crm:cleanupSubscriptionRequest></soapenv:Body></soapenv:Envelope>','crm:cleanupSubscriptionRequest','text/xml;charset=UTF-8');
Insert into AVANTIA.SDA_METODOS (ID,ID_AGREGADOR,METODO,USUARIO,CONTRASENIA,END_POINT,SEGURIDAD,INPUTMESSAGETEXT,SOAPACTIONURI,CONTENT_TYPE) values (244,90,3,null,null,'http://172.17.72.244:9091/cdc-service/services/CRMService/',0,'<soapenv:Envelope xmlns:soapenv="http://schemas.xmlsoap.org/soap/envelope/" xmlns:crm="http://type.ws.cdc.tecnotree.com/CRMType"><soapenv:Header/><soapenv:Body><crm:cleanupSubscriptionRequest><crm:msisdnList><crm:msisdn>_*movil_*</crm:msisdn></crm:msisdnList></crm:cleanupSubscriptionRequest></soapenv:Body></soapenv:Envelope>','crm:cleanupSubscriptionRequest','text/xml;charset=UTF-8');
Insert into AVANTIA.SDA_METODOS (ID,ID_AGREGADOR,METODO,USUARIO,CONTRASENIA,END_POINT,SEGURIDAD,INPUTMESSAGETEXT,SOAPACTIONURI,CONTENT_TYPE) values (66,9,3,null,'1234','http://wpclaro.zed.com/external/WsClaroLatam/WsClaroLatam.php',0,'<soapenv:Envelope xmlns:xsi="http://www.w3.org/2001/XMLSchema-instance" xmlns:xsd="http://www.w3.org/2001/XMLSchema" xmlns:soapenv="http://schemas.xmlsoap.org/soap/envelope/" xmlns:wsc="WsClaroLatam"><soapenv:Header/><soapenv:Body><wsc:bajaServicios soapenv:encodingStyle="http://schemas.xmlsoap.org/soap/encoding/"><movil xsi:type="xsd:string">_*movil_*</movil><servicio xsi:type="xsd:string">_*servicio_*</servicio><mcorta xsi:type="xsd:string">_*mcorta_*</mcorta><pass xsi:type="xsd:string">_*pass_*</pass></wsc:bajaServicios></soapenv:Body></soapenv:Envelope>','wsc:bajaServicios',null);
Insert into AVANTIA.SDA_METODOS (ID,ID_AGREGADOR,METODO,USUARIO,CONTRASENIA,END_POINT,SEGURIDAD,INPUTMESSAGETEXT,SOAPACTIONURI,CONTENT_TYPE) values (79,30,1,'7182818284','7182818284','http://callcenter23.contentamobile.com/server.php',0,'<soapenv:Envelope xmlns:xsd="http://www.w3.org/2001/XMLSchema" xmlns:soapenv="http://schemas.xmlsoap.org/soap/envelope/" xmlns:urn="urn:ListaNegrawsdl"><soapenv:Header/><soapenv:Body><urn:listaNegra><movil>_*movil_*</movil><operacion>_*accion_*</operacion><pass>_*pass_*</pass></urn:listaNegra></soapenv:Body></soapenv:Envelope>','urn:listaNegra','text/xml;charset=UTF-8');
Insert into AVANTIA.SDA_METODOS (ID,ID_AGREGADOR,METODO,USUARIO,CONTRASENIA,END_POINT,SEGURIDAD,INPUTMESSAGETEXT,SOAPACTIONURI,CONTENT_TYPE) values (80,30,2,'7182818284','7182818284','http://callcenter23.contentamobile.com/server.php',0,'<soapenv:Envelope xmlns:xsd="http://www.w3.org/2001/XMLSchema" xmlns:soapenv="http://schemas.xmlsoap.org/soap/envelope/" xmlns:urn="urn:consultaservicioswsdl"><soapenv:Header/><soapenv:Body><urn:consultaServicios><movil>_*movil_*</movil><pass>_*pass_*</pass></urn:consultaServicios></soapenv:Body></soapenv:Envelope>','urn:consultaServicios','text/xml;charset=UTF-8');
Insert into AVANTIA.SDA_METODOS (ID,ID_AGREGADOR,METODO,USUARIO,CONTRASENIA,END_POINT,SEGURIDAD,INPUTMESSAGETEXT,SOAPACTIONURI,CONTENT_TYPE) values (81,30,3,'7182818284','7182818284','http://callcenter23.contentamobile.com/server.php',0,'<soapenv:Envelope xmlns:xsd="http://www.w3.org/2001/XMLSchema" xmlns:soapenv="http://schemas.xmlsoap.org/soap/envelope/" xmlns:urn="urn:BajaServicioswsdl"><soapenv:Header/><soapenv:Body><urn:bajaServicios><movil>_*movil_*</movil><servicio>_*servicio_*</servicio><mcorta>_*mcorta_*</mcorta><pass>_*pass_*</pass></urn:bajaServicios></soapenv:Body></soapenv:Envelope>','urn:bajaServicios','text/xml;charset=UTF-8');
Insert into AVANTIA.SDA_METODOS (ID,ID_AGREGADOR,METODO,USUARIO,CONTRASENIA,END_POINT,SEGURIDAD,INPUTMESSAGETEXT,SOAPACTIONURI,CONTENT_TYPE) values (86,32,2,null,'gua6needaiwa5dook6thaicaiTo4oh','http://hdclaro.cronos.mobi/',0,'<soapenv:Envelope xmlns:xsd="http://www.w3.org/2001/XMLSchema" xmlns:soapenv="http://schemas.xmlsoap.org/soap/envelope/" xmlns:hdc="http://hdclaro.cronos.mobi/"><soapenv:Header/><soapenv:Body><hdc:consultaServicios><movil>_*movil_*</movil><pass>_*pass_*</pass></hdc:consultaServicios></soapenv:Body></soapenv:Envelope>','hdc:consultaServicios','text/xml;charset=UTF-8');
Insert into AVANTIA.SDA_METODOS (ID,ID_AGREGADOR,METODO,USUARIO,CONTRASENIA,END_POINT,SEGURIDAD,INPUTMESSAGETEXT,SOAPACTIONURI,CONTENT_TYPE) values (173,60,2,null,'claro','http://165.98.97.101:8080/soap.php',0,'<soapenv:Envelope soapenv:encodingStyle="http://schemas.xmlsoap.org/soap/encoding/" xmlns:xsi="http://www.w3.org/2001/XMLSchema-instance" xmlns:xsd="http://www.w3.org/2001/XMLSchema" xmlns:soapenv="http://schemas.xmlsoap.org/soap/envelope/" xmlns:urn="urn:soapwsdl"><soapenv:Header/><soapenv:Body><urn:consultaServicios><movil xsi:type="xsd:string">_*movil_*</movil><pass xsi:type="xsd:string">_*pass_*</pass></urn:consultaServicios></soapenv:Body></soapenv:Envelope>','urn:consultaServicios',null);
Insert into AVANTIA.SDA_METODOS (ID,ID_AGREGADOR,METODO,USUARIO,CONTRASENIA,END_POINT,SEGURIDAD,INPUTMESSAGETEXT,SOAPACTIONURI,CONTENT_TYPE) values (174,60,3,null,'claro','http://165.98.97.101:8080/soap.php',0,'<soapenv:Envelope soapenv:encodingStyle="http://schemas.xmlsoap.org/soap/encoding/" xmlns:xsi="http://www.w3.org/2001/XMLSchema-instance" xmlns:xsd="http://www.w3.org/2001/XMLSchema" xmlns:soapenv="http://schemas.xmlsoap.org/soap/envelope/" xmlns:urn="urn:soapwsdl"><soapenv:Header/><soapenv:Body><urn:bajaServicios><movil xsi:type="xsd:string">_*movil_*</movil><servicio xsi:type="xsd:string">_*servicio_*</servicio><mcorta xsi:type="xsd:string">_*mcorta_*</mcorta><pass xsi:type="xsd:string">_*pass_*</pass></urn:bajaServicios></soapenv:Body></soapenv:Envelope>','urn:bajaServicios',null);
Insert into AVANTIA.SDA_METODOS (ID,ID_AGREGADOR,METODO,USUARIO,CONTRASENIA,END_POINT,SEGURIDAD,INPUTMESSAGETEXT,SOAPACTIONURI,CONTENT_TYPE) values (175,61,1,null,'Pa55w0rd','http://190.111.8.113/appclaro/webService/appclaro.php',0,'<soapenv:Envelope xmlns:xsi="http://www.w3.org/2001/XMLSchema-instance" xmlns:xsd="http://www.w3.org/2001/XMLSchema" xmlns:soapenv="http://schemas.xmlsoap.org/soap/envelope/" xmlns:urn="urn:appclaro"><soapenv:Header/><soapenv:Body><urn:listaNegra soapenv:encodingStyle="http://schemas.xmlsoap.org/soap/encoding/"><movil xsi:type="xsd:string">_*movil_*</movil><accion xsi:type="xsd:string">_*accion_*</accion><pass xsi:type="xsd:string">_*pass_*</pass></urn:listaNegra></soapenv:Body></soapenv:Envelope>','urn:listaNegra',null);
Insert into AVANTIA.SDA_METODOS (ID,ID_AGREGADOR,METODO,USUARIO,CONTRASENIA,END_POINT,SEGURIDAD,INPUTMESSAGETEXT,SOAPACTIONURI,CONTENT_TYPE) values (176,61,2,null,'Pa55w0rd','http://190.111.8.113/appclaro/webService/appclaro.php',0,'<soapenv:Envelope xmlns:xsi="http://www.w3.org/2001/XMLSchema-instance" xmlns:xsd="http://www.w3.org/2001/XMLSchema" xmlns:soapenv="http://schemas.xmlsoap.org/soap/envelope/" xmlns:urn="urn:appclaro"><soapenv:Header/><soapenv:Body><urn:consultaServicios soapenv:encodingStyle="http://schemas.xmlsoap.org/soap/encoding/"><movil xsi:type="xsd:string">_*movil_*</movil><pass xsi:type="xsd:string">_*pass_*</pass></urn:consultaServicios></soapenv:Body></soapenv:Envelope>','urn:consultaServicios',null);
Insert into AVANTIA.SDA_METODOS (ID,ID_AGREGADOR,METODO,USUARIO,CONTRASENIA,END_POINT,SEGURIDAD,INPUTMESSAGETEXT,SOAPACTIONURI,CONTENT_TYPE) values (177,61,3,null,'Pa55w0rd','http://190.111.8.113/appclaro/webService/appclaro.php',0,'<soapenv:Envelope xmlns:xsi="http://www.w3.org/2001/XMLSchema-instance" xmlns:xsd="http://www.w3.org/2001/XMLSchema" xmlns:soapenv="http://schemas.xmlsoap.org/soap/envelope/" xmlns:urn="urn:appclaro"><soapenv:Header/><soapenv:Body><urn:bajaServicios soapenv:encodingStyle="http://schemas.xmlsoap.org/soap/encoding/"><movil xsi:type="xsd:string">_*movil_*</movil><servicio xsi:type="xsd:string">_*servicio_*</servicio><mcorta xsi:type="xsd:string">_*mcorta_*</mcorta><pass xsi:type="xsd:string">_*pass_*</pass></urn:bajaServicios></soapenv:Body></soapenv:Envelope>','urn:bajaServicios',null);
Insert into AVANTIA.SDA_METODOS (ID,ID_AGREGADOR,METODO,USUARIO,CONTRASENIA,END_POINT,SEGURIDAD,INPUTMESSAGETEXT,SOAPACTIONURI,CONTENT_TYPE) values (178,62,1,null,'Cl4r0N1','http://190.106.0.126/web/wsdl/claro.php',0,'<soapenv:Envelope soapenv:encodingStyle="http://schemas.xmlsoap.org/soap/encoding/" xmlns:xsi="http://www.w3.org/2001/XMLSchema-instance" xmlns:xsd="http://www.w3.org/2001/XMLSchema" xmlns:soapenv="http://schemas.xmlsoap.org/soap/envelope/"><soapenv:Header/><soapenv:Body><listaNegra><movil xsi:type="xsd:string">_*movil_*</movil><accion xsi:type="xsd:int">_*accion_*</accion><pass xsi:type="xsd:string">_*pass_*</pass></listaNegra></soapenv:Body></soapenv:Envelope>','listaNegra',null);
Insert into AVANTIA.SDA_METODOS (ID,ID_AGREGADOR,METODO,USUARIO,CONTRASENIA,END_POINT,SEGURIDAD,INPUTMESSAGETEXT,SOAPACTIONURI,CONTENT_TYPE) values (179,62,2,null,'Cl4r0N1','http://190.106.0.126/web/wsdl/claro.php',0,'<soapenv:Envelope xmlns:xsi="http://www.w3.org/2001/XMLSchema-instance" xmlns:xsd="http://www.w3.org/2001/XMLSchema" xmlns:soapenv="http://schemas.xmlsoap.org/soap/envelope/"><soapenv:Header/><soapenv:Body><consultaServicios soapenv:encodingStyle="http://schemas.xmlsoap.org/soap/encoding/"><movil xsi:type="xsd:string">_*movil_*</movil><pass xsi:type="xsd:string">_*pass_*</pass></consultaServicios></soapenv:Body></soapenv:Envelope>','consultaServicios',null);
Insert into AVANTIA.SDA_METODOS (ID,ID_AGREGADOR,METODO,USUARIO,CONTRASENIA,END_POINT,SEGURIDAD,INPUTMESSAGETEXT,SOAPACTIONURI,CONTENT_TYPE) values (180,62,3,null,'Cl4r0N1','http://190.106.0.126/web/wsdl/claro.php',0,'<soapenv:Envelope soapenv:encodingStyle="http://schemas.xmlsoap.org/soap/encoding/" xmlns:xsi="http://www.w3.org/2001/XMLSchema-instance" xmlns:xsd="http://www.w3.org/2001/XMLSchema" xmlns:soapenv="http://schemas.xmlsoap.org/soap/envelope/"><soapenv:Header/><soapenv:Body><bajaServicios><movil xsi:type="xsd:string">_*movil_*</movil><servicio xsi:type="xsd:string">_*servicio_*</servicio><mcorta xsi:type="xsd:string">_*mcorta_*</mcorta><pass xsi:type="xsd:string">_*pass_*</pass></bajaServicios></soapenv:Body></soapenv:Envelope>','bajaServicios',null);
Insert into AVANTIA.SDA_METODOS (ID,ID_AGREGADOR,METODO,USUARIO,CONTRASENIA,END_POINT,SEGURIDAD,INPUTMESSAGETEXT,SOAPACTIONURI,CONTENT_TYPE) values (191,66,2,null,'W1c0S3rv1c3','http://php.wirelessidea.com/claro_services/ni/ws_ni.php',0,'<soapenv:Envelope xmlns:xsi="http://www.w3.org/2001/XMLSchema-instance" xmlns:xsd="http://www.w3.org/2001/XMLSchema" xmlns:soapenv="http://schemas.xmlsoap.org/soap/envelope/" xmlns:urn="urn:claro_services_cc_ws"><soapenv:Header/><soapenv:Body><urn:consultaServicios soapenv:encodingStyle="http://schemas.xmlsoap.org/soap/encoding/"><movil xsi:type="xsd:string">_*movil_*</movil><pass xsi:type="xsd:string">_*pass_*</pass></urn:consultaServicios></soapenv:Body></soapenv:Envelope>','urn:consultaServicios',null);
Insert into AVANTIA.SDA_METODOS (ID,ID_AGREGADOR,METODO,USUARIO,CONTRASENIA,END_POINT,SEGURIDAD,INPUTMESSAGETEXT,SOAPACTIONURI,CONTENT_TYPE) values (192,66,3,null,'W1c0S3rv1c3','http://php.wirelessidea.com/claro_services/ni/ws_ni.php',0,'<soapenv:Envelope xmlns:xsi="http://www.w3.org/2001/XMLSchema-instance" xmlns:xsd="http://www.w3.org/2001/XMLSchema" xmlns:soapenv="http://schemas.xmlsoap.org/soap/envelope/" xmlns:urn="urn:claro_services_cc_ws"><soapenv:Header/><soapenv:Body><urn:bajaServicios soapenv:encodingStyle="http://schemas.xmlsoap.org/soap/encoding/"><movil xsi:type="xsd:string">_*movil_*</movil><servicio xsi:type="xsd:string">_*servicio_*</servicio><mcorta xsi:type="xsd:string">_*mcorta_*</mcorta><pass xsi:type="xsd:string">_*pass_*</pass></urn:bajaServicios></soapenv:Body></soapenv:Envelope>','urn:bajaServicios',null);
Insert into AVANTIA.SDA_METODOS (ID,ID_AGREGADOR,METODO,USUARIO,CONTRASENIA,END_POINT,SEGURIDAD,INPUTMESSAGETEXT,SOAPACTIONURI,CONTENT_TYPE) values (193,68,1,null,'1234','http://wpclaro.zed.com/external/WsClaroLatam/WsClaroLatam.php',0,'<soapenv:Envelope xmlns:xsi="http://www.w3.org/2001/XMLSchema-instance" xmlns:xsd="http://www.w3.org/2001/XMLSchema" xmlns:soapenv="http://schemas.xmlsoap.org/soap/envelope/" xmlns:wsc="WsClaroLatam"><soapenv:Header/><soapenv:Body><wsc:listaNegra soapenv:encodingStyle="http://schemas.xmlsoap.org/soap/encoding/"><movil xsi:type="xsd:string">_*movil_*</movil><action xsi:type="xsd:string">_*accion_*</action><pass xsi:type="xsd:string">_*pass_*</pass></wsc:listaNegra></soapenv:Body></soapenv:Envelope>','wsc:listaNegra',null);
Insert into AVANTIA.SDA_METODOS (ID,ID_AGREGADOR,METODO,USUARIO,CONTRASENIA,END_POINT,SEGURIDAD,INPUTMESSAGETEXT,SOAPACTIONURI,CONTENT_TYPE) values (194,68,2,null,'1234','http://wpclaro.zed.com/external/WsClaroLatam/WsClaroLatam.php',0,'<soapenv:Envelope xmlns:xsi="http://www.w3.org/2001/XMLSchema-instance" xmlns:xsd="http://www.w3.org/2001/XMLSchema" xmlns:soapenv="http://schemas.xmlsoap.org/soap/envelope/" xmlns:wsc="WsClaroLatam"><soapenv:Header/><soapenv:Body><wsc:consultaServicios soapenv:encodingStyle="http://schemas.xmlsoap.org/soap/encoding/"><movil xsi:type="xsd:string">_*movil_*</movil><pass xsi:type="xsd:string">_*pass_*</pass></wsc:consultaServicios></soapenv:Body></soapenv:Envelope>','wsc:consultaServicios',null);
Insert into AVANTIA.SDA_METODOS (ID,ID_AGREGADOR,METODO,USUARIO,CONTRASENIA,END_POINT,SEGURIDAD,INPUTMESSAGETEXT,SOAPACTIONURI,CONTENT_TYPE) values (195,68,3,null,'1234','http://wpclaro.zed.com/external/WsClaroLatam/WsClaroLatam.php',0,'<soapenv:Envelope xmlns:xsi="http://www.w3.org/2001/XMLSchema-instance" xmlns:xsd="http://www.w3.org/2001/XMLSchema" xmlns:soapenv="http://schemas.xmlsoap.org/soap/envelope/" xmlns:wsc="WsClaroLatam"><soapenv:Header/><soapenv:Body><wsc:bajaServicios soapenv:encodingStyle="http://schemas.xmlsoap.org/soap/encoding/"><movil xsi:type="xsd:string">_*movil_*</movil><servicio xsi:type="xsd:string">_*servicio_*</servicio><mcorta xsi:type="xsd:string">_*mcorta_*</mcorta><pass xsi:type="xsd:string">_*pass_*</pass></wsc:bajaServicios></soapenv:Body></soapenv:Envelope>','wsc:bajaServicios',null);
Insert into AVANTIA.SDA_METODOS (ID,ID_AGREGADOR,METODO,USUARIO,CONTRASENIA,END_POINT,SEGURIDAD,INPUTMESSAGETEXT,SOAPACTIONURI,CONTENT_TYPE) values (94,35,1,null,'claro','http://mobilemedios.com/wsmedios/clarosv/wsCLASV.asmx',0,'<soapenv:Envelope xmlns:soapenv="http://schemas.xmlsoap.org/soap/envelope/" xmlns:mob="http://mobilemedios.com/"><soapenv:Header/><soapenv:Body><mob:listaNegra><mob:movil>_*movil_*</mob:movil><mob:accion>_*accion_*</mob:accion><mob:pass>_*pass_*</mob:pass></mob:listaNegra></soapenv:Body></soapenv:Envelope>','mob:listaNegra','text/xml;charset=UTF-8');
Insert into AVANTIA.SDA_METODOS (ID,ID_AGREGADOR,METODO,USUARIO,CONTRASENIA,END_POINT,SEGURIDAD,INPUTMESSAGETEXT,SOAPACTIONURI,CONTENT_TYPE) values (97,36,1,null,'m75v21x06','http://prodws.services.movixla.com/movix-ws/services/MovixSubscriptionsClaroSvWS',0,'<soapenv:Envelope soapenv:encodingStyle="http://schemas.xmlsoap.org/soap/encoding/" xmlns:xsd="http://www.w3.org/2001/XMLSchema" xmlns:soapenv="http://schemas.xmlsoap.org/soap/envelope/" xmlns:wss="http://wssubscriptions.sv.claro.ws.movix.cl"><soapenv:Header/><soapenv:Body><wss:listaNegra><movil>_*movil_*</movil><accion>_*accion_*</accion><pass>_*pass_*</pass></wss:listaNegra></soapenv:Body></soapenv:Envelope>','wss:listaNegra','text/xml;charset=UTF-8');
Insert into AVANTIA.SDA_METODOS (ID,ID_AGREGADOR,METODO,USUARIO,CONTRASENIA,END_POINT,SEGURIDAD,INPUTMESSAGETEXT,SOAPACTIONURI,CONTENT_TYPE) values (99,36,3,null,'m75v21x06','http://prodws.services.movixla.com/movix-ws/services/MovixSubscriptionsClaroSvWS',0,'<soapenv:Envelope  soapenv:encodingStyle="http://schemas.xmlsoap.org/soap/encoding/" xmlns:xsd="http://www.w3.org/2001/XMLSchema" xmlns:soapenv="http://schemas.xmlsoap.org/soap/envelope/" xmlns:wss="http://wssubscriptions.sv.claro.ws.movix.cl"><soapenv:Header/><soapenv:Body><wss:bajaServicios><movil>_*movil_*</movil><servicio>_*servicio_*</servicio><mcorta>_*mcorta_*</mcorta><pass>_*pass_*</pass></wss:bajaServicios></soapenv:Body></soapenv:Envelope>','wss:bajaServicios','text/xml;charset=UTF-8');
Insert into AVANTIA.SDA_METODOS (ID,ID_AGREGADOR,METODO,USUARIO,CONTRASENIA,END_POINT,SEGURIDAD,INPUTMESSAGETEXT,SOAPACTIONURI,CONTENT_TYPE) values (100,37,1,null,'cl4r0gu473m4l4','http://www.opratel.com/testing/ws_claro/ws_claro.php',0,'<soapenv:Envelope xmlns:xsd="http://www.w3.org/2001/XMLSchema" xmlns:soapenv="http://schemas.xmlsoap.org/soap/envelope/" xmlns:urn="urn:ListaNegrawsdl"><soapenv:Header/><soapenv:Body><urn:listaNegra><movil>_*movil_*</movil><accion>_*accion_*</accion><pass>_*pass_*</pass></urn:listaNegra></soapenv:Body></soapenv:Envelope>','urn:listaNegra','text/xml;charset=UTF-8');
Insert into AVANTIA.SDA_METODOS (ID,ID_AGREGADOR,METODO,USUARIO,CONTRASENIA,END_POINT,SEGURIDAD,INPUTMESSAGETEXT,SOAPACTIONURI,CONTENT_TYPE) values (71,27,2,null,'ebea4edabf','http://webservices.binbit.com/claro_gt/claro_gt.php',0,'<soapenv:Envelope xmlns:xsd="http://www.w3.org/2001/XMLSchema" xmlns:soapenv="http://schemas.xmlsoap.org/soap/envelope/" xmlns:clar="http://webservices.binbit.com/claro_gt/claro_gt.php"><soapenv:Header/><soapenv:Body><clar:consultaServicios><movil>_*movil_*</movil><pass>_*pass_*</pass></clar:consultaServicios></soapenv:Body></soapenv:Envelope>','clar:consultaServicios','text/xml;charset=UTF-8');
Insert into AVANTIA.SDA_METODOS (ID,ID_AGREGADOR,METODO,USUARIO,CONTRASENIA,END_POINT,SEGURIDAD,INPUTMESSAGETEXT,SOAPACTIONURI,CONTENT_TYPE) values (72,27,3,null,'ebea4edabf','http://webservices.binbit.com/claro_gt/claro_gt.php',0,'<soapenv:Envelope xmlns:xsd="http://www.w3.org/2001/XMLSchema" xmlns:soapenv="http://schemas.xmlsoap.org/soap/envelope/" xmlns:clar="http://webservices.binbit.com/claro_gt/claro_gt.php"><soapenv:Header/><soapenv:Body><clar:bajaServicios><movil>_*movil_*</movil><servicio>_*servicio_*</servicio><marcacion>_*mcorta_*</marcacion><pass>_*pass_*</pass></clar:bajaServicios></soapenv:Body></soapenv:Envelope>','clar:bajaServicios','text/xml;charset=UTF-8');
Insert into AVANTIA.SDA_METODOS (ID,ID_AGREGADOR,METODO,USUARIO,CONTRASENIA,END_POINT,SEGURIDAD,INPUTMESSAGETEXT,SOAPACTIONURI,CONTENT_TYPE) values (73,28,1,'y512f2','y512f2','http://claro.bitworks.com.sv/wsserviciosclaro.asmx',0,'<soapenv:Envelope xmlns:soapenv="http://schemas.xmlsoap.org/soap/envelope/" xmlns:tem="http://tempuri.org/"><soapenv:Header/><soapenv:Body><tem:listaNegra><tem:movil>_*movil_*</tem:movil><tem:accion>_*accion_*</tem:accion><tem:pass>_*pass_*</tem:pass></tem:listaNegra></soapenv:Body></soapenv:Envelope>','tem:listaNegra','text/xml;charset=UTF-8');
Insert into AVANTIA.SDA_METODOS (ID,ID_AGREGADOR,METODO,USUARIO,CONTRASENIA,END_POINT,SEGURIDAD,INPUTMESSAGETEXT,SOAPACTIONURI,CONTENT_TYPE) values (74,28,2,'y512f2','y512f2','http://claro.bitworks.com.sv/wsserviciosclaro.asmx',0,'<soapenv:Envelope xmlns:soapenv="http://schemas.xmlsoap.org/soap/envelope/" xmlns:tem="http://tempuri.org/"><soapenv:Header/><soapenv:Body><tem:consultaServicios><tem:movil>_*movil_*</tem:movil><tem:pass>_*pass_*</tem:pass></tem:consultaServicios></soapenv:Body></soapenv:Envelope>','tem:consultaServicios','text/xml;charset=UTF-8');
Insert into AVANTIA.SDA_METODOS (ID,ID_AGREGADOR,METODO,USUARIO,CONTRASENIA,END_POINT,SEGURIDAD,INPUTMESSAGETEXT,SOAPACTIONURI,CONTENT_TYPE) values (75,28,3,'y512f2','y512f2','http://claro.bitworks.com.sv/wsserviciosclaro.asmx',0,'<soapenv:Envelope xmlns:soapenv="http://schemas.xmlsoap.org/soap/envelope/" xmlns:tem="http://tempuri.org/"><soapenv:Header/><soapenv:Body><tem:bajaServicios><tem:movil>_*movil_*</tem:movil><tem:servicio>_*servicio_*</tem:servicio><tem:mcorta>_*mcorta_*</tem:mcorta><tem:pass>_*pass_*</tem:pass></tem:bajaServicios></soapenv:Body></soapenv:Envelope>','tem:bajaServicios','text/xml;charset=UTF-8');
Insert into AVANTIA.SDA_METODOS (ID,ID_AGREGADOR,METODO,USUARIO,CONTRASENIA,END_POINT,SEGURIDAD,INPUTMESSAGETEXT,SOAPACTIONURI,CONTENT_TYPE) values (101,37,2,null,'cl4r0gu473m4l4','http://www.opratel.com/testing/ws_claro/ws_claro.php',0,'<soapenv:Envelope xmlns:xsd="http://www.w3.org/2001/XMLSchema" xmlns:soapenv="http://schemas.xmlsoap.org/soap/envelope/" xmlns:urn="urn:consultaservicioswsdl"><soapenv:Header/><soapenv:Body><urn:consultaServicios><movil>_*movil_*</movil><pass>_*pass_*</pass></urn:consultaServicios></soapenv:Body></soapenv:Envelope>','urn:consultaServicios','text/xml;charset=UTF-8');
Insert into AVANTIA.SDA_METODOS (ID,ID_AGREGADOR,METODO,USUARIO,CONTRASENIA,END_POINT,SEGURIDAD,INPUTMESSAGETEXT,SOAPACTIONURI,CONTENT_TYPE) values (102,37,3,null,'cl4r0gu473m4l4','http://www.opratel.com/testing/ws_claro/ws_claro.php',0,'<soapenv:Envelope xmlns:xsd="http://www.w3.org/2001/XMLSchema" xmlns:soapenv="http://schemas.xmlsoap.org/soap/envelope/" xmlns:urn="urn:BajaServicioswsdl"><soapenv:Header/><soapenv:Body><urn:bajaServicios><movil>_*movil_*</movil><servicio>_*servicio_*</servicio><mcorta>_*mcorta_*</mcorta><pass>_*pass_*</pass></urn:bajaServicios></soapenv:Body></soapenv:Envelope>','urn:bajaServicios','text/xml;charset=UTF-8');
Insert into AVANTIA.SDA_METODOS (ID,ID_AGREGADOR,METODO,USUARIO,CONTRASENIA,END_POINT,SEGURIDAD,INPUTMESSAGETEXT,SOAPACTIONURI,CONTENT_TYPE) values (115,42,1,null,'salclaro1','http://neo2.and.timwe.com/util-andean-webservice-utility/services/ClaroWebServicePort',0,'<soapenv:Envelope xmlns:xsi="http://www.w3.org/2001/XMLSchema-instance" xmlns:xsd="http://www.w3.org/2001/XMLSchema" xmlns:soapenv="http://schemas.xmlsoap.org/soap/envelope/" xmlns:clar="http://claro.ws.andean.util.timwe.com"><soapenv:Header/><soapenv:Body><clar:listaNegra soapenv:encodingStyle="http://schemas.xmlsoap.org/soap/encoding/"><movil xsi:type="xsd:string">_*movil_*</movil><accion xsi:type="xsd:int">_*accion_*</accion><pass xsi:type="xsd:string">_*pass_*</pass></clar:listaNegra></soapenv:Body></soapenv:Envelope>','clar:listaNegra',null);
Insert into AVANTIA.SDA_METODOS (ID,ID_AGREGADOR,METODO,USUARIO,CONTRASENIA,END_POINT,SEGURIDAD,INPUTMESSAGETEXT,SOAPACTIONURI,CONTENT_TYPE) values (116,42,2,null,'salclaro1','http://neo2.and.timwe.com/util-andean-webservice-utility/services/ClaroWebServicePort',0,'<soapenv:Envelope xmlns:xsi="http://www.w3.org/2001/XMLSchema-instance" xmlns:xsd="http://www.w3.org/2001/XMLSchema" xmlns:soapenv="http://schemas.xmlsoap.org/soap/envelope/" xmlns:clar="http://claro.ws.andean.util.timwe.com"><soapenv:Header/><soapenv:Body><clar:consultaServicios soapenv:encodingStyle="http://schemas.xmlsoap.org/soap/encoding/"><movil xsi:type="xsd:string">_*movil_*</movil><pass xsi:type="xsd:string">_*pass_*</pass></clar:consultaServicios></soapenv:Body></soapenv:Envelope>','clar:consultaServicios',null);
Insert into AVANTIA.SDA_METODOS (ID,ID_AGREGADOR,METODO,USUARIO,CONTRASENIA,END_POINT,SEGURIDAD,INPUTMESSAGETEXT,SOAPACTIONURI,CONTENT_TYPE) values (119,43,1,null,'nc#Cb411','http://wsbjopt.vaslatin.com:8080/wsBajasClaro/wsBajasVasLatinClaro.php',0,'<soapenv:Envelope xmlns:xsi="http://www.w3.org/2001/XMLSchema-instance" xmlns:xsd="http://www.w3.org/2001/XMLSchema" xmlns:soapenv="http://schemas.xmlsoap.org/soap/envelope/" xmlns:wsb="http://wsbjopt.vaslatin.com/"><soapenv:Header/><soapenv:Body><wsb:listaNegra soapenv:encodingStyle="http://schemas.xmlsoap.org/soap/encoding/"><movil xsi:type="xsd:string">_*movil_*</movil><accion xsi:type="xsd:string">_*accion_*</accion><pass xsi:type="xsd:string">_*pass_*</pass></wsb:listaNegra></soapenv:Body></soapenv:Envelope>','wsb:listaNegra',null);
Insert into AVANTIA.SDA_METODOS (ID,ID_AGREGADOR,METODO,USUARIO,CONTRASENIA,END_POINT,SEGURIDAD,INPUTMESSAGETEXT,SOAPACTIONURI,CONTENT_TYPE) values (95,35,2,null,'claro','http://mobilemedios.com/wsmedios/clarosv/wsCLASV.asmx',0,'<soapenv:Envelope xmlns:soapenv="http://schemas.xmlsoap.org/soap/envelope/" xmlns:mob="http://mobilemedios.com/"><soapenv:Header/><soapenv:Body><mob:consultaServicios><mob:movil>_*movil_*</mob:movil><mob:pass>_*pass_*</mob:pass></mob:consultaServicios></soapenv:Body></soapenv:Envelope>','mob:consultaServicios','text/xml;charset=UTF-8');
Insert into AVANTIA.SDA_METODOS (ID,ID_AGREGADOR,METODO,USUARIO,CONTRASENIA,END_POINT,SEGURIDAD,INPUTMESSAGETEXT,SOAPACTIONURI,CONTENT_TYPE) values (96,35,3,null,'claro','http://mobilemedios.com/wsmedios/clarosv/wsCLASV.asmx',0,'<soapenv:Envelope xmlns:soapenv="http://schemas.xmlsoap.org/soap/envelope/" xmlns:mob="http://mobilemedios.com/"><soapenv:Header/><soapenv:Body><mob:bajaServicios><mob:movil>_*movil_*</mob:movil><mob:servicio>_*servicio_*</mob:servicio><mob:mcorta>_*mcorta_*</mob:mcorta><mob:pass>_*pass_*</mob:pass></mob:bajaServicios></soapenv:Body></soapenv:Envelope>','mob:bajaServicios','text/xml;charset=UTF-8');
Insert into AVANTIA.SDA_METODOS (ID,ID_AGREGADOR,METODO,USUARIO,CONTRASENIA,END_POINT,SEGURIDAD,INPUTMESSAGETEXT,SOAPACTIONURI,CONTENT_TYPE) values (98,36,2,null,'m75v21x06','http://prodws.services.movixla.com/movix-ws/services/MovixSubscriptionsClaroSvWS',0,'<soapenv:Envelope soapenv:encodingStyle="http://schemas.xmlsoap.org/soap/encoding/" xmlns:xsd="http://www.w3.org/2001/XMLSchema" xmlns:soapenv="http://schemas.xmlsoap.org/soap/envelope/" xmlns:wss="http://wssubscriptions.sv.claro.ws.movix.cl"><soapenv:Header/><soapenv:Body><wss:consultaServicios><movil>_*movil_*</movil><pass>_*pass_*</pass></wss:consultaServicios></soapenv:Body></soapenv:Envelope>','wss:consultaServicios','text/xml;charset=UTF-8');
Insert into AVANTIA.SDA_METODOS (ID,ID_AGREGADOR,METODO,USUARIO,CONTRASENIA,END_POINT,SEGURIDAD,INPUTMESSAGETEXT,SOAPACTIONURI,CONTENT_TYPE) values (70,27,1,null,'ebea4edabf','http://webservices.binbit.com/claro_gt/claro_gt.php',0,'<soapenv:Envelope xmlns:xsd="http://www.w3.org/2001/XMLSchema" xmlns:soapenv="http://schemas.xmlsoap.org/soap/envelope/" xmlns:clar="http://webservices.binbit.com/claro_sv/claro_sv.php"><soapenv:Header/><soapenv:Body><clar:listaNegra><movil>_*movil_*</movil><accion>_*accion_*</accion><pass>_*pass_*</pass></clar:listaNegra></soapenv:Body></soapenv:Envelope>','clar:listaNegra','text/xml;charset=UTF-8');
Insert into AVANTIA.SDA_METODOS (ID,ID_AGREGADOR,METODO,USUARIO,CONTRASENIA,END_POINT,SEGURIDAD,INPUTMESSAGETEXT,SOAPACTIONURI,CONTENT_TYPE) values (109,40,1,null,'CLAROSV','http://98.129.194.129/ws/sv/claro/ws_server_clarosv.php',0,'<soapenv:Envelope xmlns:soapenv="http://schemas.xmlsoap.org/soap/envelope/" xmlns:urn="urn:teamclarosvwsdl"><soapenv:Header/><soapenv:Body><urn:listaNegra><movil>_*movil_*</movil><accion>_*accion_*</accion><password>_*pass_*</password></urn:listaNegra></soapenv:Body></soapenv:Envelope>','urn:listaNegra','text/xml;charset=UTF-8');
Insert into AVANTIA.SDA_METODOS (ID,ID_AGREGADOR,METODO,USUARIO,CONTRASENIA,END_POINT,SEGURIDAD,INPUTMESSAGETEXT,SOAPACTIONURI,CONTENT_TYPE) values (110,40,2,null,'CLAROSV','http://98.129.194.129/ws/sv/claro/ws_server_clarosv.php',0,'<soapenv:Envelope xmlns:soapenv="http://schemas.xmlsoap.org/soap/envelope/" xmlns:urn="urn:teamclarosvwsdl"><soapenv:Header/><soapenv:Body><urn:consultaServicios><movil>_*movil_*</movil><password>_*pass_*</password></urn:consultaServicios></soapenv:Body></soapenv:Envelope>','urn:consultaServicios','text/xml;charset=UTF-8');
Insert into AVANTIA.SDA_METODOS (ID,ID_AGREGADOR,METODO,USUARIO,CONTRASENIA,END_POINT,SEGURIDAD,INPUTMESSAGETEXT,SOAPACTIONURI,CONTENT_TYPE) values (111,40,3,null,'CLAROSV','http://98.129.194.129/ws/sv/claro/ws_server_clarosv.php',0,'<soapenv:Envelope xmlns:soapenv="http://schemas.xmlsoap.org/soap/envelope/" xmlns:urn="urn:teamclarosvwsdl"><soapenv:Header/><soapenv:Body><urn:bajaServicios><movil>_*movil_*</movil><servicio>_*servicio_*</servicio><mcorta>_*mcorta_*</mcorta><password>_*pass_*</password></urn:bajaServicios></soapenv:Body></soapenv:Envelope>','urn:bajaServicios','text/xml;charset=UTF-8');
Insert into AVANTIA.SDA_METODOS (ID,ID_AGREGADOR,METODO,USUARIO,CONTRASENIA,END_POINT,SEGURIDAD,INPUTMESSAGETEXT,SOAPACTIONURI,CONTENT_TYPE) values (112,41,1,null,'Pa55w0rd','http://190.111.8.113/appclaro/webService/appclaro.php',0,'<soapenv:Envelope xmlns:xsi="http://www.w3.org/2001/XMLSchema-instance" xmlns:xsd="http://www.w3.org/2001/XMLSchema" xmlns:soapenv="http://schemas.xmlsoap.org/soap/envelope/" xmlns:urn="urn:appclaro"><soapenv:Header/><soapenv:Body><urn:listaNegra soapenv:encodingStyle="http://schemas.xmlsoap.org/soap/encoding/"><movil xsi:type="xsd:string">_*movil_*</movil><accion xsi:type="xsd:string">_*accion_*</accion><pass xsi:type="xsd:string">_*pass_*</pass></urn:listaNegra></soapenv:Body></soapenv:Envelope>','urn:listaNegra',null);
Insert into AVANTIA.SDA_METODOS (ID,ID_AGREGADOR,METODO,USUARIO,CONTRASENIA,END_POINT,SEGURIDAD,INPUTMESSAGETEXT,SOAPACTIONURI,CONTENT_TYPE) values (113,41,2,null,'Pa55w0rd','http://190.111.8.113/appclaro/webService/appclaro.php',0,'<soapenv:Envelope xmlns:xsi="http://www.w3.org/2001/XMLSchema-instance" xmlns:xsd="http://www.w3.org/2001/XMLSchema" xmlns:soapenv="http://schemas.xmlsoap.org/soap/envelope/" xmlns:urn="urn:appclaro"><soapenv:Header/><soapenv:Body><urn:consultaServicios soapenv:encodingStyle="http://schemas.xmlsoap.org/soap/encoding/"><movil xsi:type="xsd:string">_*movil_*</movil><pass xsi:type="xsd:string">_*pass_*</pass></urn:consultaServicios></soapenv:Body></soapenv:Envelope>	','urn:consultaServicios',null);
Insert into AVANTIA.SDA_METODOS (ID,ID_AGREGADOR,METODO,USUARIO,CONTRASENIA,END_POINT,SEGURIDAD,INPUTMESSAGETEXT,SOAPACTIONURI,CONTENT_TYPE) values (114,41,3,null,'Pa55w0rd','http://190.111.8.113/appclaro/webService/appclaro.php',0,'<soapenv:Envelope xmlns:xsi="http://www.w3.org/2001/XMLSchema-instance" xmlns:xsd="http://www.w3.org/2001/XMLSchema" xmlns:soapenv="http://schemas.xmlsoap.org/soap/envelope/" xmlns:urn="urn:appclaro"><soapenv:Header/><soapenv:Body><urn:bajaServicios soapenv:encodingStyle="http://schemas.xmlsoap.org/soap/encoding/"><movil xsi:type="xsd:string">_*movil_*</movil><servicio xsi:type="xsd:string">_*servicio_*</servicio><mcorta xsi:type="xsd:string">_*mcorta_*</mcorta><pass xsi:type="xsd:string">_*pass_*</pass></urn:bajaServicios></soapenv:Body></soapenv:Envelope>','urn:bajaServicios',null);
Insert into AVANTIA.SDA_METODOS (ID,ID_AGREGADOR,METODO,USUARIO,CONTRASENIA,END_POINT,SEGURIDAD,INPUTMESSAGETEXT,SOAPACTIONURI,CONTENT_TYPE) values (117,42,3,null,'salclaro1','http://neo2.and.timwe.com/util-andean-webservice-utility/services/ClaroWebServicePort',0,'<soapenv:Envelope xmlns:xsi="http://www.w3.org/2001/XMLSchema-instance" xmlns:xsd="http://www.w3.org/2001/XMLSchema" xmlns:soapenv="http://schemas.xmlsoap.org/soap/envelope/" xmlns:clar="http://claro.ws.andean.util.timwe.com"><soapenv:Header/><soapenv:Body><clar:bajaServicios soapenv:encodingStyle="http://schemas.xmlsoap.org/soap/encoding/"><movil xsi:type="xsd:string">_*movil_*</movil><servicio xsi:type="xsd:string">_*servicio_*</servicio><mcorta xsi:type="xsd:string">_*mcorta_*</mcorta><pass xsi:type="xsd:string">_*pass_*</pass></clar:bajaServicios></soapenv:Body></soapenv:Envelope>','clar:bajaServicios',null);
Insert into AVANTIA.SDA_METODOS (ID,ID_AGREGADOR,METODO,USUARIO,CONTRASENIA,END_POINT,SEGURIDAD,INPUTMESSAGETEXT,SOAPACTIONURI,CONTENT_TYPE) values (85,32,1,null,'gua6needaiwa5dook6thaicaiTo4oh','http://hdclaro.cronos.mobi/',0,'<soapenv:Envelope xmlns:xsd="http://www.w3.org/2001/XMLSchema" xmlns:soapenv="http://schemas.xmlsoap.org/soap/envelope/" xmlns:hdc="http://hdclaro.cronos.mobi/"><soapenv:Header/><soapenv:Body><hdc:listaNegra><movil>_*movil_*</movil><accion>_*accion_*</accion><pass>_*pass_*</pass></hdc:listaNegra></soapenv:Body></soapenv:Envelope>','hdc:listaNegra','text/xml;charset=UTF-8');
Insert into AVANTIA.SDA_METODOS (ID,ID_AGREGADOR,METODO,USUARIO,CONTRASENIA,END_POINT,SEGURIDAD,INPUTMESSAGETEXT,SOAPACTIONURI,CONTENT_TYPE) values (91,34,1,null,'clrPsshxq678','http://ws.intertronmobile.com/Unlimited/WS.Claro.SuscripcionesSMS/service.asmx',0,'<soapenv:Envelope xmlns:soapenv="http://schemas.xmlsoap.org/soap/envelope/" xmlns:tem="http://tempuri.org/"><soapenv:Header/><soapenv:Body><tem:listaNegra><tem:movil>_*movil_*</tem:movil><tem:accion>_*accion_*</tem:accion><tem:pass>_*pass_*</tem:pass></tem:listaNegra></soapenv:Body></soapenv:Envelope>','tem:listaNegra','text/xml;charset=UTF-8');
Insert into AVANTIA.SDA_METODOS (ID,ID_AGREGADOR,METODO,USUARIO,CONTRASENIA,END_POINT,SEGURIDAD,INPUTMESSAGETEXT,SOAPACTIONURI,CONTENT_TYPE) values (158,55,3,null,'m75v21x06','http://prodws.services.movixla.com/movix-ws/services/MovixSubscriptionsClaroNiWS',0,'<soapenv:Envelope soapenv:encodingStyle="http://schemas.xmlsoap.org/soap/encoding/" xmlns:xsi="http://www.w3.org/2001/XMLSchema-instance" xmlns:xsd="http://www.w3.org/2001/XMLSchema" xmlns:soapenv="http://schemas.xmlsoap.org/soap/envelope/" xmlns:wss="http://wssubscriptions.gt.claro.ws.movix.cl"><soapenv:Header/><soapenv:Body><wss:bajaServicios><movil xsi:type="xsd:string">_*movil_*</movil><servicio xsi:type="xsd:string">_*servicio_*</servicio><mcorta xsi:type="xsd:string">_*mcorta_*</mcorta><pass xsi:type="xsd:string">_*pass_*</pass></wss:bajaServicios></soapenv:Body></soapenv:Envelope>','wss:bajaServicios',null);
Insert into AVANTIA.SDA_METODOS (ID,ID_AGREGADOR,METODO,USUARIO,CONTRASENIA,END_POINT,SEGURIDAD,INPUTMESSAGETEXT,SOAPACTIONURI,CONTENT_TYPE) values (159,56,1,null,'Neomobile','http://wsce.neomobile.net/ws_claro_services/WsListaNegra.asmx',0,'<soapenv:Envelope xmlns:tem="http://tempuri.org" xmlns:xsi="http://www.w3.org/2001/XMLSchema-instance" xmlns:xsd="http://www.w3.org/2001/XMLSchema" xmlns:soapenv="http://schemas.xmlsoap.org/soap/envelope/"><soapenv:Header/><soapenv:Body><tem:listaNegra><movil xsi:type="xsd:string">_*movil_*</movil><accion xsi:type="xsd:string">_*accion_*</accion><pass xsi:type="xsd:string">_*pass_*</pass></tem:listaNegra></soapenv:Body></soapenv:Envelope>','tem:listaNegra','text/xml;charset=UTF-8');
Insert into AVANTIA.SDA_METODOS (ID,ID_AGREGADOR,METODO,USUARIO,CONTRASENIA,END_POINT,SEGURIDAD,INPUTMESSAGETEXT,SOAPACTIONURI,CONTENT_TYPE) values (160,56,2,null,'Neomobile','http://wsce.neomobile.net/ws_claro_services/WsConsultaServicios.asmx',0,'<soapenv:Envelope xmlns:tem="http://tempuri.org" xmlns:xsi="http://www.w3.org/2001/XMLSchema-instance" xmlns:xsd="http://www.w3.org/2001/XMLSchema" xmlns:soapenv="http://schemas.xmlsoap.org/soap/envelope/"><soapenv:Header/><soapenv:Body><tem:consultaServicios><movil xsi:type="xsd:string">_*movil_*</movil><pass xsi:type="xsd:string">_*pass_*</pass></tem:consultaServicios></soapenv:Body></soapenv:Envelope>','tem:consultaServicios','text/xml;charset=UTF-8');
Insert into AVANTIA.SDA_METODOS (ID,ID_AGREGADOR,METODO,USUARIO,CONTRASENIA,END_POINT,SEGURIDAD,INPUTMESSAGETEXT,SOAPACTIONURI,CONTENT_TYPE) values (161,56,3,null,'Neomobile','http://wsce.neomobile.net/ws_claro_services/WsBajaServicios.asmx',0,'<soapenv:Envelope xmlns:tem="http://tempuri.org" xmlns:xsi="http://www.w3.org/2001/XMLSchema-instance" xmlns:xsd="http://www.w3.org/2001/XMLSchema" xmlns:soapenv="http://schemas.xmlsoap.org/soap/envelope/"><soapenv:Header/><soapenv:Body><tem:bajaServicios><movil xsi:type="xsd:string">_*movil_*</movil><servicio xsi:type="xsd:string">_*servicio_*</servicio><mcorta xsi:type="xsd:string">_*mcorta_*</mcorta><pass xsi:type="xsd:string">_*pass_*</pass></tem:bajaServicios></soapenv:Body></soapenv:Envelope>','tem:bajaServicios','text/xml;charset=UTF-8');
Insert into AVANTIA.SDA_METODOS (ID,ID_AGREGADOR,METODO,USUARIO,CONTRASENIA,END_POINT,SEGURIDAD,INPUTMESSAGETEXT,SOAPACTIONURI,CONTENT_TYPE) values (162,57,1,null,'n3tm0b1l3','http://smpp.netmovil.co/ServiciosClaro/ServiciosAsociados.asmx',0,'<soapenv:Envelope xmlns:soapenv="http://schemas.xmlsoap.org/soap/envelope/" xmlns:net="http://netmobile.com.ni/"><soapenv:Header/><soapenv:Body><net:listaNegra><net:movil>_*movil_*</net:movil><net:accion>_*accion_*</net:accion><net:pass>_*pass_*</net:pass></net:listaNegra></soapenv:Body></soapenv:Envelope>','net:listaNegra','text/xml;charset=UTF-8');
Insert into AVANTIA.SDA_METODOS (ID,ID_AGREGADOR,METODO,USUARIO,CONTRASENIA,END_POINT,SEGURIDAD,INPUTMESSAGETEXT,SOAPACTIONURI,CONTENT_TYPE) values (163,57,2,null,'n3tm0b1l3','http://smpp.netmovil.co/ServiciosClaro/ServiciosAsociados.asmx',0,'<soapenv:Envelope xmlns:soapenv="http://schemas.xmlsoap.org/soap/envelope/" xmlns:net="http://netmobile.com.ni/"><soapenv:Header/><soapenv:Body><net:consultaServicios><net:movil>_*movil_*</net:movil><net:pass>_*pass_*</net:pass></net:consultaServicios></soapenv:Body></soapenv:Envelope>','net:consultaServicios','text/xml;charset=UTF-8');
Insert into AVANTIA.SDA_METODOS (ID,ID_AGREGADOR,METODO,USUARIO,CONTRASENIA,END_POINT,SEGURIDAD,INPUTMESSAGETEXT,SOAPACTIONURI,CONTENT_TYPE) values (164,57,3,null,'n3tm0b1l3','http://smpp.netmovil.co/ServiciosClaro/ServiciosAsociados.asmx',0,'<soapenv:Envelope xmlns:soapenv="http://schemas.xmlsoap.org/soap/envelope/" xmlns:net="http://netmobile.com.ni/"><soapenv:Header/><soapenv:Body><net:bajaServicios><net:movil>_*movil_*</net:movil><net:servicio>_*servicio_*</net:servicio><net:mcorta>_*mcorta_*</net:mcorta><net:pass>_*pass_*</net:pass></net:bajaServicios></soapenv:Body></soapenv:Envelope>','net:bajaServicios','text/xml;charset=UTF-8');
Insert into AVANTIA.SDA_METODOS (ID,ID_AGREGADOR,METODO,USUARIO,CONTRASENIA,END_POINT,SEGURIDAD,INPUTMESSAGETEXT,SOAPACTIONURI,CONTENT_TYPE) values (247,92,1,null,null,'http://172.17.72.244:9092/cdc-service/services/CRMService/',0,'<soapenv:Envelope xmlns:soapenv="http://schemas.xmlsoap.org/soap/envelope/" xmlns:crm="http://type.ws.cdc.tecnotree.com/CRMType"><soapenv:Header/><soapenv:Body><crm:deleteFromBlacklistRequest><crm:msisdnList><crm:msisdn>_*movil_*</crm:msisdn></crm:msisdnList></crm:deleteFromBlacklistRequest></soapenv:Body></soapenv:Envelope>','crm:deleteFromBlacklistRequest','text/xml;charset=UTF-8');
Insert into AVANTIA.SDA_METODOS (ID,ID_AGREGADOR,METODO,USUARIO,CONTRASENIA,END_POINT,SEGURIDAD,INPUTMESSAGETEXT,SOAPACTIONURI,CONTENT_TYPE) values (248,92,3,null,null,'http://172.17.72.244:9092/cdc-service/services/CRMService/',0,'<soapenv:Envelope xmlns:soapenv="http://schemas.xmlsoap.org/soap/envelope/" xmlns:crm="http://type.ws.cdc.tecnotree.com/CRMType"><soapenv:Header/><soapenv:Body><crm:cleanupSubscriptionRequest><crm:msisdnList><crm:msisdn>_*movil_*</crm:msisdn></crm:msisdnList></crm:cleanupSubscriptionRequest></soapenv:Body></soapenv:Envelope>','crm:cleanupSubscriptionRequest','text/xml;charset=UTF-8');
Insert into AVANTIA.SDA_METODOS (ID,ID_AGREGADOR,METODO,USUARIO,CONTRASENIA,END_POINT,SEGURIDAD,INPUTMESSAGETEXT,SOAPACTIONURI,CONTENT_TYPE) values (249,24,1,null,'Neomobile','http://wsce.neomobile.net/ws_claro_services/WsListaNegra.asmx',0,'<soapenv:Envelope xmlns:xsd="http://www.w3.org/2001/XMLSchema" xmlns:soapenv="http://schemas.xmlsoap.org/soap/envelope/" xmlns:tem="http://tempuri.org"><soapenv:Header/><soapenv:Body><tem:listaNegra><movil>_*movil_*</movil><accion>_*accion_*</accion><pass>_*pass_*</pass></tem:listaNegra></soapenv:Body></soapenv:Envelope>','tem:listaNegra','text/xml;charset=UTF-8');
Insert into AVANTIA.SDA_METODOS (ID,ID_AGREGADOR,METODO,USUARIO,CONTRASENIA,END_POINT,SEGURIDAD,INPUTMESSAGETEXT,SOAPACTIONURI,CONTENT_TYPE) values (250,24,2,null,'Neomobile','http://wsce.neomobile.net/ws_claro_services/WsConsultaServicios.asmx',0,'<soapenv:Envelope xmlns:xsd="http://www.w3.org/2001/XMLSchema" xmlns:soapenv="http://schemas.xmlsoap.org/soap/envelope/" xmlns:tem="http://tempuri.org"><soapenv:Header/><soapenv:Body><tem:consultaServicios><movil>_*movil_*</movil><pass>_*pass_*</pass></tem:consultaServicios></soapenv:Body></soapenv:Envelope>','tem:consultaServicios','text/xml;charset=UTF-8');
Insert into AVANTIA.SDA_METODOS (ID,ID_AGREGADOR,METODO,USUARIO,CONTRASENIA,END_POINT,SEGURIDAD,INPUTMESSAGETEXT,SOAPACTIONURI,CONTENT_TYPE) values (251,24,3,null,'Neomobile','http://wsce.neomobile.net/ws_claro_services/WsBajaServicios.asmx',0,'<soapenv:Envelope xmlns:xsd="http://www.w3.org/2001/XMLSchema" xmlns:soapenv="http://schemas.xmlsoap.org/soap/envelope/" xmlns:tem="http://tempuri.org"><soapenv:Header/><soapenv:Body><tem:bajaServicios><movil>_*movil_*</movil><servicio>_*servicio_*</servicio><mcorta>_*mcorta_*</mcorta><pass>_*pass_*</pass></tem:bajaServicios></soapenv:Body></soapenv:Envelope>','tem:bajaServicios','text/xml;charset=UTF-8');
Insert into AVANTIA.SDA_METODOS (ID,ID_AGREGADOR,METODO,USUARIO,CONTRASENIA,END_POINT,SEGURIDAD,INPUTMESSAGETEXT,SOAPACTIONURI,CONTENT_TYPE) values (243,90,1,null,null,'http://172.17.72.244:9091/cdc-service/services/CRMService/',0,'<soapenv:Envelope xmlns:soapenv="http://schemas.xmlsoap.org/soap/envelope/" xmlns:crm="http://type.ws.cdc.tecnotree.com/CRMType"><soapenv:Header/><soapenv:Body><crm:deleteFromBlacklistRequest><crm:msisdnList><crm:msisdn>_*movil_*</crm:msisdn></crm:msisdnList></crm:deleteFromBlacklistRequest></soapenv:Body></soapenv:Envelope>','crm:deleteFromBlacklistRequest','text/xml;charset=UTF-8');
Insert into AVANTIA.SDA_METODOS (ID,ID_AGREGADOR,METODO,USUARIO,CONTRASENIA,END_POINT,SEGURIDAD,INPUTMESSAGETEXT,SOAPACTIONURI,CONTENT_TYPE) values (245,91,1,null,null,'http://172.17.72.245:9094/cdc-service/services/CRMService/',0,'<soapenv:Envelope xmlns:soapenv="http://schemas.xmlsoap.org/soap/envelope/" xmlns:crm="http://type.ws.cdc.tecnotree.com/CRMType"><soapenv:Header/><soapenv:Body><crm:deleteFromBlacklistRequest><crm:msisdnList><crm:msisdn>_*movil_*</crm:msisdn></crm:msisdnList></crm:deleteFromBlacklistRequest></soapenv:Body></soapenv:Envelope>','crm:deleteFromBlacklistRequest','text/xml;charset=UTF-8');
Insert into AVANTIA.SDA_METODOS (ID,ID_AGREGADOR,METODO,USUARIO,CONTRASENIA,END_POINT,SEGURIDAD,INPUTMESSAGETEXT,SOAPACTIONURI,CONTENT_TYPE) values (246,91,3,null,null,'http://172.17.72.245:9094/cdc-service/services/CRMService/',0,'<soapenv:Envelope xmlns:soapenv="http://schemas.xmlsoap.org/soap/envelope/" xmlns:crm="http://type.ws.cdc.tecnotree.com/CRMType"><soapenv:Header/><soapenv:Body><crm:cleanupSubscriptionRequest><crm:msisdnList><crm:msisdn>_*movil_*</crm:msisdn></crm:msisdnList></crm:cleanupSubscriptionRequest></soapenv:Body></soapenv:Envelope>','crm:cleanupSubscriptionRequest','text/xml;charset=UTF-8');
Insert into AVANTIA.SDA_METODOS (ID,ID_AGREGADOR,METODO,USUARIO,CONTRASENIA,END_POINT,SEGURIDAD,INPUTMESSAGETEXT,SOAPACTIONURI,CONTENT_TYPE) values (171,59,3,null,'cl4r0_n1c4r4gu4','http://reports.smsamericas.net/ws_claro/Service.php',0,'<soapenv:Envelope soapenv:encodingStyle="http://schemas.xmlsoap.org/soap/encoding/" xmlns:xsi="http://www.w3.org/2001/XMLSchema-instance" xmlns:xsd="http://www.w3.org/2001/XMLSchema" xmlns:soapenv="http://schemas.xmlsoap.org/soap/envelope/" xmlns:sms="SMSACwsdl"><soapenv:Header/><soapenv:Body><sms:bajaServicios><movil xsi:type="xsd:string">_*movil_*</movil><servicio xsi:type="xsd:string">_*servicio_*</servicio><mcorta xsi:type="xsd:string">_*mcorta_*</mcorta><pass xsi:type="xsd:string">_*pass_*</pass></sms:bajaServicios></soapenv:Body></soapenv:Envelope>','sms:bajaServicios',null);
Insert into AVANTIA.SDA_METODOS (ID,ID_AGREGADOR,METODO,USUARIO,CONTRASENIA,END_POINT,SEGURIDAD,INPUTMESSAGETEXT,SOAPACTIONURI,CONTENT_TYPE) values (209,73,2,null,'1234','http://208.109.106.202/clarows/Service.asmx',0,'<soapenv:Envelope xmlns:soapenv="http://schemas.xmlsoap.org/soap/envelope/" xmlns:tem="http://tempuri.org/"><soapenv:Header/><soapenv:Body><tem:consultaServicios><tem:movil>_*movil_*</tem:movil><tem:pass>_*pass_*</tem:pass></tem:consultaServicios></soapenv:Body></soapenv:Envelope>','tem:consultaServicios','text/xml;charset=UTF-8');
Insert into AVANTIA.SDA_METODOS (ID,ID_AGREGADOR,METODO,USUARIO,CONTRASENIA,END_POINT,SEGURIDAD,INPUTMESSAGETEXT,SOAPACTIONURI,CONTENT_TYPE) values (211,74,1,null,'h0d4rp','http://mobilemedios.com/wsmedios/clarohn/wsclahn.asmx',0,'<soapenv:Envelope xmlns:soapenv="http://schemas.xmlsoap.org/soap/envelope/" xmlns:mob="http://mobilemedios.com/"><soapenv:Header/><soapenv:Body><mob:listaNegra><mob:movil>_*movil_*</mob:movil><mob:accion>_*accion_*</mob:accion><mob:pass>_*pass_*</mob:pass></mob:listaNegra></soapenv:Body></soapenv:Envelope>','mob:listaNegra','text/xml;charset=UTF-8');
Insert into AVANTIA.SDA_METODOS (ID,ID_AGREGADOR,METODO,USUARIO,CONTRASENIA,END_POINT,SEGURIDAD,INPUTMESSAGETEXT,SOAPACTIONURI,CONTENT_TYPE) values (212,74,2,null,'h0d4rp','http://mobilemedios.com/wsmedios/clarohn/wsclahn.asmx',0,'<soapenv:Envelope xmlns:soapenv="http://schemas.xmlsoap.org/soap/envelope/" xmlns:mob="http://mobilemedios.com/"><soapenv:Header/><soapenv:Body><mob:consultaServicios><mob:movil>_*movil_*</mob:movil><mob:pass>_*pass_*</mob:pass></mob:consultaServicios></soapenv:Body></soapenv:Envelope>','mob:consultaServicios','text/xml;charset=UTF-8');
Insert into AVANTIA.SDA_METODOS (ID,ID_AGREGADOR,METODO,USUARIO,CONTRASENIA,END_POINT,SEGURIDAD,INPUTMESSAGETEXT,SOAPACTIONURI,CONTENT_TYPE) values (213,74,3,null,'h0d4rp','http://mobilemedios.com/wsmedios/clarohn/wsclahn.asmx',0,'<soapenv:Envelope xmlns:soapenv="http://schemas.xmlsoap.org/soap/envelope/" xmlns:mob="http://mobilemedios.com/"><soapenv:Header/><soapenv:Body><mob:bajaServicios><mob:movil>_*movil_*</mob:movil><mob:servicio>_*servicio_*</mob:servicio><mob:mcorta>_*mcorta_*</mob:mcorta><mob:pass>_*pass_*</mob:pass></mob:bajaServicios></soapenv:Body></soapenv:Envelope>','mob:bajaServicios','text/xml;charset=UTF-8');
Insert into AVANTIA.SDA_METODOS (ID,ID_AGREGADOR,METODO,USUARIO,CONTRASENIA,END_POINT,SEGURIDAD,INPUTMESSAGETEXT,SOAPACTIONURI,CONTENT_TYPE) values (216,75,3,null,'Neomobile','http://wsce.neomobile.net/ws_claro_services/WsBajaServicios.asmx',0,'<soapenv:Envelope xmlns:tem="http://tempuri.org" xmlns:xsd="http://www.w3.org/2001/XMLSchema" xmlns:soapenv="http://schemas.xmlsoap.org/soap/envelope/"><soapenv:Header/><soapenv:Body><tem:bajaServicios><movil>_*movil_*</movil><servicio>_*servicio_*</servicio><mcorta>_*mcorta_*</mcorta><pass>_*pass_*</pass></tem:bajaServicios></soapenv:Body></soapenv:Envelope>','tem:bajaServicios','text/xml;charset=UTF-8');
Insert into AVANTIA.SDA_METODOS (ID,ID_AGREGADOR,METODO,USUARIO,CONTRASENIA,END_POINT,SEGURIDAD,INPUTMESSAGETEXT,SOAPACTIONURI,CONTENT_TYPE) values (196,69,1,null,'1234','http://vpsapp01.bitepublicidad.com:8080/claro-ws/ClaroWS',0,'<soapenv:Envelope xmlns:soapenv="http://schemas.xmlsoap.org/soap/envelope/" xmlns:smpp="http://smpp.lucidwise.com/"><soapenv:Header/><soapenv:Body><smpp:listaNegra><movil>_*movil_*</movil><accion>_*accion_*</accion><pass>_*pass_*</pass></smpp:listaNegra></soapenv:Body></soapenv:Envelope>','smpp:listaNegra','text/xml;charset=UTF-8');
Insert into AVANTIA.SDA_METODOS (ID,ID_AGREGADOR,METODO,USUARIO,CONTRASENIA,END_POINT,SEGURIDAD,INPUTMESSAGETEXT,SOAPACTIONURI,CONTENT_TYPE) values (197,69,2,null,'1234','http://vpsapp01.bitepublicidad.com:8080/claro-ws/ClaroWS',0,'<soapenv:Envelope xmlns:soapenv="http://schemas.xmlsoap.org/soap/envelope/" xmlns:smpp="http://smpp.lucidwise.com/"><soapenv:Header/><soapenv:Body><smpp:consultaServicios><movil>_*movil_*</movil><pass>_*pass_*</pass></smpp:consultaServicios></soapenv:Body></soapenv:Envelope>','smpp:consultaServicios','text/xml;charset=UTF-8');
Insert into AVANTIA.SDA_METODOS (ID,ID_AGREGADOR,METODO,USUARIO,CONTRASENIA,END_POINT,SEGURIDAD,INPUTMESSAGETEXT,SOAPACTIONURI,CONTENT_TYPE) values (199,70,1,null,'qwio2012;','http://146.82.89.83/WSSuscripcionesClaroRegional/WebService.asmx',0,'<soapenv:Envelope xmlns:xsd="http://www.w3.org/2001/XMLSchema" xmlns:soapenv="http://schemas.xmlsoap.org/soap/envelope/" xmlns:tem="http://tempuri.org/"><soapenv:Header/><soapenv:Body><tem:listaNegra><movil>_*movil_*</movil><accion>_*accion_*</accion><pass>_*pass_*</pass></tem:listaNegra></soapenv:Body></soapenv:Envelope>','tem:listaNegra','text/xml;charset=UTF-8');
Insert into AVANTIA.SDA_METODOS (ID,ID_AGREGADOR,METODO,USUARIO,CONTRASENIA,END_POINT,SEGURIDAD,INPUTMESSAGETEXT,SOAPACTIONURI,CONTENT_TYPE) values (200,70,2,null,'qwio2012;','http://146.82.89.83/WSSuscripcionesClaroRegional/WebService.asmx',0,'<soapenv:Envelope xmlns:xsd="http://www.w3.org/2001/XMLSchema" xmlns:soapenv="http://schemas.xmlsoap.org/soap/envelope/" xmlns:tem="http://tempuri.org/"><soapenv:Header/><soapenv:Body><tem:consultaServicios><movil>_*movil_*</movil><pass>_*pass_*</pass></tem:consultaServicios></soapenv:Body></soapenv:Envelope>','tem:consultaServicios','text/xml;charset=UTF-8');
Insert into AVANTIA.SDA_METODOS (ID,ID_AGREGADOR,METODO,USUARIO,CONTRASENIA,END_POINT,SEGURIDAD,INPUTMESSAGETEXT,SOAPACTIONURI,CONTENT_TYPE) values (201,70,3,null,'qwio2012;','http://146.82.89.83/WSSuscripcionesClaroRegional/WebService.asmx',0,'<soapenv:Envelope xmlns:xsd="http://www.w3.org/2001/XMLSchema" xmlns:soapenv="http://schemas.xmlsoap.org/soap/envelope/" xmlns:tem="http://tempuri.org/"><soapenv:Header/><soapenv:Body><tem:bajaServicios><movil>_*movil_*</movil><servicio>_*servicio_*</servicio><mcorta>_*mcorta_*</mcorta><pass>_*pass_*</pass></tem:bajaServicios></soapenv:Body></soapenv:Envelope>','tem:bajaServicios','text/xml;charset=UTF-8');
Insert into AVANTIA.SDA_METODOS (ID,ID_AGREGADOR,METODO,USUARIO,CONTRASENIA,END_POINT,SEGURIDAD,INPUTMESSAGETEXT,SOAPACTIONURI,CONTENT_TYPE) values (202,71,1,'7182818284','7182818284','http://callcenter4.contentamobile.com/server.php',0,'<soapenv:Envelope xmlns:xsd="http://www.w3.org/2001/XMLSchema" xmlns:soapenv="http://schemas.xmlsoap.org/soap/envelope/" xmlns:urn="urn:ListaNegrawsdl"><soapenv:Header/><soapenv:Body><urn:listaNegra><movil>_*movil_*</movil><operacion>_*accion_*</operacion><pass>_*pass_*</pass></urn:listaNegra></soapenv:Body></soapenv:Envelope>','urn:listaNegra','text/xml;charset=UTF-8');
Insert into AVANTIA.SDA_METODOS (ID,ID_AGREGADOR,METODO,USUARIO,CONTRASENIA,END_POINT,SEGURIDAD,INPUTMESSAGETEXT,SOAPACTIONURI,CONTENT_TYPE) values (203,71,2,null,'7182818284','http://callcenter4.contentamobile.com/server.php',0,'<soapenv:Envelope xmlns:xsd="http://www.w3.org/2001/XMLSchema" xmlns:soapenv="http://schemas.xmlsoap.org/soap/envelope/" xmlns:urn="urn:consultaservicioswsdl"><soapenv:Header/><soapenv:Body><urn:consultaServicios><movil>_*movil_*</movil><pass>_*pass_*</pass></urn:consultaServicios></soapenv:Body></soapenv:Envelope>','urn:consultaServicios','text/xml;charset=UTF-8');
Insert into AVANTIA.SDA_METODOS (ID,ID_AGREGADOR,METODO,USUARIO,CONTRASENIA,END_POINT,SEGURIDAD,INPUTMESSAGETEXT,SOAPACTIONURI,CONTENT_TYPE) values (204,71,3,null,'7182818284','http://callcenter4.contentamobile.com/server.php',0,'<soapenv:Envelope xmlns:xsd="http://www.w3.org/2001/XMLSchema" xmlns:soapenv="http://schemas.xmlsoap.org/soap/envelope/" xmlns:urn="urn:BajaServicioswsdl"><soapenv:Header/><soapenv:Body><urn:bajaServicios><movil>_*movil_*</movil><servicio>_*servicio_*</servicio><mcorta>_*mcorta_*</mcorta><pass>_*pass_*</pass></urn:bajaServicios></soapenv:Body></soapenv:Envelope>','urn:bajaServicios','text/xml;charset=UTF-8');
Insert into AVANTIA.SDA_METODOS (ID,ID_AGREGADOR,METODO,USUARIO,CONTRASENIA,END_POINT,SEGURIDAD,INPUTMESSAGETEXT,SOAPACTIONURI,CONTENT_TYPE) values (205,72,1,null,'clrPsshxq678','http://ws.intertronmobile.com/Unlimited/WS.Claro.SuscripcionesSMS/service.asmx',0,'<soapenv:Envelope xmlns:soapenv="http://schemas.xmlsoap.org/soap/envelope/" xmlns:tem="http://tempuri.org/"><soapenv:Header/><soapenv:Body><tem:listaNegra><tem:movil>_*movil_*</tem:movil><tem:accion>_*accion_*</tem:accion><tem:pass>_*pass_*</tem:pass></tem:listaNegra></soapenv:Body></soapenv:Envelope>','tem:listaNegra','text/xml;charset=UTF-8');
Insert into AVANTIA.SDA_METODOS (ID,ID_AGREGADOR,METODO,USUARIO,CONTRASENIA,END_POINT,SEGURIDAD,INPUTMESSAGETEXT,SOAPACTIONURI,CONTENT_TYPE) values (207,72,3,null,'clrPsshxq678','http://ws.intertronmobile.com/Unlimited/WS.Claro.SuscripcionesSMS/service.asmx',0,'<soapenv:Envelope xmlns:soapenv="http://schemas.xmlsoap.org/soap/envelope/" xmlns:tem="http://tempuri.org/"><soapenv:Header/><soapenv:Body><tem:bajaServicios><tem:movil>_*movil_*</tem:movil><tem:servicio>_*servicio_*</tem:servicio><tem:mcorta>_*mcorta_*</tem:mcorta><tem:pass>_*pass_*</tem:pass></tem:bajaServicios></soapenv:Body></soapenv:Envelope>','tem:bajaServicios','text/xml;charset=UTF-8');
Insert into AVANTIA.SDA_METODOS (ID,ID_AGREGADOR,METODO,USUARIO,CONTRASENIA,END_POINT,SEGURIDAD,INPUTMESSAGETEXT,SOAPACTIONURI,CONTENT_TYPE) values (208,73,1,null,'1234','http://208.109.106.202/clarows/Service.asmx',0,'<soapenv:Envelope xmlns:soapenv="http://schemas.xmlsoap.org/soap/envelope/" xmlns:tem="http://tempuri.org/"><soapenv:Header/><soapenv:Body><tem:listaNegra><tem:movil>_*movil_*</tem:movil><tem:accion>_*accion_*</tem:accion><tem:pass>_*pass_*</tem:pass></tem:listaNegra></soapenv:Body></soapenv:Envelope>','tem:listaNegra','text/xml;charset=UTF-8');
Insert into AVANTIA.SDA_METODOS (ID,ID_AGREGADOR,METODO,USUARIO,CONTRASENIA,END_POINT,SEGURIDAD,INPUTMESSAGETEXT,SOAPACTIONURI,CONTENT_TYPE) values (210,73,3,null,'1234','http://208.109.106.202/clarows/Service.asmx',0,'<soapenv:Envelope xmlns:soapenv="http://schemas.xmlsoap.org/soap/envelope/" xmlns:tem="http://tempuri.org/"><soapenv:Header/><soapenv:Body><tem:bajaServicios><tem:movil>_*movil_*</tem:movil><tem:servicio>_*servicio_*</tem:servicio><tem:mcorta>_*mcorta_*</tem:mcorta><tem:pass>_*pass_*</tem:pass></tem:bajaServicios></soapenv:Body></soapenv:Envelope>','tem:bajaServicios','text/xml;charset=UTF-8');
Insert into AVANTIA.SDA_METODOS (ID,ID_AGREGADOR,METODO,USUARIO,CONTRASENIA,END_POINT,SEGURIDAD,INPUTMESSAGETEXT,SOAPACTIONURI,CONTENT_TYPE) values (226,83,1,null,'clrPsshxq678','http://ws.intertronmobile.com/Unlimited/WS.Claro.SuscripcionesSMS/service.asmx',0,'<soapenv:Envelope xmlns:soapenv="http://schemas.xmlsoap.org/soap/envelope/" xmlns:tem="http://tempuri.org/"><soapenv:Header/><soapenv:Body><tem:listaNegra><tem:movil>_*movil_*</tem:movil><tem:accion>_*accion_*</tem:accion><tem:pass>_*pass_*</tem:pass></tem:listaNegra></soapenv:Body></soapenv:Envelope>','tem:listaNegra','text/xml;charset=UTF-8');
Insert into AVANTIA.SDA_METODOS (ID,ID_AGREGADOR,METODO,USUARIO,CONTRASENIA,END_POINT,SEGURIDAD,INPUTMESSAGETEXT,SOAPACTIONURI,CONTENT_TYPE) values (227,83,2,null,'clrPsshxq678','http://ws.intertronmobile.com/Unlimited/WS.Claro.SuscripcionesSMS/service.asmx',0,'<soapenv:Envelope xmlns:soapenv="http://schemas.xmlsoap.org/soap/envelope/" xmlns:tem="http://tempuri.org/"><soapenv:Header/><soapenv:Body><tem:consultaServicios><tem:movil>_*movil_*</tem:movil><tem:pass>_*pass_*</tem:pass></tem:consultaServicios></soapenv:Body></soapenv:Envelope>','tem:consultaServicios','text/xml;charset=UTF-8');
Insert into AVANTIA.SDA_METODOS (ID,ID_AGREGADOR,METODO,USUARIO,CONTRASENIA,END_POINT,SEGURIDAD,INPUTMESSAGETEXT,SOAPACTIONURI,CONTENT_TYPE) values (228,83,3,null,'clrPsshxq678','http://ws.intertronmobile.com/Unlimited/WS.Claro.SuscripcionesSMS/service.asmx',0,'<soapenv:Envelope xmlns:soapenv="http://schemas.xmlsoap.org/soap/envelope/" xmlns:tem="http://tempuri.org/"><soapenv:Header/><soapenv:Body><tem:bajaServicios><tem:movil>_*movil_*</tem:movil><tem:servicio>_*servicio_*</tem:servicio><tem:mcorta>_*mcorta_*</tem:mcorta><tem:pass>_*pass_*</tem:pass></tem:bajaServicios></soapenv:Body></soapenv:Envelope>','tem:bajaServicios','text/xml;charset=UTF-8');
Insert into AVANTIA.SDA_METODOS (ID,ID_AGREGADOR,METODO,USUARIO,CONTRASENIA,END_POINT,SEGURIDAD,INPUTMESSAGETEXT,SOAPACTIONURI,CONTENT_TYPE) values (231,84,3,null,'38Wd$q','http://190.86.192.177/wsmedios/clarocr/wsclacr.asmx',0,'<soapenv:Envelope xmlns:soapenv="http://schemas.xmlsoap.org/soap/envelope/" xmlns:mob="http://mobilemedios.com/"><soapenv:Header/><soapenv:Body><mob:bajaServicios><mob:movil>_*movil_*</mob:movil><mob:servicio>_*servicio_*</mob:servicio><mob:mcorta>_*mcorta_*</mob:mcorta><mob:pass>_*pass_*</mob:pass></mob:bajaServicios></soapenv:Body></soapenv:Envelope>','mob:bajaServicios','text/xml;charset=UTF-8');
Insert into AVANTIA.SDA_METODOS (ID,ID_AGREGADOR,METODO,USUARIO,CONTRASENIA,END_POINT,SEGURIDAD,INPUTMESSAGETEXT,SOAPACTIONURI,CONTENT_TYPE) values (234,85,3,null,'cl4r0C0st4R1c4','http://www.opratel.com/testing/ws_claro_costarica/ws_claro.php',0,'<soapenv:Envelope xmlns:xsd="http://www.w3.org/2001/XMLSchema" xmlns:soapenv="http://schemas.xmlsoap.org/soap/envelope/" xmlns:urn="urn:BajaServicioswsdl"><soapenv:Header/><soapenv:Body><urn:bajaServicios><movil>_*movil_*</movil><servicio>_*servicio_*</servicio><mcorta>_*mcorta_*</mcorta><pass>_*pass_*</pass></urn:bajaServicios></soapenv:Body></soapenv:Envelope>','urn:bajaServicios','text/xml;charset=UTF-8');
Insert into AVANTIA.SDA_METODOS (ID,ID_AGREGADOR,METODO,USUARIO,CONTRASENIA,END_POINT,SEGURIDAD,INPUTMESSAGETEXT,SOAPACTIONURI,CONTENT_TYPE) values (236,86,2,null,'Pa55w0rd','http://190.111.8.113/appclaro/webService/appclaro.php',0,'<soapenv:Envelope xmlns:xsd="http://www.w3.org/2001/XMLSchema" xmlns:soapenv="http://schemas.xmlsoap.org/soap/envelope/" xmlns:urn="urn:appclaro"><soapenv:Header/><soapenv:Body><urn:consultaServicios><movil>_*movil_*</movil><pass>_*pass_*</pass></urn:consultaServicios></soapenv:Body></soapenv:Envelope>','urn:consultaServicios','text/xml;charset=UTF-8');
Insert into AVANTIA.SDA_METODOS (ID,ID_AGREGADOR,METODO,USUARIO,CONTRASENIA,END_POINT,SEGURIDAD,INPUTMESSAGETEXT,SOAPACTIONURI,CONTENT_TYPE) values (237,86,3,null,'Pa55w0rd','http://190.111.8.113/appclaro/webService/appclaro.php',0,'<soapenv:Envelope xmlns:xsd="http://www.w3.org/2001/XMLSchema" xmlns:soapenv="http://schemas.xmlsoap.org/soap/envelope/" xmlns:urn="urn:appclaro"><soapenv:Header/><soapenv:Body><urn:bajaServicios><movil>_*movil_*</movil><servicio>_*servicio_*</servicio><mcorta>_*mcorta_*</mcorta><pass>_*pass_*</pass></urn:bajaServicios></soapenv:Body></soapenv:Envelope>','urn:bajaServicios','text/xml;charset=UTF-8');
Insert into AVANTIA.SDA_METODOS (ID,ID_AGREGADOR,METODO,USUARIO,CONTRASENIA,END_POINT,SEGURIDAD,INPUTMESSAGETEXT,SOAPACTIONURI,CONTENT_TYPE) values (238,87,1,'PA00000737','Admin111','https://hub.americamovil.com/sag/services/blackgrayService',1,'<soapenv:Envelope xmlns:soapenv="http://schemas.xmlsoap.org/soap/envelope/" xmlns:loc="http://www.csapi.org/schema/parlayx/blackgray/v1_0/local"><soapenv:Header><wsse:Security xmlns:wsse="http://docs.oasis-open.org/wss/2004/01/oasis-200401-wss-wssecurity-secext-1.0.xsd"><wsse:UsernameToken xmlns:wsu="http://docs.oasis-open.org/wss/2004/01/oasis-200401-wss-wssecurity-utility-1.0.xsd"><wsse:Username>_*user_*</wsse:Username><wsse:Password Type="...#PasswordDigest">_*passSMT_*</wsse:Password><wsse:Nonce>_*nonce_*</wsse:Nonce><wsse:Created>_*dateSMT_*</wsse:Created></wsse:UsernameToken></wsse:Security><tns:RequestSOAPHeader xmlns:tns="http://www.huawei.com.cn/schema/common/v2_1"><tns:AppId>35000001000001</tns:AppId><tns:TransId>2014011716010012345</tns:TransId><tns:OA>_*movil_*</tns:OA><tns:FA>_*movil_*</tns:FA></tns:RequestSOAPHeader></soapenv:Header><soapenv:Body><loc:deleteGrayList><loc:version>_*version_*</loc:version><loc:grayList><grayee><msisdn>_*movil_*</msisdn>    </grayee></loc:grayList></loc:deleteGrayList></soapenv:Body></soapenv:Envelope>','loc:deleteGrayList','text/xml;charset=UTF-8');
Insert into AVANTIA.SDA_METODOS (ID,ID_AGREGADOR,METODO,USUARIO,CONTRASENIA,END_POINT,SEGURIDAD,INPUTMESSAGETEXT,SOAPACTIONURI,CONTENT_TYPE) values (229,84,1,null,'38Wd$q','http://190.86.192.177/wsmedios/clarocr/wsclacr.asmx',0,'<soapenv:Envelope xmlns:soapenv="http://schemas.xmlsoap.org/soap/envelope/" xmlns:mob="http://mobilemedios.com/"><soapenv:Header/><soapenv:Body><mob:listaNegra><mob:movil>_*movil_*</mob:movil><mob:accion>_*accion_*</mob:accion><mob:pass>_*pass_*</mob:pass></mob:listaNegra></soapenv:Body></soapenv:Envelope>','mob:listaNegra','text/xml;charset=UTF-8');
Insert into AVANTIA.SDA_METODOS (ID,ID_AGREGADOR,METODO,USUARIO,CONTRASENIA,END_POINT,SEGURIDAD,INPUTMESSAGETEXT,SOAPACTIONURI,CONTENT_TYPE) values (230,84,2,null,'38Wd$q','http://190.86.192.177/wsmedios/clarocr/wsclacr.asmx',0,'<soapenv:Envelope xmlns:soapenv="http://schemas.xmlsoap.org/soap/envelope/" xmlns:mob="http://mobilemedios.com/"><soapenv:Header/><soapenv:Body><mob:consultaServicios><mob:movil>_*movil_*</mob:movil><mob:pass>_*pass_*</mob:pass></mob:consultaServicios></soapenv:Body></soapenv:Envelope>','mob:consultaServicios','text/xml;charset=UTF-8');
Insert into AVANTIA.SDA_METODOS (ID,ID_AGREGADOR,METODO,USUARIO,CONTRASENIA,END_POINT,SEGURIDAD,INPUTMESSAGETEXT,SOAPACTIONURI,CONTENT_TYPE) values (232,85,1,null,'cl4r0C0st4R1c4','http://www.opratel.com/testing/ws_claro_costarica/ws_claro.php',0,'<soapenv:Envelope xmlns:xsd="http://www.w3.org/2001/XMLSchema" xmlns:soapenv="http://schemas.xmlsoap.org/soap/envelope/" xmlns:urn="urn:ListaNegrawsdl"><soapenv:Header/><soapenv:Body><urn:listaNegra><movil>_*movil_*</movil><accion>_*accion_*</accion><pass>_*pass_*</pass></urn:listaNegra></soapenv:Body></soapenv:Envelope>','urn:listaNegra','text/xml;charset=UTF-8');
Insert into AVANTIA.SDA_METODOS (ID,ID_AGREGADOR,METODO,USUARIO,CONTRASENIA,END_POINT,SEGURIDAD,INPUTMESSAGETEXT,SOAPACTIONURI,CONTENT_TYPE) values (233,85,2,null,'cl4r0C0st4R1c4','http://www.opratel.com/testing/ws_claro_costarica/ws_claro.php',0,'<soapenv:Envelope xmlns:xsd="http://www.w3.org/2001/XMLSchema" xmlns:soapenv="http://schemas.xmlsoap.org/soap/envelope/" xmlns:urn="urn:consultaservicioswsdl"><soapenv:Header/><soapenv:Body><urn:consultaServicios><movil>_*movil_*</movil><pass>_*pass_*</pass></urn:consultaServicios></soapenv:Body></soapenv:Envelope>','urn:consultaServicios','text/xml;charset=UTF-8');
Insert into AVANTIA.SDA_METODOS (ID,ID_AGREGADOR,METODO,USUARIO,CONTRASENIA,END_POINT,SEGURIDAD,INPUTMESSAGETEXT,SOAPACTIONURI,CONTENT_TYPE) values (235,86,1,null,'Pa55w0rd','http://190.111.8.113/appclaro/webService/appclaro.php',0,'<soapenv:Envelope xmlns:xsd="http://www.w3.org/2001/XMLSchema" xmlns:soapenv="http://schemas.xmlsoap.org/soap/envelope/" xmlns:urn="urn:appclaro"><soapenv:Header/><soapenv:Body><urn:listaNegra><movil>_*movil_*</movil><accion>_*accion_*</accion><pass>_*pass_*</pass></urn:listaNegra></soapenv:Body></soapenv:Envelope>','urn:listaNegra','text/xml;charset=UTF-8');
Insert into AVANTIA.SDA_METODOS (ID,ID_AGREGADOR,METODO,USUARIO,CONTRASENIA,END_POINT,SEGURIDAD,INPUTMESSAGETEXT,SOAPACTIONURI,CONTENT_TYPE) values (225,81,3,null,'7182818284','http://callcenter32.contentamobile.com/server.php',0,'<soapenv:Envelope xmlns:xsd="http://www.w3.org/2001/XMLSchema" xmlns:soapenv="http://schemas.xmlsoap.org/soap/envelope/" xmlns:urn="urn:AltaServiciowsdl"><soapenv:Header/><soapenv:Body><urn:altaServicio><movil>_*movil_*</movil><servicio>_*servicio_*</servicio><marcacion>_*mcorta_*</marcacion><pass>_*pass_*</pass></urn:altaServicio></soapenv:Body></soapenv:Envelope>','urn:altaServicio','text/xml;charset=UTF-8');
Insert into AVANTIA.SDA_METODOS (ID,ID_AGREGADOR,METODO,USUARIO,CONTRASENIA,END_POINT,SEGURIDAD,INPUTMESSAGETEXT,SOAPACTIONURI,CONTENT_TYPE) values (214,75,1,null,'Neomobile','http://wsce.neomobile.net/ws_claro_services/WsListaNegra.asmx',0,'<soapenv:Envelope xmlns:tem="http://tempuri.org" xmlns:xsd="http://www.w3.org/2001/XMLSchema" xmlns:soapenv="http://schemas.xmlsoap.org/soap/envelope/"><soapenv:Header/><soapenv:Body><tem:listaNegra><movil>_*movil_*</movil><accion>_*accion_*</accion><pass>_*pass_*</pass></tem:listaNegra></soapenv:Body></soapenv:Envelope>','tem:listaNegra','text/xml;charset=UTF-8');
Insert into AVANTIA.SDA_METODOS (ID,ID_AGREGADOR,METODO,USUARIO,CONTRASENIA,END_POINT,SEGURIDAD,INPUTMESSAGETEXT,SOAPACTIONURI,CONTENT_TYPE) values (215,75,2,null,'Neomobile','http://wsce.neomobile.net/ws_claro_services/WsConsultaServicios.asmx',0,'<soapenv:Envelope xmlns:tem="http://tempuri.org" xmlns:xsd="http://www.w3.org/2001/XMLSchema" xmlns:soapenv="http://schemas.xmlsoap.org/soap/envelope/"><soapenv:Header/><soapenv:Body><tem:consultaServicios><movil>_*movil_*</movil><pass>_*pass_*</pass></tem:consultaServicios></soapenv:Body></soapenv:Envelope>','tem:consultaServicios','text/xml;charset=UTF-8');
Insert into AVANTIA.SDA_METODOS (ID,ID_AGREGADOR,METODO,USUARIO,CONTRASENIA,END_POINT,SEGURIDAD,INPUTMESSAGETEXT,SOAPACTIONURI,CONTENT_TYPE) values (198,69,3,null,'1234','http://vpsapp01.bitepublicidad.com:8080/claro-ws/ClaroWS',0,'<soapenv:Envelope xmlns:soapenv="http://schemas.xmlsoap.org/soap/envelope/" xmlns:smpp="http://smpp.lucidwise.com/"><soapenv:Header/><soapenv:Body><smpp:bajaServicios><movil>_*movil_*</movil><servicio>_*servicio_*</servicio><mcorta>_*mcorta_*</mcorta><pass>_*pass_*</pass></smpp:bajaServicios></soapenv:Body></soapenv:Envelope>','smpp:bajaServicios','text/xml;charset=UTF-8');
Insert into AVANTIA.SDA_METODOS (ID,ID_AGREGADOR,METODO,USUARIO,CONTRASENIA,END_POINT,SEGURIDAD,INPUTMESSAGETEXT,SOAPACTIONURI,CONTENT_TYPE) values (206,72,2,null,'clrPsshxq678','http://ws.intertronmobile.com/Unlimited/WS.Claro.SuscripcionesSMS/service.asmx',0,'<soapenv:Envelope xmlns:soapenv="http://schemas.xmlsoap.org/soap/envelope/" xmlns:tem="http://tempuri.org/"><soapenv:Header/><soapenv:Body><tem:consultaServicios><tem:movil>_*movil_*</tem:movil><tem:pass>_*pass_*</tem:pass></tem:consultaServicios></soapenv:Body></soapenv:Envelope>','tem:consultaServicios','text/xml;charset=UTF-8');
Insert into AVANTIA.SDA_METODOS (ID,ID_AGREGADOR,METODO,USUARIO,CONTRASENIA,END_POINT,SEGURIDAD,INPUTMESSAGETEXT,SOAPACTIONURI,CONTENT_TYPE) values (219,77,3,null,'cl4r0H0ndUr4s','http://www.opratel.com/testing/ws_claro_honduras/ws_claro.php',0,'<soapenv:Envelope xmlns:xsd="http://www.w3.org/2001/XMLSchema" xmlns:soapenv="http://schemas.xmlsoap.org/soap/envelope/" xmlns:urn="urn:BajaServicioswsdl"><soapenv:Header/><soapenv:Body><urn:bajaServicios><movil>_*movil_*</movil><servicio>_*servicio_*</servicio><mcorta>_*mcorta_*</mcorta><pass>_*pass_*</pass></urn:bajaServicios></soapenv:Body></soapenv:Envelope>','urn:bajaServicios','text/xml;charset=UTF-8');
Insert into AVANTIA.SDA_METODOS (ID,ID_AGREGADOR,METODO,USUARIO,CONTRASENIA,END_POINT,SEGURIDAD,INPUTMESSAGETEXT,SOAPACTIONURI,CONTENT_TYPE) values (217,77,1,null,'cl4r0H0ndUr4s','http://www.opratel.com/testing/ws_claro_honduras/ws_claro.php',0,'<soapenv:Envelope xmlns:xsd="http://www.w3.org/2001/XMLSchema" xmlns:soapenv="http://schemas.xmlsoap.org/soap/envelope/" xmlns:urn="urn:ListaNegrawsdl"><soapenv:Header/><soapenv:Body><urn:listaNegra><movil>_*movil_*</movil><accion>_*accion_*</accion><pass>_*pass_*</pass></urn:listaNegra></soapenv:Body></soapenv:Envelope>','urn:listaNegra','text/xml;charset=UTF-8');
Insert into AVANTIA.SDA_METODOS (ID,ID_AGREGADOR,METODO,USUARIO,CONTRASENIA,END_POINT,SEGURIDAD,INPUTMESSAGETEXT,SOAPACTIONURI,CONTENT_TYPE) values (218,77,2,null,'cl4r0H0ndUr4s','http://www.opratel.com/testing/ws_claro_honduras/ws_claro.php',0,'<soapenv:Envelope xmlns:xsd="http://www.w3.org/2001/XMLSchema" xmlns:soapenv="http://schemas.xmlsoap.org/soap/envelope/" xmlns:urn="urn:consultaservicioswsdl"><soapenv:Header/><soapenv:Body><urn:consultaServicios><movil>_*movil_*</movil><pass>_*pass_*</pass></urn:consultaServicios></soapenv:Body></soapenv:Envelope>','urn:consultaServicios','text/xml;charset=UTF-8');
Insert into AVANTIA.SDA_METODOS (ID,ID_AGREGADOR,METODO,USUARIO,CONTRASENIA,END_POINT,SEGURIDAD,INPUTMESSAGETEXT,SOAPACTIONURI,CONTENT_TYPE) values (220,78,1,'PA00000737','Admin111','https://hub.americamovil.com/sag/services/blackgrayService',1,'<soapenv:Envelope xmlns:soapenv="http://schemas.xmlsoap.org/soap/envelope/" xmlns:loc="http://www.csapi.org/schema/parlayx/blackgray/v1_0/local"><soapenv:Header><wsse:Security xmlns:wsse="http://docs.oasis-open.org/wss/2004/01/oasis-200401-wss-wssecurity-secext-1.0.xsd"><wsse:UsernameToken xmlns:wsu="http://docs.oasis-open.org/wss/2004/01/oasis-200401-wss-wssecurity-utility-1.0.xsd"><wsse:Username>_*user_*</wsse:Username><wsse:Password Type="...#PasswordDigest">_*passSMT_*</wsse:Password><wsse:Nonce>_*nonce_*</wsse:Nonce><wsse:Created>_*dateSMT_*</wsse:Created></wsse:UsernameToken></wsse:Security><tns:RequestSOAPHeader xmlns:tns="http://www.huawei.com.cn/schema/common/v2_1"><tns:AppId>35000001000001</tns:AppId><tns:TransId>2014011716010012345</tns:TransId><tns:OA>_*movil_*</tns:OA><tns:FA>_*movil_*</tns:FA></tns:RequestSOAPHeader></soapenv:Header><soapenv:Body><loc:deleteGrayList><loc:version>_*version_*</loc:version><loc:grayList><grayee><msisdn>_*movil_*</msisdn>    </grayee></loc:grayList></loc:deleteGrayList></soapenv:Body></soapenv:Envelope>','loc:deleteGrayList',null);
Insert into AVANTIA.SDA_METODOS (ID,ID_AGREGADOR,METODO,USUARIO,CONTRASENIA,END_POINT,SEGURIDAD,INPUTMESSAGETEXT,SOAPACTIONURI,CONTENT_TYPE) values (221,79,1,'PA00000737','Admin111','https://hub.americamovil.com/sag/services/blackgrayService',1,'<soapenv:Envelope xmlns:soapenv="http://schemas.xmlsoap.org/soap/envelope/" xmlns:loc="http://www.csapi.org/schema/parlayx/blackgray/v1_0/local"><soapenv:Header><wsse:Security xmlns:wsse="http://docs.oasis-open.org/wss/2004/01/oasis-200401-wss-wssecurity-secext-1.0.xsd"><wsse:UsernameToken xmlns:wsu="http://docs.oasis-open.org/wss/2004/01/oasis-200401-wss-wssecurity-utility-1.0.xsd"><wsse:Username>_*user_*</wsse:Username><wsse:Password Type="...#PasswordDigest">_*passSMT_*</wsse:Password><wsse:Nonce>_*nonce_*</wsse:Nonce><wsse:Created>_*dateSMT_*</wsse:Created></wsse:UsernameToken></wsse:Security><tns:RequestSOAPHeader xmlns:tns="http://www.huawei.com.cn/schema/common/v2_1"><tns:AppId>35000001000001</tns:AppId><tns:TransId>2014011716010012345</tns:TransId><tns:OA>_*movil_*</tns:OA><tns:FA>_*movil_*</tns:FA></tns:RequestSOAPHeader></soapenv:Header><soapenv:Body><loc:deleteGrayList><loc:version>_*version_*</loc:version><loc:grayList><grayee><msisdn>_*movil_*</msisdn>    </grayee></loc:grayList></loc:deleteGrayList></soapenv:Body></soapenv:Envelope>','loc:deleteGrayList',null);
REM INSERTING into AVANTIA.SDA_PAISES
SET DEFINE OFF;
Insert into AVANTIA.SDA_PAISES (ID,PAIS,CODIGO,STATUS) values (1,'GUATEMALA','502',1);
Insert into AVANTIA.SDA_PAISES (ID,PAIS,CODIGO,STATUS) values (2,'EL SALVADOR','503',1);
Insert into AVANTIA.SDA_PAISES (ID,PAIS,CODIGO,STATUS) values (3,'HONDURAS','504',1);
Insert into AVANTIA.SDA_PAISES (ID,PAIS,CODIGO,STATUS) values (4,'NICARAGUA','505',1);
Insert into AVANTIA.SDA_PAISES (ID,PAIS,CODIGO,STATUS) values (5,'COSTA RICA','506',1);
REM INSERTING into AVANTIA.SDA_PARAMETROS
SET DEFINE OFF;
Insert into AVANTIA.SDA_PARAMETROS (ID,NOMBRE,ID_METODO) values (666,'movil',229);
Insert into AVANTIA.SDA_PARAMETROS (ID,NOMBRE,ID_METODO) values (667,'accion',229);
Insert into AVANTIA.SDA_PARAMETROS (ID,NOMBRE,ID_METODO) values (668,'pass',229);
Insert into AVANTIA.SDA_PARAMETROS (ID,NOMBRE,ID_METODO) values (669,'movil',230);
Insert into AVANTIA.SDA_PARAMETROS (ID,NOMBRE,ID_METODO) values (670,'pass',230);
Insert into AVANTIA.SDA_PARAMETROS (ID,NOMBRE,ID_METODO) values (674,'pass',231);
Insert into AVANTIA.SDA_PARAMETROS (ID,NOMBRE,ID_METODO) values (675,'movil',232);
Insert into AVANTIA.SDA_PARAMETROS (ID,NOMBRE,ID_METODO) values (676,'accion',232);
Insert into AVANTIA.SDA_PARAMETROS (ID,NOMBRE,ID_METODO) values (677,'pass',232);
Insert into AVANTIA.SDA_PARAMETROS (ID,NOMBRE,ID_METODO) values (678,'movil',233);
Insert into AVANTIA.SDA_PARAMETROS (ID,NOMBRE,ID_METODO) values (679,'pass',233);
Insert into AVANTIA.SDA_PARAMETROS (ID,NOMBRE,ID_METODO) values (681,'servicio',234);
Insert into AVANTIA.SDA_PARAMETROS (ID,NOMBRE,ID_METODO) values (682,'mcorta',234);
Insert into AVANTIA.SDA_PARAMETROS (ID,NOMBRE,ID_METODO) values (684,'movil',235);
Insert into AVANTIA.SDA_PARAMETROS (ID,NOMBRE,ID_METODO) values (685,'accion',235);
Insert into AVANTIA.SDA_PARAMETROS (ID,NOMBRE,ID_METODO) values (686,'pass',235);
Insert into AVANTIA.SDA_PARAMETROS (ID,NOMBRE,ID_METODO) values (690,'servicio',237);
Insert into AVANTIA.SDA_PARAMETROS (ID,NOMBRE,ID_METODO) values (420,'movil',153);
Insert into AVANTIA.SDA_PARAMETROS (ID,NOMBRE,ID_METODO) values (421,'accion',153);
Insert into AVANTIA.SDA_PARAMETROS (ID,NOMBRE,ID_METODO) values (422,'pass',153);
Insert into AVANTIA.SDA_PARAMETROS (ID,NOMBRE,ID_METODO) values (423,'movil',154);
Insert into AVANTIA.SDA_PARAMETROS (ID,NOMBRE,ID_METODO) values (424,'pass',154);
Insert into AVANTIA.SDA_PARAMETROS (ID,NOMBRE,ID_METODO) values (425,'movil',155);
Insert into AVANTIA.SDA_PARAMETROS (ID,NOMBRE,ID_METODO) values (426,'servicio',155);
Insert into AVANTIA.SDA_PARAMETROS (ID,NOMBRE,ID_METODO) values (427,'mcorta',155);
Insert into AVANTIA.SDA_PARAMETROS (ID,NOMBRE,ID_METODO) values (428,'pass',155);
Insert into AVANTIA.SDA_PARAMETROS (ID,NOMBRE,ID_METODO) values (429,'movil',156);
Insert into AVANTIA.SDA_PARAMETROS (ID,NOMBRE,ID_METODO) values (430,'accion',156);
Insert into AVANTIA.SDA_PARAMETROS (ID,NOMBRE,ID_METODO) values (431,'pass',156);
Insert into AVANTIA.SDA_PARAMETROS (ID,NOMBRE,ID_METODO) values (432,'movil',157);
Insert into AVANTIA.SDA_PARAMETROS (ID,NOMBRE,ID_METODO) values (433,'pass',157);
Insert into AVANTIA.SDA_PARAMETROS (ID,NOMBRE,ID_METODO) values (434,'movil',158);
Insert into AVANTIA.SDA_PARAMETROS (ID,NOMBRE,ID_METODO) values (435,'servicio',158);
Insert into AVANTIA.SDA_PARAMETROS (ID,NOMBRE,ID_METODO) values (436,'mcorta',158);
Insert into AVANTIA.SDA_PARAMETROS (ID,NOMBRE,ID_METODO) values (437,'pass',158);
Insert into AVANTIA.SDA_PARAMETROS (ID,NOMBRE,ID_METODO) values (438,'movil',159);
Insert into AVANTIA.SDA_PARAMETROS (ID,NOMBRE,ID_METODO) values (439,'accion',159);
Insert into AVANTIA.SDA_PARAMETROS (ID,NOMBRE,ID_METODO) values (440,'pass',159);
Insert into AVANTIA.SDA_PARAMETROS (ID,NOMBRE,ID_METODO) values (441,'movil',160);
Insert into AVANTIA.SDA_PARAMETROS (ID,NOMBRE,ID_METODO) values (442,'pass',160);
Insert into AVANTIA.SDA_PARAMETROS (ID,NOMBRE,ID_METODO) values (443,'movil',161);
Insert into AVANTIA.SDA_PARAMETROS (ID,NOMBRE,ID_METODO) values (444,'servicio',161);
Insert into AVANTIA.SDA_PARAMETROS (ID,NOMBRE,ID_METODO) values (445,'mcorta',161);
Insert into AVANTIA.SDA_PARAMETROS (ID,NOMBRE,ID_METODO) values (446,'pass',161);
Insert into AVANTIA.SDA_PARAMETROS (ID,NOMBRE,ID_METODO) values (447,'movil',162);
Insert into AVANTIA.SDA_PARAMETROS (ID,NOMBRE,ID_METODO) values (448,'accion',162);
Insert into AVANTIA.SDA_PARAMETROS (ID,NOMBRE,ID_METODO) values (449,'pass',162);
Insert into AVANTIA.SDA_PARAMETROS (ID,NOMBRE,ID_METODO) values (450,'movil',163);
Insert into AVANTIA.SDA_PARAMETROS (ID,NOMBRE,ID_METODO) values (451,'pass',163);
Insert into AVANTIA.SDA_PARAMETROS (ID,NOMBRE,ID_METODO) values (452,'movil',164);
Insert into AVANTIA.SDA_PARAMETROS (ID,NOMBRE,ID_METODO) values (453,'servicio',164);
Insert into AVANTIA.SDA_PARAMETROS (ID,NOMBRE,ID_METODO) values (454,'mcorta',164);
Insert into AVANTIA.SDA_PARAMETROS (ID,NOMBRE,ID_METODO) values (455,'pass',164);
Insert into AVANTIA.SDA_PARAMETROS (ID,NOMBRE,ID_METODO) values (456,'movil',166);
Insert into AVANTIA.SDA_PARAMETROS (ID,NOMBRE,ID_METODO) values (457,'accion',166);
Insert into AVANTIA.SDA_PARAMETROS (ID,NOMBRE,ID_METODO) values (458,'pass',166);
Insert into AVANTIA.SDA_PARAMETROS (ID,NOMBRE,ID_METODO) values (459,'movil',167);
Insert into AVANTIA.SDA_PARAMETROS (ID,NOMBRE,ID_METODO) values (460,'pass',167);
Insert into AVANTIA.SDA_PARAMETROS (ID,NOMBRE,ID_METODO) values (461,'movil',168);
Insert into AVANTIA.SDA_PARAMETROS (ID,NOMBRE,ID_METODO) values (462,'servicio',168);
Insert into AVANTIA.SDA_PARAMETROS (ID,NOMBRE,ID_METODO) values (463,'mcorta',168);
Insert into AVANTIA.SDA_PARAMETROS (ID,NOMBRE,ID_METODO) values (464,'pass',168);
Insert into AVANTIA.SDA_PARAMETROS (ID,NOMBRE,ID_METODO) values (465,'movil',169);
Insert into AVANTIA.SDA_PARAMETROS (ID,NOMBRE,ID_METODO) values (466,'accion',169);
Insert into AVANTIA.SDA_PARAMETROS (ID,NOMBRE,ID_METODO) values (467,'pass',169);
Insert into AVANTIA.SDA_PARAMETROS (ID,NOMBRE,ID_METODO) values (468,'movil',170);
Insert into AVANTIA.SDA_PARAMETROS (ID,NOMBRE,ID_METODO) values (469,'pass',170);
Insert into AVANTIA.SDA_PARAMETROS (ID,NOMBRE,ID_METODO) values (470,'movil',171);
Insert into AVANTIA.SDA_PARAMETROS (ID,NOMBRE,ID_METODO) values (471,'servicio',171);
Insert into AVANTIA.SDA_PARAMETROS (ID,NOMBRE,ID_METODO) values (472,'mcorta',171);
Insert into AVANTIA.SDA_PARAMETROS (ID,NOMBRE,ID_METODO) values (473,'pass',171);
Insert into AVANTIA.SDA_PARAMETROS (ID,NOMBRE,ID_METODO) values (474,'movil',172);
Insert into AVANTIA.SDA_PARAMETROS (ID,NOMBRE,ID_METODO) values (475,'accion',172);
Insert into AVANTIA.SDA_PARAMETROS (ID,NOMBRE,ID_METODO) values (476,'pass',172);
Insert into AVANTIA.SDA_PARAMETROS (ID,NOMBRE,ID_METODO) values (477,'movil',173);
Insert into AVANTIA.SDA_PARAMETROS (ID,NOMBRE,ID_METODO) values (478,'pass',173);
Insert into AVANTIA.SDA_PARAMETROS (ID,NOMBRE,ID_METODO) values (479,'movil',174);
Insert into AVANTIA.SDA_PARAMETROS (ID,NOMBRE,ID_METODO) values (480,'servicio',174);
Insert into AVANTIA.SDA_PARAMETROS (ID,NOMBRE,ID_METODO) values (481,'mcorta',174);
Insert into AVANTIA.SDA_PARAMETROS (ID,NOMBRE,ID_METODO) values (482,'pass',174);
Insert into AVANTIA.SDA_PARAMETROS (ID,NOMBRE,ID_METODO) values (483,'movil',175);
Insert into AVANTIA.SDA_PARAMETROS (ID,NOMBRE,ID_METODO) values (484,'accion',175);
Insert into AVANTIA.SDA_PARAMETROS (ID,NOMBRE,ID_METODO) values (485,'pass',175);
Insert into AVANTIA.SDA_PARAMETROS (ID,NOMBRE,ID_METODO) values (486,'movil',176);
Insert into AVANTIA.SDA_PARAMETROS (ID,NOMBRE,ID_METODO) values (487,'pass',176);
Insert into AVANTIA.SDA_PARAMETROS (ID,NOMBRE,ID_METODO) values (488,'movil',177);
Insert into AVANTIA.SDA_PARAMETROS (ID,NOMBRE,ID_METODO) values (489,'servicio',177);
Insert into AVANTIA.SDA_PARAMETROS (ID,NOMBRE,ID_METODO) values (490,'mcorta',177);
Insert into AVANTIA.SDA_PARAMETROS (ID,NOMBRE,ID_METODO) values (491,'pass',177);
Insert into AVANTIA.SDA_PARAMETROS (ID,NOMBRE,ID_METODO) values (492,'movil',178);
Insert into AVANTIA.SDA_PARAMETROS (ID,NOMBRE,ID_METODO) values (493,'accion',178);
Insert into AVANTIA.SDA_PARAMETROS (ID,NOMBRE,ID_METODO) values (494,'pass',178);
Insert into AVANTIA.SDA_PARAMETROS (ID,NOMBRE,ID_METODO) values (495,'movil',179);
Insert into AVANTIA.SDA_PARAMETROS (ID,NOMBRE,ID_METODO) values (496,'pass',179);
Insert into AVANTIA.SDA_PARAMETROS (ID,NOMBRE,ID_METODO) values (497,'movil',180);
Insert into AVANTIA.SDA_PARAMETROS (ID,NOMBRE,ID_METODO) values (498,'servicio',180);
Insert into AVANTIA.SDA_PARAMETROS (ID,NOMBRE,ID_METODO) values (499,'mcorta',180);
Insert into AVANTIA.SDA_PARAMETROS (ID,NOMBRE,ID_METODO) values (500,'pass',180);
Insert into AVANTIA.SDA_PARAMETROS (ID,NOMBRE,ID_METODO) values (501,'movil',181);
Insert into AVANTIA.SDA_PARAMETROS (ID,NOMBRE,ID_METODO) values (502,'accion',181);
Insert into AVANTIA.SDA_PARAMETROS (ID,NOMBRE,ID_METODO) values (503,'pass',181);
Insert into AVANTIA.SDA_PARAMETROS (ID,NOMBRE,ID_METODO) values (504,'movil',182);
Insert into AVANTIA.SDA_PARAMETROS (ID,NOMBRE,ID_METODO) values (509,'mcorta',183);
Insert into AVANTIA.SDA_PARAMETROS (ID,NOMBRE,ID_METODO) values (506,'pass',182);
Insert into AVANTIA.SDA_PARAMETROS (ID,NOMBRE,ID_METODO) values (507,'movil',183);
Insert into AVANTIA.SDA_PARAMETROS (ID,NOMBRE,ID_METODO) values (508,'servicio',183);
Insert into AVANTIA.SDA_PARAMETROS (ID,NOMBRE,ID_METODO) values (510,'pass',183);
Insert into AVANTIA.SDA_PARAMETROS (ID,NOMBRE,ID_METODO) values (511,'movil',184);
Insert into AVANTIA.SDA_PARAMETROS (ID,NOMBRE,ID_METODO) values (512,'accion',184);
Insert into AVANTIA.SDA_PARAMETROS (ID,NOMBRE,ID_METODO) values (513,'pass',184);
Insert into AVANTIA.SDA_PARAMETROS (ID,NOMBRE,ID_METODO) values (514,'movil',185);
Insert into AVANTIA.SDA_PARAMETROS (ID,NOMBRE,ID_METODO) values (515,'pass',185);
Insert into AVANTIA.SDA_PARAMETROS (ID,NOMBRE,ID_METODO) values (516,'movil',186);
Insert into AVANTIA.SDA_PARAMETROS (ID,NOMBRE,ID_METODO) values (517,'servicio',186);
Insert into AVANTIA.SDA_PARAMETROS (ID,NOMBRE,ID_METODO) values (518,'mcorta',186);
Insert into AVANTIA.SDA_PARAMETROS (ID,NOMBRE,ID_METODO) values (519,'pass',186);
Insert into AVANTIA.SDA_PARAMETROS (ID,NOMBRE,ID_METODO) values (520,'movil',187);
Insert into AVANTIA.SDA_PARAMETROS (ID,NOMBRE,ID_METODO) values (521,'accion',187);
Insert into AVANTIA.SDA_PARAMETROS (ID,NOMBRE,ID_METODO) values (522,'pass',187);
Insert into AVANTIA.SDA_PARAMETROS (ID,NOMBRE,ID_METODO) values (523,'movil',188);
Insert into AVANTIA.SDA_PARAMETROS (ID,NOMBRE,ID_METODO) values (524,'pass',188);
Insert into AVANTIA.SDA_PARAMETROS (ID,NOMBRE,ID_METODO) values (525,'movil',189);
Insert into AVANTIA.SDA_PARAMETROS (ID,NOMBRE,ID_METODO) values (526,'servicio',189);
Insert into AVANTIA.SDA_PARAMETROS (ID,NOMBRE,ID_METODO) values (527,'mcorta',189);
Insert into AVANTIA.SDA_PARAMETROS (ID,NOMBRE,ID_METODO) values (528,'pass',189);
Insert into AVANTIA.SDA_PARAMETROS (ID,NOMBRE,ID_METODO) values (529,'movil',190);
Insert into AVANTIA.SDA_PARAMETROS (ID,NOMBRE,ID_METODO) values (530,'accion',190);
Insert into AVANTIA.SDA_PARAMETROS (ID,NOMBRE,ID_METODO) values (531,'pass',190);
Insert into AVANTIA.SDA_PARAMETROS (ID,NOMBRE,ID_METODO) values (532,'movil',191);
Insert into AVANTIA.SDA_PARAMETROS (ID,NOMBRE,ID_METODO) values (533,'pass',191);
Insert into AVANTIA.SDA_PARAMETROS (ID,NOMBRE,ID_METODO) values (534,'movil',192);
Insert into AVANTIA.SDA_PARAMETROS (ID,NOMBRE,ID_METODO) values (535,'servicio',192);
Insert into AVANTIA.SDA_PARAMETROS (ID,NOMBRE,ID_METODO) values (536,'mcorta',192);
Insert into AVANTIA.SDA_PARAMETROS (ID,NOMBRE,ID_METODO) values (537,'pass',192);
Insert into AVANTIA.SDA_PARAMETROS (ID,NOMBRE,ID_METODO) values (538,'movil',193);
Insert into AVANTIA.SDA_PARAMETROS (ID,NOMBRE,ID_METODO) values (539,'pass',193);
Insert into AVANTIA.SDA_PARAMETROS (ID,NOMBRE,ID_METODO) values (540,'movil',194);
Insert into AVANTIA.SDA_PARAMETROS (ID,NOMBRE,ID_METODO) values (541,'pass',194);
Insert into AVANTIA.SDA_PARAMETROS (ID,NOMBRE,ID_METODO) values (542,'movil',195);
Insert into AVANTIA.SDA_PARAMETROS (ID,NOMBRE,ID_METODO) values (543,'servicio',195);
Insert into AVANTIA.SDA_PARAMETROS (ID,NOMBRE,ID_METODO) values (544,'mcorta',195);
Insert into AVANTIA.SDA_PARAMETROS (ID,NOMBRE,ID_METODO) values (545,'pass',195);
Insert into AVANTIA.SDA_PARAMETROS (ID,NOMBRE,ID_METODO) values (546,'accion',193);
Insert into AVANTIA.SDA_PARAMETROS (ID,NOMBRE,ID_METODO) values (547,'pass',76);
Insert into AVANTIA.SDA_PARAMETROS (ID,NOMBRE,ID_METODO) values (548,'movil',76);
Insert into AVANTIA.SDA_PARAMETROS (ID,NOMBRE,ID_METODO) values (549,'accion',76);
Insert into AVANTIA.SDA_PARAMETROS (ID,NOMBRE,ID_METODO) values (550,'movil',77);
Insert into AVANTIA.SDA_PARAMETROS (ID,NOMBRE,ID_METODO) values (551,'pass',77);
Insert into AVANTIA.SDA_PARAMETROS (ID,NOMBRE,ID_METODO) values (552,'pass',78);
Insert into AVANTIA.SDA_PARAMETROS (ID,NOMBRE,ID_METODO) values (553,'movil',78);
Insert into AVANTIA.SDA_PARAMETROS (ID,NOMBRE,ID_METODO) values (554,'mcorta',78);
Insert into AVANTIA.SDA_PARAMETROS (ID,NOMBRE,ID_METODO) values (555,'servicio',78);
Insert into AVANTIA.SDA_PARAMETROS (ID,NOMBRE,ID_METODO) values (595,'movil',209);
Insert into AVANTIA.SDA_PARAMETROS (ID,NOMBRE,ID_METODO) values (596,'pass',209);
Insert into AVANTIA.SDA_PARAMETROS (ID,NOMBRE,ID_METODO) values (601,'movil',211);
Insert into AVANTIA.SDA_PARAMETROS (ID,NOMBRE,ID_METODO) values (603,'pass',211);
Insert into AVANTIA.SDA_PARAMETROS (ID,NOMBRE,ID_METODO) values (604,'movil',212);
Insert into AVANTIA.SDA_PARAMETROS (ID,NOMBRE,ID_METODO) values (605,'pass',212);
Insert into AVANTIA.SDA_PARAMETROS (ID,NOMBRE,ID_METODO) values (606,'movil',213);
Insert into AVANTIA.SDA_PARAMETROS (ID,NOMBRE,ID_METODO) values (607,'servicio',213);
Insert into AVANTIA.SDA_PARAMETROS (ID,NOMBRE,ID_METODO) values (615,'movil',216);
Insert into AVANTIA.SDA_PARAMETROS (ID,NOMBRE,ID_METODO) values (624,'movil',219);
Insert into AVANTIA.SDA_PARAMETROS (ID,NOMBRE,ID_METODO) values (625,'servicio',219);
Insert into AVANTIA.SDA_PARAMETROS (ID,NOMBRE,ID_METODO) values (626,'mcorta',219);
Insert into AVANTIA.SDA_PARAMETROS (ID,NOMBRE,ID_METODO) values (627,'pass',219);
Insert into AVANTIA.SDA_PARAMETROS (ID,NOMBRE,ID_METODO) values (619,'movil',217);
Insert into AVANTIA.SDA_PARAMETROS (ID,NOMBRE,ID_METODO) values (620,'accion',217);
Insert into AVANTIA.SDA_PARAMETROS (ID,NOMBRE,ID_METODO) values (621,'pass',217);
Insert into AVANTIA.SDA_PARAMETROS (ID,NOMBRE,ID_METODO) values (622,'movil',218);
Insert into AVANTIA.SDA_PARAMETROS (ID,NOMBRE,ID_METODO) values (623,'pass',218);
Insert into AVANTIA.SDA_PARAMETROS (ID,NOMBRE,ID_METODO) values (556,'movil',196);
Insert into AVANTIA.SDA_PARAMETROS (ID,NOMBRE,ID_METODO) values (557,'accion',196);
Insert into AVANTIA.SDA_PARAMETROS (ID,NOMBRE,ID_METODO) values (558,'pass',196);
Insert into AVANTIA.SDA_PARAMETROS (ID,NOMBRE,ID_METODO) values (559,'movil',197);
Insert into AVANTIA.SDA_PARAMETROS (ID,NOMBRE,ID_METODO) values (563,'mcorta',198);
Insert into AVANTIA.SDA_PARAMETROS (ID,NOMBRE,ID_METODO) values (564,'pass',198);
Insert into AVANTIA.SDA_PARAMETROS (ID,NOMBRE,ID_METODO) values (565,'movil',199);
Insert into AVANTIA.SDA_PARAMETROS (ID,NOMBRE,ID_METODO) values (566,'accion',199);
Insert into AVANTIA.SDA_PARAMETROS (ID,NOMBRE,ID_METODO) values (567,'pass',199);
Insert into AVANTIA.SDA_PARAMETROS (ID,NOMBRE,ID_METODO) values (568,'movil',200);
Insert into AVANTIA.SDA_PARAMETROS (ID,NOMBRE,ID_METODO) values (569,'pass',200);
Insert into AVANTIA.SDA_PARAMETROS (ID,NOMBRE,ID_METODO) values (570,'movil',201);
Insert into AVANTIA.SDA_PARAMETROS (ID,NOMBRE,ID_METODO) values (572,'mcorta',201);
Insert into AVANTIA.SDA_PARAMETROS (ID,NOMBRE,ID_METODO) values (573,'pass',201);
Insert into AVANTIA.SDA_PARAMETROS (ID,NOMBRE,ID_METODO) values (574,'movil',202);
Insert into AVANTIA.SDA_PARAMETROS (ID,NOMBRE,ID_METODO) values (576,'accion',202);
Insert into AVANTIA.SDA_PARAMETROS (ID,NOMBRE,ID_METODO) values (579,'movil',204);
Insert into AVANTIA.SDA_PARAMETROS (ID,NOMBRE,ID_METODO) values (580,'servicio',204);
Insert into AVANTIA.SDA_PARAMETROS (ID,NOMBRE,ID_METODO) values (581,'mcorta',204);
Insert into AVANTIA.SDA_PARAMETROS (ID,NOMBRE,ID_METODO) values (582,'pass',204);
Insert into AVANTIA.SDA_PARAMETROS (ID,NOMBRE,ID_METODO) values (583,'movil',205);
Insert into AVANTIA.SDA_PARAMETROS (ID,NOMBRE,ID_METODO) values (584,'accion',205);
Insert into AVANTIA.SDA_PARAMETROS (ID,NOMBRE,ID_METODO) values (585,'pass',205);
Insert into AVANTIA.SDA_PARAMETROS (ID,NOMBRE,ID_METODO) values (588,'movil',207);
Insert into AVANTIA.SDA_PARAMETROS (ID,NOMBRE,ID_METODO) values (592,'movil',208);
Insert into AVANTIA.SDA_PARAMETROS (ID,NOMBRE,ID_METODO) values (593,'accion',208);
Insert into AVANTIA.SDA_PARAMETROS (ID,NOMBRE,ID_METODO) values (594,'pass',208);
Insert into AVANTIA.SDA_PARAMETROS (ID,NOMBRE,ID_METODO) values (597,'movil',210);
Insert into AVANTIA.SDA_PARAMETROS (ID,NOMBRE,ID_METODO) values (598,'servicio',210);
Insert into AVANTIA.SDA_PARAMETROS (ID,NOMBRE,ID_METODO) values (599,'mcorta',210);
Insert into AVANTIA.SDA_PARAMETROS (ID,NOMBRE,ID_METODO) values (600,'pass',210);
Insert into AVANTIA.SDA_PARAMETROS (ID,NOMBRE,ID_METODO) values (602,'accion',211);
Insert into AVANTIA.SDA_PARAMETROS (ID,NOMBRE,ID_METODO) values (608,'mcorta',213);
Insert into AVANTIA.SDA_PARAMETROS (ID,NOMBRE,ID_METODO) values (609,'pass',213);
Insert into AVANTIA.SDA_PARAMETROS (ID,NOMBRE,ID_METODO) values (610,'movil',214);
Insert into AVANTIA.SDA_PARAMETROS (ID,NOMBRE,ID_METODO) values (611,'accion',214);
Insert into AVANTIA.SDA_PARAMETROS (ID,NOMBRE,ID_METODO) values (612,'pass',214);
Insert into AVANTIA.SDA_PARAMETROS (ID,NOMBRE,ID_METODO) values (613,'movil',215);
Insert into AVANTIA.SDA_PARAMETROS (ID,NOMBRE,ID_METODO) values (614,'pass',215);
Insert into AVANTIA.SDA_PARAMETROS (ID,NOMBRE,ID_METODO) values (616,'servicio',216);
Insert into AVANTIA.SDA_PARAMETROS (ID,NOMBRE,ID_METODO) values (617,'mcorta',216);
Insert into AVANTIA.SDA_PARAMETROS (ID,NOMBRE,ID_METODO) values (618,'pass',216);
Insert into AVANTIA.SDA_PARAMETROS (ID,NOMBRE,ID_METODO) values (560,'pass',197);
Insert into AVANTIA.SDA_PARAMETROS (ID,NOMBRE,ID_METODO) values (561,'movil',198);
Insert into AVANTIA.SDA_PARAMETROS (ID,NOMBRE,ID_METODO) values (562,'servicio',198);
Insert into AVANTIA.SDA_PARAMETROS (ID,NOMBRE,ID_METODO) values (571,'servicio',201);
Insert into AVANTIA.SDA_PARAMETROS (ID,NOMBRE,ID_METODO) values (575,'pass',202);
Insert into AVANTIA.SDA_PARAMETROS (ID,NOMBRE,ID_METODO) values (577,'movil',203);
Insert into AVANTIA.SDA_PARAMETROS (ID,NOMBRE,ID_METODO) values (578,'pass',203);
Insert into AVANTIA.SDA_PARAMETROS (ID,NOMBRE,ID_METODO) values (586,'movil',206);
Insert into AVANTIA.SDA_PARAMETROS (ID,NOMBRE,ID_METODO) values (587,'pass',206);
Insert into AVANTIA.SDA_PARAMETROS (ID,NOMBRE,ID_METODO) values (589,'servicio',207);
Insert into AVANTIA.SDA_PARAMETROS (ID,NOMBRE,ID_METODO) values (590,'mcorta',207);
Insert into AVANTIA.SDA_PARAMETROS (ID,NOMBRE,ID_METODO) values (591,'pass',207);
Insert into AVANTIA.SDA_PARAMETROS (ID,NOMBRE,ID_METODO) values (218,'pass',81);
Insert into AVANTIA.SDA_PARAMETROS (ID,NOMBRE,ID_METODO) values (228,'movil',86);
Insert into AVANTIA.SDA_PARAMETROS (ID,NOMBRE,ID_METODO) values (235,'servicio',87);
Insert into AVANTIA.SDA_PARAMETROS (ID,NOMBRE,ID_METODO) values (230,'pass',86);
Insert into AVANTIA.SDA_PARAMETROS (ID,NOMBRE,ID_METODO) values (231,'movil',85);
Insert into AVANTIA.SDA_PARAMETROS (ID,NOMBRE,ID_METODO) values (232,'accion',85);
Insert into AVANTIA.SDA_PARAMETROS (ID,NOMBRE,ID_METODO) values (233,'pass',85);
Insert into AVANTIA.SDA_PARAMETROS (ID,NOMBRE,ID_METODO) values (234,'movil',87);
Insert into AVANTIA.SDA_PARAMETROS (ID,NOMBRE,ID_METODO) values (236,'mcorta',87);
Insert into AVANTIA.SDA_PARAMETROS (ID,NOMBRE,ID_METODO) values (251,'pass',92);
Insert into AVANTIA.SDA_PARAMETROS (ID,NOMBRE,ID_METODO) values (254,'mcorta',93);
Insert into AVANTIA.SDA_PARAMETROS (ID,NOMBRE,ID_METODO) values (255,'pass',93);
Insert into AVANTIA.SDA_PARAMETROS (ID,NOMBRE,ID_METODO) values (258,'pass',95);
Insert into AVANTIA.SDA_PARAMETROS (ID,NOMBRE,ID_METODO) values (261,'pass',94);
Insert into AVANTIA.SDA_PARAMETROS (ID,NOMBRE,ID_METODO) values (263,'servicio',96);
Insert into AVANTIA.SDA_PARAMETROS (ID,NOMBRE,ID_METODO) values (265,'pass',96);
Insert into AVANTIA.SDA_PARAMETROS (ID,NOMBRE,ID_METODO) values (268,'pass',97);
Insert into AVANTIA.SDA_PARAMETROS (ID,NOMBRE,ID_METODO) values (269,'movil',98);
Insert into AVANTIA.SDA_PARAMETROS (ID,NOMBRE,ID_METODO) values (274,'pass',99);
Insert into AVANTIA.SDA_PARAMETROS (ID,NOMBRE,ID_METODO) values (275,'movil',100);
Insert into AVANTIA.SDA_PARAMETROS (ID,NOMBRE,ID_METODO) values (279,'pass',101);
Insert into AVANTIA.SDA_PARAMETROS (ID,NOMBRE,ID_METODO) values (282,'mcorta',102);
Insert into AVANTIA.SDA_PARAMETROS (ID,NOMBRE,ID_METODO) values (303,'accion',109);
Insert into AVANTIA.SDA_PARAMETROS (ID,NOMBRE,ID_METODO) values (305,'movil',110);
Insert into AVANTIA.SDA_PARAMETROS (ID,NOMBRE,ID_METODO) values (306,'pass',110);
Insert into AVANTIA.SDA_PARAMETROS (ID,NOMBRE,ID_METODO) values (309,'mcorta',111);
Insert into AVANTIA.SDA_PARAMETROS (ID,NOMBRE,ID_METODO) values (310,'pass',111);
Insert into AVANTIA.SDA_PARAMETROS (ID,NOMBRE,ID_METODO) values (314,'movil',113);
Insert into AVANTIA.SDA_PARAMETROS (ID,NOMBRE,ID_METODO) values (316,'movil',114);
Insert into AVANTIA.SDA_PARAMETROS (ID,NOMBRE,ID_METODO) values (317,'servicio',114);
Insert into AVANTIA.SDA_PARAMETROS (ID,NOMBRE,ID_METODO) values (318,'mcorta',114);
Insert into AVANTIA.SDA_PARAMETROS (ID,NOMBRE,ID_METODO) values (319,'pass',114);
Insert into AVANTIA.SDA_PARAMETROS (ID,NOMBRE,ID_METODO) values (320,'movil',115);
Insert into AVANTIA.SDA_PARAMETROS (ID,NOMBRE,ID_METODO) values (321,'accion',115);
Insert into AVANTIA.SDA_PARAMETROS (ID,NOMBRE,ID_METODO) values (324,'pass',116);
Insert into AVANTIA.SDA_PARAMETROS (ID,NOMBRE,ID_METODO) values (327,'servicio',117);
Insert into AVANTIA.SDA_PARAMETROS (ID,NOMBRE,ID_METODO) values (195,'movil',71);
Insert into AVANTIA.SDA_PARAMETROS (ID,NOMBRE,ID_METODO) values (196,'pass',71);
Insert into AVANTIA.SDA_PARAMETROS (ID,NOMBRE,ID_METODO) values (203,'pass',73);
Insert into AVANTIA.SDA_PARAMETROS (ID,NOMBRE,ID_METODO) values (208,'mcorta',75);
Insert into AVANTIA.SDA_PARAMETROS (ID,NOMBRE,ID_METODO) values (209,'pass',75);
Insert into AVANTIA.SDA_PARAMETROS (ID,NOMBRE,ID_METODO) values (210,'movil',79);
Insert into AVANTIA.SDA_PARAMETROS (ID,NOMBRE,ID_METODO) values (211,'accion',79);
Insert into AVANTIA.SDA_PARAMETROS (ID,NOMBRE,ID_METODO) values (212,'pass',79);
Insert into AVANTIA.SDA_PARAMETROS (ID,NOMBRE,ID_METODO) values (213,'movil',80);
Insert into AVANTIA.SDA_PARAMETROS (ID,NOMBRE,ID_METODO) values (214,'pass',80);
Insert into AVANTIA.SDA_PARAMETROS (ID,NOMBRE,ID_METODO) values (215,'movil',81);
Insert into AVANTIA.SDA_PARAMETROS (ID,NOMBRE,ID_METODO) values (216,'servicio',81);
Insert into AVANTIA.SDA_PARAMETROS (ID,NOMBRE,ID_METODO) values (217,'mcorta',81);
Insert into AVANTIA.SDA_PARAMETROS (ID,NOMBRE,ID_METODO) values (237,'pass',87);
Insert into AVANTIA.SDA_PARAMETROS (ID,NOMBRE,ID_METODO) values (247,'movil',91);
Insert into AVANTIA.SDA_PARAMETROS (ID,NOMBRE,ID_METODO) values (248,'accion',91);
Insert into AVANTIA.SDA_PARAMETROS (ID,NOMBRE,ID_METODO) values (249,'pass',91);
Insert into AVANTIA.SDA_PARAMETROS (ID,NOMBRE,ID_METODO) values (250,'movil',92);
Insert into AVANTIA.SDA_PARAMETROS (ID,NOMBRE,ID_METODO) values (252,'movil',93);
Insert into AVANTIA.SDA_PARAMETROS (ID,NOMBRE,ID_METODO) values (253,'servicio',93);
Insert into AVANTIA.SDA_PARAMETROS (ID,NOMBRE,ID_METODO) values (256,'movil',95);
Insert into AVANTIA.SDA_PARAMETROS (ID,NOMBRE,ID_METODO) values (264,'mcorta',96);
Insert into AVANTIA.SDA_PARAMETROS (ID,NOMBRE,ID_METODO) values (259,'movil',94);
Insert into AVANTIA.SDA_PARAMETROS (ID,NOMBRE,ID_METODO) values (260,'accion',94);
Insert into AVANTIA.SDA_PARAMETROS (ID,NOMBRE,ID_METODO) values (262,'movil',96);
Insert into AVANTIA.SDA_PARAMETROS (ID,NOMBRE,ID_METODO) values (266,'movil',97);
Insert into AVANTIA.SDA_PARAMETROS (ID,NOMBRE,ID_METODO) values (267,'accion',97);
Insert into AVANTIA.SDA_PARAMETROS (ID,NOMBRE,ID_METODO) values (270,'pass',98);
Insert into AVANTIA.SDA_PARAMETROS (ID,NOMBRE,ID_METODO) values (271,'movil',99);
Insert into AVANTIA.SDA_PARAMETROS (ID,NOMBRE,ID_METODO) values (272,'servicio',99);
Insert into AVANTIA.SDA_PARAMETROS (ID,NOMBRE,ID_METODO) values (273,'mcorta',99);
Insert into AVANTIA.SDA_PARAMETROS (ID,NOMBRE,ID_METODO) values (276,'accion',100);
Insert into AVANTIA.SDA_PARAMETROS (ID,NOMBRE,ID_METODO) values (277,'pass',100);
Insert into AVANTIA.SDA_PARAMETROS (ID,NOMBRE,ID_METODO) values (278,'movil',101);
Insert into AVANTIA.SDA_PARAMETROS (ID,NOMBRE,ID_METODO) values (280,'movil',102);
Insert into AVANTIA.SDA_PARAMETROS (ID,NOMBRE,ID_METODO) values (281,'servicio',102);
Insert into AVANTIA.SDA_PARAMETROS (ID,NOMBRE,ID_METODO) values (283,'pass',102);
Insert into AVANTIA.SDA_PARAMETROS (ID,NOMBRE,ID_METODO) values (302,'movil',109);
Insert into AVANTIA.SDA_PARAMETROS (ID,NOMBRE,ID_METODO) values (304,'pass',109);
Insert into AVANTIA.SDA_PARAMETROS (ID,NOMBRE,ID_METODO) values (307,'movil',111);
Insert into AVANTIA.SDA_PARAMETROS (ID,NOMBRE,ID_METODO) values (308,'servicio',111);
Insert into AVANTIA.SDA_PARAMETROS (ID,NOMBRE,ID_METODO) values (311,'movil',112);
Insert into AVANTIA.SDA_PARAMETROS (ID,NOMBRE,ID_METODO) values (312,'accion',112);
Insert into AVANTIA.SDA_PARAMETROS (ID,NOMBRE,ID_METODO) values (313,'pass',112);
Insert into AVANTIA.SDA_PARAMETROS (ID,NOMBRE,ID_METODO) values (315,'pass',113);
Insert into AVANTIA.SDA_PARAMETROS (ID,NOMBRE,ID_METODO) values (322,'pass',115);
Insert into AVANTIA.SDA_PARAMETROS (ID,NOMBRE,ID_METODO) values (323,'movil',116);
Insert into AVANTIA.SDA_PARAMETROS (ID,NOMBRE,ID_METODO) values (329,'pass',117);
Insert into AVANTIA.SDA_PARAMETROS (ID,NOMBRE,ID_METODO) values (326,'movil',117);
Insert into AVANTIA.SDA_PARAMETROS (ID,NOMBRE,ID_METODO) values (328,'mcorta',117);
Insert into AVANTIA.SDA_PARAMETROS (ID,NOMBRE,ID_METODO) values (1,'user',1);
Insert into AVANTIA.SDA_PARAMETROS (ID,NOMBRE,ID_METODO) values (2,'passSMT',1);
Insert into AVANTIA.SDA_PARAMETROS (ID,NOMBRE,ID_METODO) values (3,'nonce',1);
Insert into AVANTIA.SDA_PARAMETROS (ID,NOMBRE,ID_METODO) values (4,'dateSMT',1);
Insert into AVANTIA.SDA_PARAMETROS (ID,NOMBRE,ID_METODO) values (5,'movil',1);
Insert into AVANTIA.SDA_PARAMETROS (ID,NOMBRE,ID_METODO) values (6,'version',1);
Insert into AVANTIA.SDA_PARAMETROS (ID,NOMBRE,ID_METODO) values (7,'movil',2);
Insert into AVANTIA.SDA_PARAMETROS (ID,NOMBRE,ID_METODO) values (8,'accion',2);
Insert into AVANTIA.SDA_PARAMETROS (ID,NOMBRE,ID_METODO) values (9,'pass',2);
Insert into AVANTIA.SDA_PARAMETROS (ID,NOMBRE,ID_METODO) values (10,'movil',3);
Insert into AVANTIA.SDA_PARAMETROS (ID,NOMBRE,ID_METODO) values (11,'pass',3);
Insert into AVANTIA.SDA_PARAMETROS (ID,NOMBRE,ID_METODO) values (12,'movil',4);
Insert into AVANTIA.SDA_PARAMETROS (ID,NOMBRE,ID_METODO) values (13,'servicio',4);
Insert into AVANTIA.SDA_PARAMETROS (ID,NOMBRE,ID_METODO) values (14,'marcacion',4);
Insert into AVANTIA.SDA_PARAMETROS (ID,NOMBRE,ID_METODO) values (15,'pass',4);
Insert into AVANTIA.SDA_PARAMETROS (ID,NOMBRE,ID_METODO) values (16,'movil',5);
Insert into AVANTIA.SDA_PARAMETROS (ID,NOMBRE,ID_METODO) values (17,'accion',5);
Insert into AVANTIA.SDA_PARAMETROS (ID,NOMBRE,ID_METODO) values (18,'pass',5);
Insert into AVANTIA.SDA_PARAMETROS (ID,NOMBRE,ID_METODO) values (19,'movil',6);
Insert into AVANTIA.SDA_PARAMETROS (ID,NOMBRE,ID_METODO) values (20,'pass',6);
Insert into AVANTIA.SDA_PARAMETROS (ID,NOMBRE,ID_METODO) values (21,'movil',7);
Insert into AVANTIA.SDA_PARAMETROS (ID,NOMBRE,ID_METODO) values (22,'servicio',7);
Insert into AVANTIA.SDA_PARAMETROS (ID,NOMBRE,ID_METODO) values (23,'mcorta',7);
Insert into AVANTIA.SDA_PARAMETROS (ID,NOMBRE,ID_METODO) values (24,'pass',7);
Insert into AVANTIA.SDA_PARAMETROS (ID,NOMBRE,ID_METODO) values (25,'movil',8);
Insert into AVANTIA.SDA_PARAMETROS (ID,NOMBRE,ID_METODO) values (26,'operacion',8);
Insert into AVANTIA.SDA_PARAMETROS (ID,NOMBRE,ID_METODO) values (27,'pass',8);
Insert into AVANTIA.SDA_PARAMETROS (ID,NOMBRE,ID_METODO) values (28,'movil',9);
Insert into AVANTIA.SDA_PARAMETROS (ID,NOMBRE,ID_METODO) values (29,'pass',9);
Insert into AVANTIA.SDA_PARAMETROS (ID,NOMBRE,ID_METODO) values (30,'movil',10);
Insert into AVANTIA.SDA_PARAMETROS (ID,NOMBRE,ID_METODO) values (31,'servicio',10);
Insert into AVANTIA.SDA_PARAMETROS (ID,NOMBRE,ID_METODO) values (32,'mcorta',10);
Insert into AVANTIA.SDA_PARAMETROS (ID,NOMBRE,ID_METODO) values (33,'pass',10);
Insert into AVANTIA.SDA_PARAMETROS (ID,NOMBRE,ID_METODO) values (34,'movil',12);
Insert into AVANTIA.SDA_PARAMETROS (ID,NOMBRE,ID_METODO) values (35,'accion',12);
Insert into AVANTIA.SDA_PARAMETROS (ID,NOMBRE,ID_METODO) values (36,'pass',12);
Insert into AVANTIA.SDA_PARAMETROS (ID,NOMBRE,ID_METODO) values (37,'movil',13);
Insert into AVANTIA.SDA_PARAMETROS (ID,NOMBRE,ID_METODO) values (38,'pass',13);
Insert into AVANTIA.SDA_PARAMETROS (ID,NOMBRE,ID_METODO) values (39,'movil',14);
Insert into AVANTIA.SDA_PARAMETROS (ID,NOMBRE,ID_METODO) values (40,'servicio',14);
Insert into AVANTIA.SDA_PARAMETROS (ID,NOMBRE,ID_METODO) values (41,'mcorta',14);
Insert into AVANTIA.SDA_PARAMETROS (ID,NOMBRE,ID_METODO) values (42,'pass',14);
Insert into AVANTIA.SDA_PARAMETROS (ID,NOMBRE,ID_METODO) values (52,'movil',18);
Insert into AVANTIA.SDA_PARAMETROS (ID,NOMBRE,ID_METODO) values (53,'accion',18);
Insert into AVANTIA.SDA_PARAMETROS (ID,NOMBRE,ID_METODO) values (54,'pass',18);
Insert into AVANTIA.SDA_PARAMETROS (ID,NOMBRE,ID_METODO) values (55,'movil',19);
Insert into AVANTIA.SDA_PARAMETROS (ID,NOMBRE,ID_METODO) values (56,'pass',19);
Insert into AVANTIA.SDA_PARAMETROS (ID,NOMBRE,ID_METODO) values (57,'movil',20);
Insert into AVANTIA.SDA_PARAMETROS (ID,NOMBRE,ID_METODO) values (58,'servicio',20);
Insert into AVANTIA.SDA_PARAMETROS (ID,NOMBRE,ID_METODO) values (59,'mcorta',20);
Insert into AVANTIA.SDA_PARAMETROS (ID,NOMBRE,ID_METODO) values (60,'pass',20);
Insert into AVANTIA.SDA_PARAMETROS (ID,NOMBRE,ID_METODO) values (61,'movil',21);
Insert into AVANTIA.SDA_PARAMETROS (ID,NOMBRE,ID_METODO) values (62,'accion',21);
Insert into AVANTIA.SDA_PARAMETROS (ID,NOMBRE,ID_METODO) values (63,'pass',21);
Insert into AVANTIA.SDA_PARAMETROS (ID,NOMBRE,ID_METODO) values (64,'movil',22);
Insert into AVANTIA.SDA_PARAMETROS (ID,NOMBRE,ID_METODO) values (65,'pass',22);
Insert into AVANTIA.SDA_PARAMETROS (ID,NOMBRE,ID_METODO) values (66,'movil',23);
Insert into AVANTIA.SDA_PARAMETROS (ID,NOMBRE,ID_METODO) values (67,'servicio',23);
Insert into AVANTIA.SDA_PARAMETROS (ID,NOMBRE,ID_METODO) values (68,'pass',23);
Insert into AVANTIA.SDA_PARAMETROS (ID,NOMBRE,ID_METODO) values (69,'mcorta',23);
Insert into AVANTIA.SDA_PARAMETROS (ID,NOMBRE,ID_METODO) values (70,'movil',24);
Insert into AVANTIA.SDA_PARAMETROS (ID,NOMBRE,ID_METODO) values (71,'accion',24);
Insert into AVANTIA.SDA_PARAMETROS (ID,NOMBRE,ID_METODO) values (72,'pass',24);
Insert into AVANTIA.SDA_PARAMETROS (ID,NOMBRE,ID_METODO) values (73,'movil',25);
Insert into AVANTIA.SDA_PARAMETROS (ID,NOMBRE,ID_METODO) values (74,'pass',25);
Insert into AVANTIA.SDA_PARAMETROS (ID,NOMBRE,ID_METODO) values (75,'movil',26);
Insert into AVANTIA.SDA_PARAMETROS (ID,NOMBRE,ID_METODO) values (76,'servicio',26);
Insert into AVANTIA.SDA_PARAMETROS (ID,NOMBRE,ID_METODO) values (77,'mcorta',26);
Insert into AVANTIA.SDA_PARAMETROS (ID,NOMBRE,ID_METODO) values (78,'pass',26);
Insert into AVANTIA.SDA_PARAMETROS (ID,NOMBRE,ID_METODO) values (89,'movil',30);
Insert into AVANTIA.SDA_PARAMETROS (ID,NOMBRE,ID_METODO) values (90,'accion',30);
Insert into AVANTIA.SDA_PARAMETROS (ID,NOMBRE,ID_METODO) values (91,'pass',30);
Insert into AVANTIA.SDA_PARAMETROS (ID,NOMBRE,ID_METODO) values (92,'movil',31);
Insert into AVANTIA.SDA_PARAMETROS (ID,NOMBRE,ID_METODO) values (93,'pass',31);
Insert into AVANTIA.SDA_PARAMETROS (ID,NOMBRE,ID_METODO) values (94,'movil',32);
Insert into AVANTIA.SDA_PARAMETROS (ID,NOMBRE,ID_METODO) values (95,'servicio',32);
Insert into AVANTIA.SDA_PARAMETROS (ID,NOMBRE,ID_METODO) values (96,'mcorta',32);
Insert into AVANTIA.SDA_PARAMETROS (ID,NOMBRE,ID_METODO) values (97,'pass',32);
Insert into AVANTIA.SDA_PARAMETROS (ID,NOMBRE,ID_METODO) values (98,'movil',34);
Insert into AVANTIA.SDA_PARAMETROS (ID,NOMBRE,ID_METODO) values (99,'accion',34);
Insert into AVANTIA.SDA_PARAMETROS (ID,NOMBRE,ID_METODO) values (100,'pass',34);
Insert into AVANTIA.SDA_PARAMETROS (ID,NOMBRE,ID_METODO) values (101,'movil',35);
Insert into AVANTIA.SDA_PARAMETROS (ID,NOMBRE,ID_METODO) values (102,'pass',35);
Insert into AVANTIA.SDA_PARAMETROS (ID,NOMBRE,ID_METODO) values (103,'movil',36);
Insert into AVANTIA.SDA_PARAMETROS (ID,NOMBRE,ID_METODO) values (104,'servicio',36);
Insert into AVANTIA.SDA_PARAMETROS (ID,NOMBRE,ID_METODO) values (105,'mcorta',36);
Insert into AVANTIA.SDA_PARAMETROS (ID,NOMBRE,ID_METODO) values (106,'pass',36);
Insert into AVANTIA.SDA_PARAMETROS (ID,NOMBRE,ID_METODO) values (107,'movil',37);
Insert into AVANTIA.SDA_PARAMETROS (ID,NOMBRE,ID_METODO) values (108,'accion',37);
Insert into AVANTIA.SDA_PARAMETROS (ID,NOMBRE,ID_METODO) values (109,'pass',37);
Insert into AVANTIA.SDA_PARAMETROS (ID,NOMBRE,ID_METODO) values (110,'movil',40);
Insert into AVANTIA.SDA_PARAMETROS (ID,NOMBRE,ID_METODO) values (111,'accion',40);
Insert into AVANTIA.SDA_PARAMETROS (ID,NOMBRE,ID_METODO) values (112,'pass',40);
Insert into AVANTIA.SDA_PARAMETROS (ID,NOMBRE,ID_METODO) values (113,'item',41);
Insert into AVANTIA.SDA_PARAMETROS (ID,NOMBRE,ID_METODO) values (114,'movil',42);
Insert into AVANTIA.SDA_PARAMETROS (ID,NOMBRE,ID_METODO) values (115,'servicio',42);
Insert into AVANTIA.SDA_PARAMETROS (ID,NOMBRE,ID_METODO) values (116,'mcorta',42);
Insert into AVANTIA.SDA_PARAMETROS (ID,NOMBRE,ID_METODO) values (117,'pass',42);
Insert into AVANTIA.SDA_PARAMETROS (ID,NOMBRE,ID_METODO) values (118,'movil',43);
Insert into AVANTIA.SDA_PARAMETROS (ID,NOMBRE,ID_METODO) values (119,'accion',43);
Insert into AVANTIA.SDA_PARAMETROS (ID,NOMBRE,ID_METODO) values (120,'pass',43);
Insert into AVANTIA.SDA_PARAMETROS (ID,NOMBRE,ID_METODO) values (121,'movil',44);
Insert into AVANTIA.SDA_PARAMETROS (ID,NOMBRE,ID_METODO) values (122,'pass',44);
Insert into AVANTIA.SDA_PARAMETROS (ID,NOMBRE,ID_METODO) values (123,'movil',45);
Insert into AVANTIA.SDA_PARAMETROS (ID,NOMBRE,ID_METODO) values (124,'servicio',45);
Insert into AVANTIA.SDA_PARAMETROS (ID,NOMBRE,ID_METODO) values (125,'mcorta',45);
Insert into AVANTIA.SDA_PARAMETROS (ID,NOMBRE,ID_METODO) values (126,'pass',45);
Insert into AVANTIA.SDA_PARAMETROS (ID,NOMBRE,ID_METODO) values (127,'movil',46);
Insert into AVANTIA.SDA_PARAMETROS (ID,NOMBRE,ID_METODO) values (128,'accion',46);
Insert into AVANTIA.SDA_PARAMETROS (ID,NOMBRE,ID_METODO) values (129,'pass',46);
Insert into AVANTIA.SDA_PARAMETROS (ID,NOMBRE,ID_METODO) values (130,'movil',47);
Insert into AVANTIA.SDA_PARAMETROS (ID,NOMBRE,ID_METODO) values (131,'pass',47);
Insert into AVANTIA.SDA_PARAMETROS (ID,NOMBRE,ID_METODO) values (132,'movil',48);
Insert into AVANTIA.SDA_PARAMETROS (ID,NOMBRE,ID_METODO) values (133,'servicio',48);
Insert into AVANTIA.SDA_PARAMETROS (ID,NOMBRE,ID_METODO) values (134,'mcorta',48);
Insert into AVANTIA.SDA_PARAMETROS (ID,NOMBRE,ID_METODO) values (135,'pass',48);
Insert into AVANTIA.SDA_PARAMETROS (ID,NOMBRE,ID_METODO) values (136,'movil',49);
Insert into AVANTIA.SDA_PARAMETROS (ID,NOMBRE,ID_METODO) values (137,'accion',49);
Insert into AVANTIA.SDA_PARAMETROS (ID,NOMBRE,ID_METODO) values (138,'pass',49);
Insert into AVANTIA.SDA_PARAMETROS (ID,NOMBRE,ID_METODO) values (139,'movil',50);
Insert into AVANTIA.SDA_PARAMETROS (ID,NOMBRE,ID_METODO) values (140,'pass',50);
Insert into AVANTIA.SDA_PARAMETROS (ID,NOMBRE,ID_METODO) values (144,'mcorta',51);
Insert into AVANTIA.SDA_PARAMETROS (ID,NOMBRE,ID_METODO) values (142,'movil',51);
Insert into AVANTIA.SDA_PARAMETROS (ID,NOMBRE,ID_METODO) values (143,'servicio',51);
Insert into AVANTIA.SDA_PARAMETROS (ID,NOMBRE,ID_METODO) values (145,'pass',51);
Insert into AVANTIA.SDA_PARAMETROS (ID,NOMBRE,ID_METODO) values (146,'movil',52);
Insert into AVANTIA.SDA_PARAMETROS (ID,NOMBRE,ID_METODO) values (147,'accion',52);
Insert into AVANTIA.SDA_PARAMETROS (ID,NOMBRE,ID_METODO) values (148,'pass',52);
Insert into AVANTIA.SDA_PARAMETROS (ID,NOMBRE,ID_METODO) values (149,'movil',53);
Insert into AVANTIA.SDA_PARAMETROS (ID,NOMBRE,ID_METODO) values (150,'pass',53);
Insert into AVANTIA.SDA_PARAMETROS (ID,NOMBRE,ID_METODO) values (151,'movil',54);
Insert into AVANTIA.SDA_PARAMETROS (ID,NOMBRE,ID_METODO) values (152,'servicio',54);
Insert into AVANTIA.SDA_PARAMETROS (ID,NOMBRE,ID_METODO) values (153,'mcorta',54);
Insert into AVANTIA.SDA_PARAMETROS (ID,NOMBRE,ID_METODO) values (154,'pass',54);
Insert into AVANTIA.SDA_PARAMETROS (ID,NOMBRE,ID_METODO) values (155,'movil',55);
Insert into AVANTIA.SDA_PARAMETROS (ID,NOMBRE,ID_METODO) values (156,'accion',55);
Insert into AVANTIA.SDA_PARAMETROS (ID,NOMBRE,ID_METODO) values (157,'pass',55);
Insert into AVANTIA.SDA_PARAMETROS (ID,NOMBRE,ID_METODO) values (158,'movil',56);
Insert into AVANTIA.SDA_PARAMETROS (ID,NOMBRE,ID_METODO) values (159,'pass',56);
Insert into AVANTIA.SDA_PARAMETROS (ID,NOMBRE,ID_METODO) values (160,'movil',57);
Insert into AVANTIA.SDA_PARAMETROS (ID,NOMBRE,ID_METODO) values (161,'servicio',57);
Insert into AVANTIA.SDA_PARAMETROS (ID,NOMBRE,ID_METODO) values (162,'mcorta',57);
Insert into AVANTIA.SDA_PARAMETROS (ID,NOMBRE,ID_METODO) values (163,'pass',57);
Insert into AVANTIA.SDA_PARAMETROS (ID,NOMBRE,ID_METODO) values (164,'movil',58);
Insert into AVANTIA.SDA_PARAMETROS (ID,NOMBRE,ID_METODO) values (165,'accion',58);
Insert into AVANTIA.SDA_PARAMETROS (ID,NOMBRE,ID_METODO) values (166,'pass',58);
Insert into AVANTIA.SDA_PARAMETROS (ID,NOMBRE,ID_METODO) values (167,'movil',59);
Insert into AVANTIA.SDA_PARAMETROS (ID,NOMBRE,ID_METODO) values (168,'pass',59);
Insert into AVANTIA.SDA_PARAMETROS (ID,NOMBRE,ID_METODO) values (169,'movil',60);
Insert into AVANTIA.SDA_PARAMETROS (ID,NOMBRE,ID_METODO) values (170,'servicio',60);
Insert into AVANTIA.SDA_PARAMETROS (ID,NOMBRE,ID_METODO) values (171,'mcorta',60);
Insert into AVANTIA.SDA_PARAMETROS (ID,NOMBRE,ID_METODO) values (172,'pass',60);
Insert into AVANTIA.SDA_PARAMETROS (ID,NOMBRE,ID_METODO) values (173,'movil',61);
Insert into AVANTIA.SDA_PARAMETROS (ID,NOMBRE,ID_METODO) values (174,'accion',61);
Insert into AVANTIA.SDA_PARAMETROS (ID,NOMBRE,ID_METODO) values (175,'pass',61);
Insert into AVANTIA.SDA_PARAMETROS (ID,NOMBRE,ID_METODO) values (176,'movil',62);
Insert into AVANTIA.SDA_PARAMETROS (ID,NOMBRE,ID_METODO) values (177,'pass',62);
Insert into AVANTIA.SDA_PARAMETROS (ID,NOMBRE,ID_METODO) values (178,'movil',63);
Insert into AVANTIA.SDA_PARAMETROS (ID,NOMBRE,ID_METODO) values (179,'servicio',63);
Insert into AVANTIA.SDA_PARAMETROS (ID,NOMBRE,ID_METODO) values (180,'mcorta',63);
Insert into AVANTIA.SDA_PARAMETROS (ID,NOMBRE,ID_METODO) values (181,'pass',63);
Insert into AVANTIA.SDA_PARAMETROS (ID,NOMBRE,ID_METODO) values (182,'movil',64);
Insert into AVANTIA.SDA_PARAMETROS (ID,NOMBRE,ID_METODO) values (183,'accion',64);
Insert into AVANTIA.SDA_PARAMETROS (ID,NOMBRE,ID_METODO) values (184,'pass',64);
Insert into AVANTIA.SDA_PARAMETROS (ID,NOMBRE,ID_METODO) values (185,'movil',65);
Insert into AVANTIA.SDA_PARAMETROS (ID,NOMBRE,ID_METODO) values (186,'pass',65);
Insert into AVANTIA.SDA_PARAMETROS (ID,NOMBRE,ID_METODO) values (187,'movil',66);
Insert into AVANTIA.SDA_PARAMETROS (ID,NOMBRE,ID_METODO) values (188,'servicio',66);
Insert into AVANTIA.SDA_PARAMETROS (ID,NOMBRE,ID_METODO) values (190,'mcorta',66);
Insert into AVANTIA.SDA_PARAMETROS (ID,NOMBRE,ID_METODO) values (191,'pass',66);
Insert into AVANTIA.SDA_PARAMETROS (ID,NOMBRE,ID_METODO) values (192,'movil',70);
Insert into AVANTIA.SDA_PARAMETROS (ID,NOMBRE,ID_METODO) values (193,'accion',70);
Insert into AVANTIA.SDA_PARAMETROS (ID,NOMBRE,ID_METODO) values (194,'pass',70);
Insert into AVANTIA.SDA_PARAMETROS (ID,NOMBRE,ID_METODO) values (197,'movil',72);
Insert into AVANTIA.SDA_PARAMETROS (ID,NOMBRE,ID_METODO) values (198,'servicio',72);
Insert into AVANTIA.SDA_PARAMETROS (ID,NOMBRE,ID_METODO) values (199,'mcorta',72);
Insert into AVANTIA.SDA_PARAMETROS (ID,NOMBRE,ID_METODO) values (200,'pass',72);
Insert into AVANTIA.SDA_PARAMETROS (ID,NOMBRE,ID_METODO) values (201,'movil',73);
Insert into AVANTIA.SDA_PARAMETROS (ID,NOMBRE,ID_METODO) values (202,'accion',73);
Insert into AVANTIA.SDA_PARAMETROS (ID,NOMBRE,ID_METODO) values (204,'movil',74);
Insert into AVANTIA.SDA_PARAMETROS (ID,NOMBRE,ID_METODO) values (205,'pass',74);
Insert into AVANTIA.SDA_PARAMETROS (ID,NOMBRE,ID_METODO) values (206,'movil',75);
Insert into AVANTIA.SDA_PARAMETROS (ID,NOMBRE,ID_METODO) values (207,'servicio',75);
Insert into AVANTIA.SDA_PARAMETROS (ID,NOMBRE,ID_METODO) values (331,'pass',120);
Insert into AVANTIA.SDA_PARAMETROS (ID,NOMBRE,ID_METODO) values (332,'movil',119);
Insert into AVANTIA.SDA_PARAMETROS (ID,NOMBRE,ID_METODO) values (334,'pass',119);
Insert into AVANTIA.SDA_PARAMETROS (ID,NOMBRE,ID_METODO) values (336,'servicio',125);
Insert into AVANTIA.SDA_PARAMETROS (ID,NOMBRE,ID_METODO) values (337,'mcorta',125);
Insert into AVANTIA.SDA_PARAMETROS (ID,NOMBRE,ID_METODO) values (330,'movil',120);
Insert into AVANTIA.SDA_PARAMETROS (ID,NOMBRE,ID_METODO) values (333,'accion',119);
Insert into AVANTIA.SDA_PARAMETROS (ID,NOMBRE,ID_METODO) values (335,'movil',125);
Insert into AVANTIA.SDA_PARAMETROS (ID,NOMBRE,ID_METODO) values (338,'pass',125);
Insert into AVANTIA.SDA_PARAMETROS (ID,NOMBRE,ID_METODO) values (375,'movil',138);
Insert into AVANTIA.SDA_PARAMETROS (ID,NOMBRE,ID_METODO) values (376,'accion',138);
Insert into AVANTIA.SDA_PARAMETROS (ID,NOMBRE,ID_METODO) values (377,'pass',138);
Insert into AVANTIA.SDA_PARAMETROS (ID,NOMBRE,ID_METODO) values (378,'movil',139);
Insert into AVANTIA.SDA_PARAMETROS (ID,NOMBRE,ID_METODO) values (379,'pass',139);
Insert into AVANTIA.SDA_PARAMETROS (ID,NOMBRE,ID_METODO) values (380,'movil',140);
Insert into AVANTIA.SDA_PARAMETROS (ID,NOMBRE,ID_METODO) values (381,'servicio',140);
Insert into AVANTIA.SDA_PARAMETROS (ID,NOMBRE,ID_METODO) values (382,'mcorta',140);
Insert into AVANTIA.SDA_PARAMETROS (ID,NOMBRE,ID_METODO) values (383,'pass',140);
Insert into AVANTIA.SDA_PARAMETROS (ID,NOMBRE,ID_METODO) values (384,'movil',141);
Insert into AVANTIA.SDA_PARAMETROS (ID,NOMBRE,ID_METODO) values (385,'accion',141);
Insert into AVANTIA.SDA_PARAMETROS (ID,NOMBRE,ID_METODO) values (386,'pass',141);
Insert into AVANTIA.SDA_PARAMETROS (ID,NOMBRE,ID_METODO) values (387,'movil',142);
Insert into AVANTIA.SDA_PARAMETROS (ID,NOMBRE,ID_METODO) values (388,'pass',142);
Insert into AVANTIA.SDA_PARAMETROS (ID,NOMBRE,ID_METODO) values (389,'movil',143);
Insert into AVANTIA.SDA_PARAMETROS (ID,NOMBRE,ID_METODO) values (390,'servicio',143);
Insert into AVANTIA.SDA_PARAMETROS (ID,NOMBRE,ID_METODO) values (391,'mcorta',143);
Insert into AVANTIA.SDA_PARAMETROS (ID,NOMBRE,ID_METODO) values (392,'pass',143);
Insert into AVANTIA.SDA_PARAMETROS (ID,NOMBRE,ID_METODO) values (393,'movil',144);
Insert into AVANTIA.SDA_PARAMETROS (ID,NOMBRE,ID_METODO) values (394,'accion',144);
Insert into AVANTIA.SDA_PARAMETROS (ID,NOMBRE,ID_METODO) values (395,'pass',144);
Insert into AVANTIA.SDA_PARAMETROS (ID,NOMBRE,ID_METODO) values (396,'movil',145);
Insert into AVANTIA.SDA_PARAMETROS (ID,NOMBRE,ID_METODO) values (397,'pass',145);
Insert into AVANTIA.SDA_PARAMETROS (ID,NOMBRE,ID_METODO) values (398,'movil',146);
Insert into AVANTIA.SDA_PARAMETROS (ID,NOMBRE,ID_METODO) values (399,'servicio',146);
Insert into AVANTIA.SDA_PARAMETROS (ID,NOMBRE,ID_METODO) values (400,'mcorta',146);
Insert into AVANTIA.SDA_PARAMETROS (ID,NOMBRE,ID_METODO) values (401,'pass',146);
Insert into AVANTIA.SDA_PARAMETROS (ID,NOMBRE,ID_METODO) values (402,'movil',147);
Insert into AVANTIA.SDA_PARAMETROS (ID,NOMBRE,ID_METODO) values (403,'accion',147);
Insert into AVANTIA.SDA_PARAMETROS (ID,NOMBRE,ID_METODO) values (404,'pass',147);
Insert into AVANTIA.SDA_PARAMETROS (ID,NOMBRE,ID_METODO) values (405,'movil',148);
Insert into AVANTIA.SDA_PARAMETROS (ID,NOMBRE,ID_METODO) values (406,'pass',148);
Insert into AVANTIA.SDA_PARAMETROS (ID,NOMBRE,ID_METODO) values (407,'movil',149);
Insert into AVANTIA.SDA_PARAMETROS (ID,NOMBRE,ID_METODO) values (408,'servicio',149);
Insert into AVANTIA.SDA_PARAMETROS (ID,NOMBRE,ID_METODO) values (409,'mcorta',149);
Insert into AVANTIA.SDA_PARAMETROS (ID,NOMBRE,ID_METODO) values (410,'pass',149);
Insert into AVANTIA.SDA_PARAMETROS (ID,NOMBRE,ID_METODO) values (411,'movil',150);
Insert into AVANTIA.SDA_PARAMETROS (ID,NOMBRE,ID_METODO) values (412,'accion',150);
Insert into AVANTIA.SDA_PARAMETROS (ID,NOMBRE,ID_METODO) values (413,'pass',150);
Insert into AVANTIA.SDA_PARAMETROS (ID,NOMBRE,ID_METODO) values (414,'movil',151);
Insert into AVANTIA.SDA_PARAMETROS (ID,NOMBRE,ID_METODO) values (415,'pass',151);
Insert into AVANTIA.SDA_PARAMETROS (ID,NOMBRE,ID_METODO) values (416,'movil',152);
Insert into AVANTIA.SDA_PARAMETROS (ID,NOMBRE,ID_METODO) values (417,'servicio',152);
Insert into AVANTIA.SDA_PARAMETROS (ID,NOMBRE,ID_METODO) values (418,'mcorta',152);
Insert into AVANTIA.SDA_PARAMETROS (ID,NOMBRE,ID_METODO) values (419,'pass',152);
Insert into AVANTIA.SDA_PARAMETROS (ID,NOMBRE,ID_METODO) values (628,'version',220);
Insert into AVANTIA.SDA_PARAMETROS (ID,NOMBRE,ID_METODO) values (629,'user',220);
Insert into AVANTIA.SDA_PARAMETROS (ID,NOMBRE,ID_METODO) values (630,'passSMT',220);
Insert into AVANTIA.SDA_PARAMETROS (ID,NOMBRE,ID_METODO) values (631,'nonce',220);
Insert into AVANTIA.SDA_PARAMETROS (ID,NOMBRE,ID_METODO) values (632,'dateSMT',220);
Insert into AVANTIA.SDA_PARAMETROS (ID,NOMBRE,ID_METODO) values (633,'movil',220);
Insert into AVANTIA.SDA_PARAMETROS (ID,NOMBRE,ID_METODO) values (637,'user',221);
Insert into AVANTIA.SDA_PARAMETROS (ID,NOMBRE,ID_METODO) values (635,'version',221);
Insert into AVANTIA.SDA_PARAMETROS (ID,NOMBRE,ID_METODO) values (640,'dateSMT',221);
Insert into AVANTIA.SDA_PARAMETROS (ID,NOMBRE,ID_METODO) values (638,'passSMT',221);
Insert into AVANTIA.SDA_PARAMETROS (ID,NOMBRE,ID_METODO) values (639,'nonce',221);
Insert into AVANTIA.SDA_PARAMETROS (ID,NOMBRE,ID_METODO) values (641,'movil',221);
Insert into AVANTIA.SDA_PARAMETROS (ID,NOMBRE,ID_METODO) values (642,'version',222);
Insert into AVANTIA.SDA_PARAMETROS (ID,NOMBRE,ID_METODO) values (643,'movil',222);
Insert into AVANTIA.SDA_PARAMETROS (ID,NOMBRE,ID_METODO) values (644,'dateSMT',222);
Insert into AVANTIA.SDA_PARAMETROS (ID,NOMBRE,ID_METODO) values (645,'nonce',222);
Insert into AVANTIA.SDA_PARAMETROS (ID,NOMBRE,ID_METODO) values (646,'passSMT',222);
Insert into AVANTIA.SDA_PARAMETROS (ID,NOMBRE,ID_METODO) values (647,'user',222);
Insert into AVANTIA.SDA_PARAMETROS (ID,NOMBRE,ID_METODO) values (653,'movil',225);
Insert into AVANTIA.SDA_PARAMETROS (ID,NOMBRE,ID_METODO) values (654,'servicio',225);
Insert into AVANTIA.SDA_PARAMETROS (ID,NOMBRE,ID_METODO) values (655,'pass',225);
Insert into AVANTIA.SDA_PARAMETROS (ID,NOMBRE,ID_METODO) values (656,'mcorta',225);
Insert into AVANTIA.SDA_PARAMETROS (ID,NOMBRE,ID_METODO) values (648,'movil',223);
Insert into AVANTIA.SDA_PARAMETROS (ID,NOMBRE,ID_METODO) values (649,'pass',223);
Insert into AVANTIA.SDA_PARAMETROS (ID,NOMBRE,ID_METODO) values (650,'accion',223);
Insert into AVANTIA.SDA_PARAMETROS (ID,NOMBRE,ID_METODO) values (651,'movil',224);
Insert into AVANTIA.SDA_PARAMETROS (ID,NOMBRE,ID_METODO) values (652,'pass',224);
Insert into AVANTIA.SDA_PARAMETROS (ID,NOMBRE,ID_METODO) values (657,'movil',226);
Insert into AVANTIA.SDA_PARAMETROS (ID,NOMBRE,ID_METODO) values (658,'accion',226);
Insert into AVANTIA.SDA_PARAMETROS (ID,NOMBRE,ID_METODO) values (659,'pass',226);
Insert into AVANTIA.SDA_PARAMETROS (ID,NOMBRE,ID_METODO) values (660,'movil',227);
Insert into AVANTIA.SDA_PARAMETROS (ID,NOMBRE,ID_METODO) values (661,'pass',227);
Insert into AVANTIA.SDA_PARAMETROS (ID,NOMBRE,ID_METODO) values (662,'movil',228);
Insert into AVANTIA.SDA_PARAMETROS (ID,NOMBRE,ID_METODO) values (663,'servicio',228);
Insert into AVANTIA.SDA_PARAMETROS (ID,NOMBRE,ID_METODO) values (664,'mcorta',228);
Insert into AVANTIA.SDA_PARAMETROS (ID,NOMBRE,ID_METODO) values (665,'pass',228);
Insert into AVANTIA.SDA_PARAMETROS (ID,NOMBRE,ID_METODO) values (671,'movil',231);
Insert into AVANTIA.SDA_PARAMETROS (ID,NOMBRE,ID_METODO) values (672,'servicio',231);
Insert into AVANTIA.SDA_PARAMETROS (ID,NOMBRE,ID_METODO) values (673,'mcorta',231);
Insert into AVANTIA.SDA_PARAMETROS (ID,NOMBRE,ID_METODO) values (680,'movil',234);
Insert into AVANTIA.SDA_PARAMETROS (ID,NOMBRE,ID_METODO) values (683,'pass',234);
Insert into AVANTIA.SDA_PARAMETROS (ID,NOMBRE,ID_METODO) values (687,'movil',236);
Insert into AVANTIA.SDA_PARAMETROS (ID,NOMBRE,ID_METODO) values (688,'pass',236);
Insert into AVANTIA.SDA_PARAMETROS (ID,NOMBRE,ID_METODO) values (689,'movil',237);
Insert into AVANTIA.SDA_PARAMETROS (ID,NOMBRE,ID_METODO) values (691,'mcorta',237);
Insert into AVANTIA.SDA_PARAMETROS (ID,NOMBRE,ID_METODO) values (692,'pass',237);
Insert into AVANTIA.SDA_PARAMETROS (ID,NOMBRE,ID_METODO) values (693,'version',238);
Insert into AVANTIA.SDA_PARAMETROS (ID,NOMBRE,ID_METODO) values (694,'user',238);
Insert into AVANTIA.SDA_PARAMETROS (ID,NOMBRE,ID_METODO) values (695,'passSMT',238);
Insert into AVANTIA.SDA_PARAMETROS (ID,NOMBRE,ID_METODO) values (696,'nonce',238);
Insert into AVANTIA.SDA_PARAMETROS (ID,NOMBRE,ID_METODO) values (697,'dateSMT',238);
Insert into AVANTIA.SDA_PARAMETROS (ID,NOMBRE,ID_METODO) values (698,'movil',238);
Insert into AVANTIA.SDA_PARAMETROS (ID,NOMBRE,ID_METODO) values (702,'movil',242);
Insert into AVANTIA.SDA_PARAMETROS (ID,NOMBRE,ID_METODO) values (704,'movil',244);
Insert into AVANTIA.SDA_PARAMETROS (ID,NOMBRE,ID_METODO) values (699,'movil',239);
Insert into AVANTIA.SDA_PARAMETROS (ID,NOMBRE,ID_METODO) values (700,'movil',240);
Insert into AVANTIA.SDA_PARAMETROS (ID,NOMBRE,ID_METODO) values (701,'movil',241);
Insert into AVANTIA.SDA_PARAMETROS (ID,NOMBRE,ID_METODO) values (703,'movil',243);
Insert into AVANTIA.SDA_PARAMETROS (ID,NOMBRE,ID_METODO) values (705,'movil',245);
Insert into AVANTIA.SDA_PARAMETROS (ID,NOMBRE,ID_METODO) values (706,'movil',246);
Insert into AVANTIA.SDA_PARAMETROS (ID,NOMBRE,ID_METODO) values (707,'movil',247);
Insert into AVANTIA.SDA_PARAMETROS (ID,NOMBRE,ID_METODO) values (708,'movil',248);
Insert into AVANTIA.SDA_PARAMETROS (ID,NOMBRE,ID_METODO) values (709,'movil',249);
Insert into AVANTIA.SDA_PARAMETROS (ID,NOMBRE,ID_METODO) values (710,'accion',249);
Insert into AVANTIA.SDA_PARAMETROS (ID,NOMBRE,ID_METODO) values (711,'pass',249);
Insert into AVANTIA.SDA_PARAMETROS (ID,NOMBRE,ID_METODO) values (712,'movil',250);
Insert into AVANTIA.SDA_PARAMETROS (ID,NOMBRE,ID_METODO) values (713,'pass',250);
Insert into AVANTIA.SDA_PARAMETROS (ID,NOMBRE,ID_METODO) values (714,'movil',251);
Insert into AVANTIA.SDA_PARAMETROS (ID,NOMBRE,ID_METODO) values (715,'servicio',251);
Insert into AVANTIA.SDA_PARAMETROS (ID,NOMBRE,ID_METODO) values (716,'mcorta',251);
Insert into AVANTIA.SDA_PARAMETROS (ID,NOMBRE,ID_METODO) values (717,'pass',251);
REM INSERTING into AVANTIA.SDA_PARAMETROS_SISTEMA
SET DEFINE OFF;
Insert into AVANTIA.SDA_PARAMETROS_SISTEMA (ID,KEY,VALUE) values (450,'timeOutWebServices','60000');
Insert into AVANTIA.SDA_PARAMETROS_SISTEMA (ID,KEY,VALUE) values (1,'accion','2');
Insert into AVANTIA.SDA_PARAMETROS_SISTEMA (ID,KEY,VALUE) values (2,'version','1.0');
Insert into AVANTIA.SDA_PARAMETROS_SISTEMA (ID,KEY,VALUE) values (3,'host1','172.24.0.222');
Insert into AVANTIA.SDA_PARAMETROS_SISTEMA (ID,KEY,VALUE) values (4,'host2','172.24.0.222');
Insert into AVANTIA.SDA_PARAMETROS_SISTEMA (ID,KEY,VALUE) values (5,'host3','172.24.0.222');
Insert into AVANTIA.SDA_PARAMETROS_SISTEMA (ID,KEY,VALUE) values (6,'host4','172.24.0.222');
Insert into AVANTIA.SDA_PARAMETROS_SISTEMA (ID,KEY,VALUE) values (7,'host5','172.24.0.222');
REM INSERTING into AVANTIA.SDA_RESPUESTAS
SET DEFINE OFF;
Insert into AVANTIA.SDA_RESPUESTAS (ID,NOMBRE,ID_RESPUESTA,ID_METODO) values (241,'item',1,5);
Insert into AVANTIA.SDA_RESPUESTAS (ID,NOMBRE,ID_RESPUESTA,ID_METODO) values (242,'item',1,6);
Insert into AVANTIA.SDA_RESPUESTAS (ID,NOMBRE,ID_RESPUESTA,ID_METODO) values (218,'string',6,229);
Insert into AVANTIA.SDA_RESPUESTAS (ID,NOMBRE,ID_RESPUESTA,ID_METODO) values (219,'item',1,230);
Insert into AVANTIA.SDA_RESPUESTAS (ID,NOMBRE,ID_RESPUESTA,ID_METODO) values (220,'string',6,231);
Insert into AVANTIA.SDA_RESPUESTAS (ID,NOMBRE,ID_RESPUESTA,ID_METODO) values (221,'Value',4,232);
Insert into AVANTIA.SDA_RESPUESTAS (ID,NOMBRE,ID_RESPUESTA,ID_METODO) values (222,'item',1,233);
Insert into AVANTIA.SDA_RESPUESTAS (ID,NOMBRE,ID_RESPUESTA,ID_METODO) values (223,'Value',4,234);
Insert into AVANTIA.SDA_RESPUESTAS (ID,NOMBRE,ID_RESPUESTA,ID_METODO) values (224,'Resp',3,235);
Insert into AVANTIA.SDA_RESPUESTAS (ID,NOMBRE,ID_RESPUESTA,ID_METODO) values (225,'item',1,236);
Insert into AVANTIA.SDA_RESPUESTAS (ID,NOMBRE,ID_RESPUESTA,ID_METODO) values (227,'ns1:resultCode',2,238);
Insert into AVANTIA.SDA_RESPUESTAS (ID,NOMBRE,ID_RESPUESTA,ID_METODO) values (207,'Value',4,217);
Insert into AVANTIA.SDA_RESPUESTAS (ID,NOMBRE,ID_RESPUESTA,ID_METODO) values (208,'item',1,218);
Insert into AVANTIA.SDA_RESPUESTAS (ID,NOMBRE,ID_RESPUESTA,ID_METODO) values (186,'Return',5,196);
Insert into AVANTIA.SDA_RESPUESTAS (ID,NOMBRE,ID_RESPUESTA,ID_METODO) values (190,'item',1,200);
Insert into AVANTIA.SDA_RESPUESTAS (ID,NOMBRE,ID_RESPUESTA,ID_METODO) values (192,'Resp',3,202);
Insert into AVANTIA.SDA_RESPUESTAS (ID,NOMBRE,ID_RESPUESTA,ID_METODO) values (194,'item',1,204);
Insert into AVANTIA.SDA_RESPUESTAS (ID,NOMBRE,ID_RESPUESTA,ID_METODO) values (195,'Resp',3,205);
Insert into AVANTIA.SDA_RESPUESTAS (ID,NOMBRE,ID_RESPUESTA,ID_METODO) values (196,'item',1,206);
Insert into AVANTIA.SDA_RESPUESTAS (ID,NOMBRE,ID_RESPUESTA,ID_METODO) values (198,'anyType',7,208);
Insert into AVANTIA.SDA_RESPUESTAS (ID,NOMBRE,ID_RESPUESTA,ID_METODO) values (199,'item',1,209);
Insert into AVANTIA.SDA_RESPUESTAS (ID,NOMBRE,ID_RESPUESTA,ID_METODO) values (200,'anyType',7,210);
Insert into AVANTIA.SDA_RESPUESTAS (ID,NOMBRE,ID_RESPUESTA,ID_METODO) values (203,'string',6,213);
Insert into AVANTIA.SDA_RESPUESTAS (ID,NOMBRE,ID_RESPUESTA,ID_METODO) values (204,'item',1,214);
Insert into AVANTIA.SDA_RESPUESTAS (ID,NOMBRE,ID_RESPUESTA,ID_METODO) values (206,'item',1,216);
Insert into AVANTIA.SDA_RESPUESTAS (ID,NOMBRE,ID_RESPUESTA,ID_METODO) values (187,'item',1,197);
Insert into AVANTIA.SDA_RESPUESTAS (ID,NOMBRE,ID_RESPUESTA,ID_METODO) values (188,'Return',5,198);
Insert into AVANTIA.SDA_RESPUESTAS (ID,NOMBRE,ID_RESPUESTA,ID_METODO) values (189,'item',1,199);
Insert into AVANTIA.SDA_RESPUESTAS (ID,NOMBRE,ID_RESPUESTA,ID_METODO) values (191,'item',1,201);
Insert into AVANTIA.SDA_RESPUESTAS (ID,NOMBRE,ID_RESPUESTA,ID_METODO) values (193,'item',1,203);
Insert into AVANTIA.SDA_RESPUESTAS (ID,NOMBRE,ID_RESPUESTA,ID_METODO) values (197,'Resp',3,207);
Insert into AVANTIA.SDA_RESPUESTAS (ID,NOMBRE,ID_RESPUESTA,ID_METODO) values (66,'item',1,81);
Insert into AVANTIA.SDA_RESPUESTAS (ID,NOMBRE,ID_RESPUESTA,ID_METODO) values (70,'item',1,86);
Insert into AVANTIA.SDA_RESPUESTAS (ID,NOMBRE,ID_RESPUESTA,ID_METODO) values (71,'Value',4,85);
Insert into AVANTIA.SDA_RESPUESTAS (ID,NOMBRE,ID_RESPUESTA,ID_METODO) values (77,'item',1,92);
Insert into AVANTIA.SDA_RESPUESTAS (ID,NOMBRE,ID_RESPUESTA,ID_METODO) values (78,'Resp',3,93);
Insert into AVANTIA.SDA_RESPUESTAS (ID,NOMBRE,ID_RESPUESTA,ID_METODO) values (83,'item',1,98);
Insert into AVANTIA.SDA_RESPUESTAS (ID,NOMBRE,ID_RESPUESTA,ID_METODO) values (86,'item',1,101);
Insert into AVANTIA.SDA_RESPUESTAS (ID,NOMBRE,ID_RESPUESTA,ID_METODO) values (94,'Resp',3,109);
Insert into AVANTIA.SDA_RESPUESTAS (ID,NOMBRE,ID_RESPUESTA,ID_METODO) values (95,'item',1,110);
Insert into AVANTIA.SDA_RESPUESTAS (ID,NOMBRE,ID_RESPUESTA,ID_METODO) values (96,'Resp',3,111);
Insert into AVANTIA.SDA_RESPUESTAS (ID,NOMBRE,ID_RESPUESTA,ID_METODO) values (101,'Return',5,116);
Insert into AVANTIA.SDA_RESPUESTAS (ID,NOMBRE,ID_RESPUESTA,ID_METODO) values (59,'item',1,71);
Insert into AVANTIA.SDA_RESPUESTAS (ID,NOMBRE,ID_RESPUESTA,ID_METODO) values (61,'Value',4,73);
Insert into AVANTIA.SDA_RESPUESTAS (ID,NOMBRE,ID_RESPUESTA,ID_METODO) values (63,'Value',4,75);
Insert into AVANTIA.SDA_RESPUESTAS (ID,NOMBRE,ID_RESPUESTA,ID_METODO) values (64,'Resp',3,79);
Insert into AVANTIA.SDA_RESPUESTAS (ID,NOMBRE,ID_RESPUESTA,ID_METODO) values (65,'item',1,80);
Insert into AVANTIA.SDA_RESPUESTAS (ID,NOMBRE,ID_RESPUESTA,ID_METODO) values (72,'Value',4,87);
Insert into AVANTIA.SDA_RESPUESTAS (ID,NOMBRE,ID_RESPUESTA,ID_METODO) values (80,'string',6,94);
Insert into AVANTIA.SDA_RESPUESTAS (ID,NOMBRE,ID_RESPUESTA,ID_METODO) values (76,'Resp',3,91);
Insert into AVANTIA.SDA_RESPUESTAS (ID,NOMBRE,ID_RESPUESTA,ID_METODO) values (79,'string',6,95);
Insert into AVANTIA.SDA_RESPUESTAS (ID,NOMBRE,ID_RESPUESTA,ID_METODO) values (81,'string',6,96);
Insert into AVANTIA.SDA_RESPUESTAS (ID,NOMBRE,ID_RESPUESTA,ID_METODO) values (82,'Resp',3,97);
Insert into AVANTIA.SDA_RESPUESTAS (ID,NOMBRE,ID_RESPUESTA,ID_METODO) values (84,'Resp',3,99);
Insert into AVANTIA.SDA_RESPUESTAS (ID,NOMBRE,ID_RESPUESTA,ID_METODO) values (85,'Value',4,100);
Insert into AVANTIA.SDA_RESPUESTAS (ID,NOMBRE,ID_RESPUESTA,ID_METODO) values (87,'Value',4,102);
Insert into AVANTIA.SDA_RESPUESTAS (ID,NOMBRE,ID_RESPUESTA,ID_METODO) values (97,'Resp',3,112);
Insert into AVANTIA.SDA_RESPUESTAS (ID,NOMBRE,ID_RESPUESTA,ID_METODO) values (98,'item',1,113);
Insert into AVANTIA.SDA_RESPUESTAS (ID,NOMBRE,ID_RESPUESTA,ID_METODO) values (99,'Resp',3,114);
Insert into AVANTIA.SDA_RESPUESTAS (ID,NOMBRE,ID_RESPUESTA,ID_METODO) values (100,'Resp',3,115);
Insert into AVANTIA.SDA_RESPUESTAS (ID,NOMBRE,ID_RESPUESTA,ID_METODO) values (102,'Resp',3,117);
Insert into AVANTIA.SDA_RESPUESTAS (ID,NOMBRE,ID_RESPUESTA,ID_METODO) values (1,'ns1:resultCode',2,1);
Insert into AVANTIA.SDA_RESPUESTAS (ID,NOMBRE,ID_RESPUESTA,ID_METODO) values (2,'Value',4,2);
Insert into AVANTIA.SDA_RESPUESTAS (ID,NOMBRE,ID_RESPUESTA,ID_METODO) values (3,'item',1,3);
Insert into AVANTIA.SDA_RESPUESTAS (ID,NOMBRE,ID_RESPUESTA,ID_METODO) values (4,'Value',4,4);
Insert into AVANTIA.SDA_RESPUESTAS (ID,NOMBRE,ID_RESPUESTA,ID_METODO) values (7,'item',1,7);
Insert into AVANTIA.SDA_RESPUESTAS (ID,NOMBRE,ID_RESPUESTA,ID_METODO) values (8,'Resp',3,8);
Insert into AVANTIA.SDA_RESPUESTAS (ID,NOMBRE,ID_RESPUESTA,ID_METODO) values (9,'item',1,9);
Insert into AVANTIA.SDA_RESPUESTAS (ID,NOMBRE,ID_RESPUESTA,ID_METODO) values (10,'item',1,10);
Insert into AVANTIA.SDA_RESPUESTAS (ID,NOMBRE,ID_RESPUESTA,ID_METODO) values (11,'Value',4,12);
Insert into AVANTIA.SDA_RESPUESTAS (ID,NOMBRE,ID_RESPUESTA,ID_METODO) values (12,'item',1,13);
Insert into AVANTIA.SDA_RESPUESTAS (ID,NOMBRE,ID_RESPUESTA,ID_METODO) values (13,'Value',4,14);
Insert into AVANTIA.SDA_RESPUESTAS (ID,NOMBRE,ID_RESPUESTA,ID_METODO) values (14,'Resp',3,18);
Insert into AVANTIA.SDA_RESPUESTAS (ID,NOMBRE,ID_RESPUESTA,ID_METODO) values (15,'item',1,19);
Insert into AVANTIA.SDA_RESPUESTAS (ID,NOMBRE,ID_RESPUESTA,ID_METODO) values (16,'Resp',3,20);
Insert into AVANTIA.SDA_RESPUESTAS (ID,NOMBRE,ID_RESPUESTA,ID_METODO) values (17,'string',6,21);
Insert into AVANTIA.SDA_RESPUESTAS (ID,NOMBRE,ID_RESPUESTA,ID_METODO) values (18,'item',1,22);
Insert into AVANTIA.SDA_RESPUESTAS (ID,NOMBRE,ID_RESPUESTA,ID_METODO) values (19,'string',6,23);
Insert into AVANTIA.SDA_RESPUESTAS (ID,NOMBRE,ID_RESPUESTA,ID_METODO) values (20,'item',1,24);
Insert into AVANTIA.SDA_RESPUESTAS (ID,NOMBRE,ID_RESPUESTA,ID_METODO) values (21,'item',1,25);
Insert into AVANTIA.SDA_RESPUESTAS (ID,NOMBRE,ID_RESPUESTA,ID_METODO) values (22,'Resp',3,26);
Insert into AVANTIA.SDA_RESPUESTAS (ID,NOMBRE,ID_RESPUESTA,ID_METODO) values (27,'Value',4,30);
Insert into AVANTIA.SDA_RESPUESTAS (ID,NOMBRE,ID_RESPUESTA,ID_METODO) values (28,'item',1,31);
Insert into AVANTIA.SDA_RESPUESTAS (ID,NOMBRE,ID_RESPUESTA,ID_METODO) values (29,'Value',4,32);
Insert into AVANTIA.SDA_RESPUESTAS (ID,NOMBRE,ID_RESPUESTA,ID_METODO) values (30,'Value',4,34);
Insert into AVANTIA.SDA_RESPUESTAS (ID,NOMBRE,ID_RESPUESTA,ID_METODO) values (31,'item',1,35);
Insert into AVANTIA.SDA_RESPUESTAS (ID,NOMBRE,ID_RESPUESTA,ID_METODO) values (32,'Value',4,36);
Insert into AVANTIA.SDA_RESPUESTAS (ID,NOMBRE,ID_RESPUESTA,ID_METODO) values (33,'Resp',3,37);
Insert into AVANTIA.SDA_RESPUESTAS (ID,NOMBRE,ID_RESPUESTA,ID_METODO) values (34,'Value',4,40);
Insert into AVANTIA.SDA_RESPUESTAS (ID,NOMBRE,ID_RESPUESTA,ID_METODO) values (35,'Value',4,42);
Insert into AVANTIA.SDA_RESPUESTAS (ID,NOMBRE,ID_RESPUESTA,ID_METODO) values (36,'Resp',3,43);
Insert into AVANTIA.SDA_RESPUESTAS (ID,NOMBRE,ID_RESPUESTA,ID_METODO) values (37,'item',1,44);
Insert into AVANTIA.SDA_RESPUESTAS (ID,NOMBRE,ID_RESPUESTA,ID_METODO) values (38,'Resp',3,45);
Insert into AVANTIA.SDA_RESPUESTAS (ID,NOMBRE,ID_RESPUESTA,ID_METODO) values (39,'Resp',3,46);
Insert into AVANTIA.SDA_RESPUESTAS (ID,NOMBRE,ID_RESPUESTA,ID_METODO) values (40,'Return',5,47);
Insert into AVANTIA.SDA_RESPUESTAS (ID,NOMBRE,ID_RESPUESTA,ID_METODO) values (41,'Resp',3,48);
Insert into AVANTIA.SDA_RESPUESTAS (ID,NOMBRE,ID_RESPUESTA,ID_METODO) values (42,'Resp',3,49);
Insert into AVANTIA.SDA_RESPUESTAS (ID,NOMBRE,ID_RESPUESTA,ID_METODO) values (43,'item',1,50);
Insert into AVANTIA.SDA_RESPUESTAS (ID,NOMBRE,ID_RESPUESTA,ID_METODO) values (44,'Resp',3,51);
Insert into AVANTIA.SDA_RESPUESTAS (ID,NOMBRE,ID_RESPUESTA,ID_METODO) values (45,'Value',4,52);
Insert into AVANTIA.SDA_RESPUESTAS (ID,NOMBRE,ID_RESPUESTA,ID_METODO) values (50,'item',1,56);
Insert into AVANTIA.SDA_RESPUESTAS (ID,NOMBRE,ID_RESPUESTA,ID_METODO) values (48,'Value',4,54);
Insert into AVANTIA.SDA_RESPUESTAS (ID,NOMBRE,ID_RESPUESTA,ID_METODO) values (49,'Resp',3,55);
Insert into AVANTIA.SDA_RESPUESTAS (ID,NOMBRE,ID_RESPUESTA,ID_METODO) values (51,'Resp',3,57);
Insert into AVANTIA.SDA_RESPUESTAS (ID,NOMBRE,ID_RESPUESTA,ID_METODO) values (52,'item',1,58);
Insert into AVANTIA.SDA_RESPUESTAS (ID,NOMBRE,ID_RESPUESTA,ID_METODO) values (53,'item',1,59);
Insert into AVANTIA.SDA_RESPUESTAS (ID,NOMBRE,ID_RESPUESTA,ID_METODO) values (54,'item',1,60);
Insert into AVANTIA.SDA_RESPUESTAS (ID,NOMBRE,ID_RESPUESTA,ID_METODO) values (55,'Resp',3,64);
Insert into AVANTIA.SDA_RESPUESTAS (ID,NOMBRE,ID_RESPUESTA,ID_METODO) values (56,'item',1,65);
Insert into AVANTIA.SDA_RESPUESTAS (ID,NOMBRE,ID_RESPUESTA,ID_METODO) values (57,'Resp',3,66);
Insert into AVANTIA.SDA_RESPUESTAS (ID,NOMBRE,ID_RESPUESTA,ID_METODO) values (58,'Value',4,70);
Insert into AVANTIA.SDA_RESPUESTAS (ID,NOMBRE,ID_RESPUESTA,ID_METODO) values (60,'Value',4,72);
Insert into AVANTIA.SDA_RESPUESTAS (ID,NOMBRE,ID_RESPUESTA,ID_METODO) values (62,'item',1,74);
Insert into AVANTIA.SDA_RESPUESTAS (ID,NOMBRE,ID_RESPUESTA,ID_METODO) values (105,'item',1,120);
Insert into AVANTIA.SDA_RESPUESTAS (ID,NOMBRE,ID_RESPUESTA,ID_METODO) values (106,'Resp',3,119);
Insert into AVANTIA.SDA_RESPUESTAS (ID,NOMBRE,ID_RESPUESTA,ID_METODO) values (107,'Resp',3,125);
Insert into AVANTIA.SDA_RESPUESTAS (ID,NOMBRE,ID_RESPUESTA,ID_METODO) values (123,'item',1,139);
Insert into AVANTIA.SDA_RESPUESTAS (ID,NOMBRE,ID_RESPUESTA,ID_METODO) values (122,'item',1,138);
Insert into AVANTIA.SDA_RESPUESTAS (ID,NOMBRE,ID_RESPUESTA,ID_METODO) values (124,'item',1,140);
Insert into AVANTIA.SDA_RESPUESTAS (ID,NOMBRE,ID_RESPUESTA,ID_METODO) values (125,'Resp',3,141);
Insert into AVANTIA.SDA_RESPUESTAS (ID,NOMBRE,ID_RESPUESTA,ID_METODO) values (126,'item',1,142);
Insert into AVANTIA.SDA_RESPUESTAS (ID,NOMBRE,ID_RESPUESTA,ID_METODO) values (127,'item',1,143);
Insert into AVANTIA.SDA_RESPUESTAS (ID,NOMBRE,ID_RESPUESTA,ID_METODO) values (128,'Value',4,144);
Insert into AVANTIA.SDA_RESPUESTAS (ID,NOMBRE,ID_RESPUESTA,ID_METODO) values (129,'item',1,145);
Insert into AVANTIA.SDA_RESPUESTAS (ID,NOMBRE,ID_RESPUESTA,ID_METODO) values (130,'Value',4,146);
Insert into AVANTIA.SDA_RESPUESTAS (ID,NOMBRE,ID_RESPUESTA,ID_METODO) values (131,'Resp',3,147);
Insert into AVANTIA.SDA_RESPUESTAS (ID,NOMBRE,ID_RESPUESTA,ID_METODO) values (132,'item',1,148);
Insert into AVANTIA.SDA_RESPUESTAS (ID,NOMBRE,ID_RESPUESTA,ID_METODO) values (133,'Resp',3,149);
Insert into AVANTIA.SDA_RESPUESTAS (ID,NOMBRE,ID_RESPUESTA,ID_METODO) values (134,'string',6,150);
Insert into AVANTIA.SDA_RESPUESTAS (ID,NOMBRE,ID_RESPUESTA,ID_METODO) values (135,'item',1,151);
Insert into AVANTIA.SDA_RESPUESTAS (ID,NOMBRE,ID_RESPUESTA,ID_METODO) values (142,'string',6,155);
Insert into AVANTIA.SDA_RESPUESTAS (ID,NOMBRE,ID_RESPUESTA,ID_METODO) values (137,'string',6,152);
Insert into AVANTIA.SDA_RESPUESTAS (ID,NOMBRE,ID_RESPUESTA,ID_METODO) values (138,'string',6,153);
Insert into AVANTIA.SDA_RESPUESTAS (ID,NOMBRE,ID_RESPUESTA,ID_METODO) values (140,'item',1,154);
Insert into AVANTIA.SDA_RESPUESTAS (ID,NOMBRE,ID_RESPUESTA,ID_METODO) values (144,'item',1,157);
Insert into AVANTIA.SDA_RESPUESTAS (ID,NOMBRE,ID_RESPUESTA,ID_METODO) values (143,'Resp',3,156);
Insert into AVANTIA.SDA_RESPUESTAS (ID,NOMBRE,ID_RESPUESTA,ID_METODO) values (145,'Resp',3,158);
Insert into AVANTIA.SDA_RESPUESTAS (ID,NOMBRE,ID_RESPUESTA,ID_METODO) values (146,'item',1,159);
Insert into AVANTIA.SDA_RESPUESTAS (ID,NOMBRE,ID_RESPUESTA,ID_METODO) values (147,'item',1,160);
Insert into AVANTIA.SDA_RESPUESTAS (ID,NOMBRE,ID_RESPUESTA,ID_METODO) values (148,'item',1,161);
Insert into AVANTIA.SDA_RESPUESTAS (ID,NOMBRE,ID_RESPUESTA,ID_METODO) values (149,'string',6,162);
Insert into AVANTIA.SDA_RESPUESTAS (ID,NOMBRE,ID_RESPUESTA,ID_METODO) values (150,'item',1,163);
Insert into AVANTIA.SDA_RESPUESTAS (ID,NOMBRE,ID_RESPUESTA,ID_METODO) values (151,'string',6,164);
Insert into AVANTIA.SDA_RESPUESTAS (ID,NOMBRE,ID_RESPUESTA,ID_METODO) values (152,'Value',4,166);
Insert into AVANTIA.SDA_RESPUESTAS (ID,NOMBRE,ID_RESPUESTA,ID_METODO) values (153,'item',1,167);
Insert into AVANTIA.SDA_RESPUESTAS (ID,NOMBRE,ID_RESPUESTA,ID_METODO) values (157,'item',1,170);
Insert into AVANTIA.SDA_RESPUESTAS (ID,NOMBRE,ID_RESPUESTA,ID_METODO) values (155,'Value',4,168);
Insert into AVANTIA.SDA_RESPUESTAS (ID,NOMBRE,ID_RESPUESTA,ID_METODO) values (156,'Resp',3,169);
Insert into AVANTIA.SDA_RESPUESTAS (ID,NOMBRE,ID_RESPUESTA,ID_METODO) values (158,'Resp',3,171);
Insert into AVANTIA.SDA_RESPUESTAS (ID,NOMBRE,ID_RESPUESTA,ID_METODO) values (159,'Resp',3,172);
Insert into AVANTIA.SDA_RESPUESTAS (ID,NOMBRE,ID_RESPUESTA,ID_METODO) values (160,'item',1,173);
Insert into AVANTIA.SDA_RESPUESTAS (ID,NOMBRE,ID_RESPUESTA,ID_METODO) values (161,'Resp',3,174);
Insert into AVANTIA.SDA_RESPUESTAS (ID,NOMBRE,ID_RESPUESTA,ID_METODO) values (162,'Resp',3,175);
Insert into AVANTIA.SDA_RESPUESTAS (ID,NOMBRE,ID_RESPUESTA,ID_METODO) values (163,'item',1,176);
Insert into AVANTIA.SDA_RESPUESTAS (ID,NOMBRE,ID_RESPUESTA,ID_METODO) values (164,'Resp',3,177);
Insert into AVANTIA.SDA_RESPUESTAS (ID,NOMBRE,ID_RESPUESTA,ID_METODO) values (165,'Resp',3,178);
Insert into AVANTIA.SDA_RESPUESTAS (ID,NOMBRE,ID_RESPUESTA,ID_METODO) values (166,'item',1,179);
Insert into AVANTIA.SDA_RESPUESTAS (ID,NOMBRE,ID_RESPUESTA,ID_METODO) values (167,'Resp',3,180);
Insert into AVANTIA.SDA_RESPUESTAS (ID,NOMBRE,ID_RESPUESTA,ID_METODO) values (168,'Resp',3,181);
Insert into AVANTIA.SDA_RESPUESTAS (ID,NOMBRE,ID_RESPUESTA,ID_METODO) values (169,'item',1,182);
Insert into AVANTIA.SDA_RESPUESTAS (ID,NOMBRE,ID_RESPUESTA,ID_METODO) values (170,'Resp',3,183);
Insert into AVANTIA.SDA_RESPUESTAS (ID,NOMBRE,ID_RESPUESTA,ID_METODO) values (171,'Resp',3,184);
Insert into AVANTIA.SDA_RESPUESTAS (ID,NOMBRE,ID_RESPUESTA,ID_METODO) values (172,'item',1,185);
Insert into AVANTIA.SDA_RESPUESTAS (ID,NOMBRE,ID_RESPUESTA,ID_METODO) values (173,'Resp',3,186);
Insert into AVANTIA.SDA_RESPUESTAS (ID,NOMBRE,ID_RESPUESTA,ID_METODO) values (174,'Value',4,187);
Insert into AVANTIA.SDA_RESPUESTAS (ID,NOMBRE,ID_RESPUESTA,ID_METODO) values (175,'item',1,188);
Insert into AVANTIA.SDA_RESPUESTAS (ID,NOMBRE,ID_RESPUESTA,ID_METODO) values (176,'Value',4,189);
Insert into AVANTIA.SDA_RESPUESTAS (ID,NOMBRE,ID_RESPUESTA,ID_METODO) values (177,'Resp',3,190);
Insert into AVANTIA.SDA_RESPUESTAS (ID,NOMBRE,ID_RESPUESTA,ID_METODO) values (178,'item',1,191);
Insert into AVANTIA.SDA_RESPUESTAS (ID,NOMBRE,ID_RESPUESTA,ID_METODO) values (179,'Resp',3,192);
Insert into AVANTIA.SDA_RESPUESTAS (ID,NOMBRE,ID_RESPUESTA,ID_METODO) values (180,'Resp',3,193);
Insert into AVANTIA.SDA_RESPUESTAS (ID,NOMBRE,ID_RESPUESTA,ID_METODO) values (181,'item',1,194);
Insert into AVANTIA.SDA_RESPUESTAS (ID,NOMBRE,ID_RESPUESTA,ID_METODO) values (182,'Resp',3,195);
Insert into AVANTIA.SDA_RESPUESTAS (ID,NOMBRE,ID_RESPUESTA,ID_METODO) values (183,'item',1,76);
Insert into AVANTIA.SDA_RESPUESTAS (ID,NOMBRE,ID_RESPUESTA,ID_METODO) values (184,'item',1,77);
Insert into AVANTIA.SDA_RESPUESTAS (ID,NOMBRE,ID_RESPUESTA,ID_METODO) values (185,'item',1,78);
Insert into AVANTIA.SDA_RESPUESTAS (ID,NOMBRE,ID_RESPUESTA,ID_METODO) values (201,'string',6,211);
Insert into AVANTIA.SDA_RESPUESTAS (ID,NOMBRE,ID_RESPUESTA,ID_METODO) values (202,'item',1,212);
Insert into AVANTIA.SDA_RESPUESTAS (ID,NOMBRE,ID_RESPUESTA,ID_METODO) values (205,'item',1,215);
Insert into AVANTIA.SDA_RESPUESTAS (ID,NOMBRE,ID_RESPUESTA,ID_METODO) values (209,'ns1:resultCode',2,220);
Insert into AVANTIA.SDA_RESPUESTAS (ID,NOMBRE,ID_RESPUESTA,ID_METODO) values (210,'ns1:resultCode',2,221);
Insert into AVANTIA.SDA_RESPUESTAS (ID,NOMBRE,ID_RESPUESTA,ID_METODO) values (211,'ns1:resultCode',2,222);
Insert into AVANTIA.SDA_RESPUESTAS (ID,NOMBRE,ID_RESPUESTA,ID_METODO) values (212,'Resp',3,223);
Insert into AVANTIA.SDA_RESPUESTAS (ID,NOMBRE,ID_RESPUESTA,ID_METODO) values (213,'item',1,224);
Insert into AVANTIA.SDA_RESPUESTAS (ID,NOMBRE,ID_RESPUESTA,ID_METODO) values (214,'item',1,225);
Insert into AVANTIA.SDA_RESPUESTAS (ID,NOMBRE,ID_RESPUESTA,ID_METODO) values (215,'Resp',3,226);
Insert into AVANTIA.SDA_RESPUESTAS (ID,NOMBRE,ID_RESPUESTA,ID_METODO) values (216,'item',1,227);
Insert into AVANTIA.SDA_RESPUESTAS (ID,NOMBRE,ID_RESPUESTA,ID_METODO) values (217,'Resp',3,228);
Insert into AVANTIA.SDA_RESPUESTAS (ID,NOMBRE,ID_RESPUESTA,ID_METODO) values (226,'Resp',3,237);
Insert into AVANTIA.SDA_RESPUESTAS (ID,NOMBRE,ID_RESPUESTA,ID_METODO) values (231,'ns1:statusCode',8,242);
Insert into AVANTIA.SDA_RESPUESTAS (ID,NOMBRE,ID_RESPUESTA,ID_METODO) values (233,'ns1:statusCode',8,244);
Insert into AVANTIA.SDA_RESPUESTAS (ID,NOMBRE,ID_RESPUESTA,ID_METODO) values (228,'ns1:statusCode',8,239);
Insert into AVANTIA.SDA_RESPUESTAS (ID,NOMBRE,ID_RESPUESTA,ID_METODO) values (229,'ns1:statusCode',8,240);
Insert into AVANTIA.SDA_RESPUESTAS (ID,NOMBRE,ID_RESPUESTA,ID_METODO) values (230,'ns1:statusCode',8,241);
Insert into AVANTIA.SDA_RESPUESTAS (ID,NOMBRE,ID_RESPUESTA,ID_METODO) values (232,'ns1:statusCode',8,243);
Insert into AVANTIA.SDA_RESPUESTAS (ID,NOMBRE,ID_RESPUESTA,ID_METODO) values (234,'ns1:statusCode',8,245);
Insert into AVANTIA.SDA_RESPUESTAS (ID,NOMBRE,ID_RESPUESTA,ID_METODO) values (235,'ns1:statusCode',8,246);
Insert into AVANTIA.SDA_RESPUESTAS (ID,NOMBRE,ID_RESPUESTA,ID_METODO) values (236,'ns1:statusCode',8,247);
Insert into AVANTIA.SDA_RESPUESTAS (ID,NOMBRE,ID_RESPUESTA,ID_METODO) values (237,'ns1:statusCode',8,248);
Insert into AVANTIA.SDA_RESPUESTAS (ID,NOMBRE,ID_RESPUESTA,ID_METODO) values (238,'item',1,249);
Insert into AVANTIA.SDA_RESPUESTAS (ID,NOMBRE,ID_RESPUESTA,ID_METODO) values (239,'item',1,250);
Insert into AVANTIA.SDA_RESPUESTAS (ID,NOMBRE,ID_RESPUESTA,ID_METODO) values (240,'item',1,251);
Insert into AVANTIA.SDA_RESPUESTAS (ID,NOMBRE,ID_RESPUESTA,ID_METODO) values (243,'string',6,53);
REM INSERTING into AVANTIA.SDA_RESULTADOS_RESPUESTA
SET DEFINE OFF;
Insert into AVANTIA.SDA_RESULTADOS_RESPUESTA (ID,ID_RESPUESTA,VALOR,DATO,ID_RESULTADO) values (360,241,'Exito','1',null);
Insert into AVANTIA.SDA_RESULTADOS_RESPUESTA (ID,ID_RESPUESTA,VALOR,DATO,ID_RESULTADO) values (361,241,'Fallo','0',null);
Insert into AVANTIA.SDA_RESULTADOS_RESPUESTA (ID,ID_RESPUESTA,VALOR,DATO,ID_RESULTADO) values (362,7,'Exito','1',null);
Insert into AVANTIA.SDA_RESULTADOS_RESPUESTA (ID,ID_RESPUESTA,VALOR,DATO,ID_RESULTADO) values (363,7,'Fallo','0',null);
Insert into AVANTIA.SDA_RESULTADOS_RESPUESTA (ID,ID_RESPUESTA,VALOR,DATO,ID_RESULTADO) values (306,218,'Exito','1',null);
Insert into AVANTIA.SDA_RESULTADOS_RESPUESTA (ID,ID_RESPUESTA,VALOR,DATO,ID_RESULTADO) values (307,218,'Fallo','0',null);
Insert into AVANTIA.SDA_RESULTADOS_RESPUESTA (ID,ID_RESPUESTA,VALOR,DATO,ID_RESULTADO) values (308,220,'Exito','1',null);
Insert into AVANTIA.SDA_RESULTADOS_RESPUESTA (ID,ID_RESPUESTA,VALOR,DATO,ID_RESULTADO) values (309,220,'Fallo','0',null);
Insert into AVANTIA.SDA_RESULTADOS_RESPUESTA (ID,ID_RESPUESTA,VALOR,DATO,ID_RESULTADO) values (310,221,'Exito','1',null);
Insert into AVANTIA.SDA_RESULTADOS_RESPUESTA (ID,ID_RESPUESTA,VALOR,DATO,ID_RESULTADO) values (311,221,'Fallo','0',null);
Insert into AVANTIA.SDA_RESULTADOS_RESPUESTA (ID,ID_RESPUESTA,VALOR,DATO,ID_RESULTADO) values (312,223,'Exito','1',null);
Insert into AVANTIA.SDA_RESULTADOS_RESPUESTA (ID,ID_RESPUESTA,VALOR,DATO,ID_RESULTADO) values (313,223,'Fallo','0',null);
Insert into AVANTIA.SDA_RESULTADOS_RESPUESTA (ID,ID_RESPUESTA,VALOR,DATO,ID_RESULTADO) values (318,227,'Exito','0',null);
Insert into AVANTIA.SDA_RESULTADOS_RESPUESTA (ID,ID_RESPUESTA,VALOR,DATO,ID_RESULTADO) values (319,227,'the msisdn has already existed','1',null);
Insert into AVANTIA.SDA_RESULTADOS_RESPUESTA (ID,ID_RESPUESTA,VALOR,DATO,ID_RESULTADO) values (320,227,'the msisdn format is wrong','2',null);
Insert into AVANTIA.SDA_RESULTADOS_RESPUESTA (ID,ID_RESPUESTA,VALOR,DATO,ID_RESULTADO) values (321,227,'the msisdn is not existed (for delete black list)','3',null);
Insert into AVANTIA.SDA_RESULTADOS_RESPUESTA (ID,ID_RESPUESTA,VALOR,DATO,ID_RESULTADO) values (322,227,'the ASPID is not existed','4',null);
Insert into AVANTIA.SDA_RESULTADOS_RESPUESTA (ID,ID_RESPUESTA,VALOR,DATO,ID_RESULTADO) values (324,227,'system SMT error','9',null);
Insert into AVANTIA.SDA_RESULTADOS_RESPUESTA (ID,ID_RESPUESTA,VALOR,DATO,ID_RESULTADO) values (275,207,'Exito','1',null);
Insert into AVANTIA.SDA_RESULTADOS_RESPUESTA (ID,ID_RESPUESTA,VALOR,DATO,ID_RESULTADO) values (276,207,'Fallo','0',null);
Insert into AVANTIA.SDA_RESULTADOS_RESPUESTA (ID,ID_RESPUESTA,VALOR,DATO,ID_RESULTADO) values (247,186,'Exito','1',null);
Insert into AVANTIA.SDA_RESULTADOS_RESPUESTA (ID,ID_RESPUESTA,VALOR,DATO,ID_RESULTADO) values (248,186,'Fallo','0',null);
Insert into AVANTIA.SDA_RESULTADOS_RESPUESTA (ID,ID_RESPUESTA,VALOR,DATO,ID_RESULTADO) values (249,188,'Exito','1',null);
Insert into AVANTIA.SDA_RESULTADOS_RESPUESTA (ID,ID_RESPUESTA,VALOR,DATO,ID_RESULTADO) values (250,188,'Fallo','0',null);
Insert into AVANTIA.SDA_RESULTADOS_RESPUESTA (ID,ID_RESPUESTA,VALOR,DATO,ID_RESULTADO) values (252,189,'Fallo','0',null);
Insert into AVANTIA.SDA_RESULTADOS_RESPUESTA (ID,ID_RESPUESTA,VALOR,DATO,ID_RESULTADO) values (255,192,'Exito','1',null);
Insert into AVANTIA.SDA_RESULTADOS_RESPUESTA (ID,ID_RESPUESTA,VALOR,DATO,ID_RESULTADO) values (256,192,'Fallo','0',null);
Insert into AVANTIA.SDA_RESULTADOS_RESPUESTA (ID,ID_RESPUESTA,VALOR,DATO,ID_RESULTADO) values (257,194,'Exito','1',null);
Insert into AVANTIA.SDA_RESULTADOS_RESPUESTA (ID,ID_RESPUESTA,VALOR,DATO,ID_RESULTADO) values (258,194,'Fallo','0',null);
Insert into AVANTIA.SDA_RESULTADOS_RESPUESTA (ID,ID_RESPUESTA,VALOR,DATO,ID_RESULTADO) values (263,198,'Exito','1',null);
Insert into AVANTIA.SDA_RESULTADOS_RESPUESTA (ID,ID_RESPUESTA,VALOR,DATO,ID_RESULTADO) values (265,200,'Exito','1',null);
Insert into AVANTIA.SDA_RESULTADOS_RESPUESTA (ID,ID_RESPUESTA,VALOR,DATO,ID_RESULTADO) values (269,203,'Exito','1',null);
Insert into AVANTIA.SDA_RESULTADOS_RESPUESTA (ID,ID_RESPUESTA,VALOR,DATO,ID_RESULTADO) values (271,204,'Exito','1',null);
Insert into AVANTIA.SDA_RESULTADOS_RESPUESTA (ID,ID_RESPUESTA,VALOR,DATO,ID_RESULTADO) values (272,204,'Fallo','0',null);
Insert into AVANTIA.SDA_RESULTADOS_RESPUESTA (ID,ID_RESPUESTA,VALOR,DATO,ID_RESULTADO) values (251,189,'Exito','1',null);
Insert into AVANTIA.SDA_RESULTADOS_RESPUESTA (ID,ID_RESPUESTA,VALOR,DATO,ID_RESULTADO) values (253,191,'Exito','1',null);
Insert into AVANTIA.SDA_RESULTADOS_RESPUESTA (ID,ID_RESPUESTA,VALOR,DATO,ID_RESULTADO) values (254,191,'Fallo','0',null);
Insert into AVANTIA.SDA_RESULTADOS_RESPUESTA (ID,ID_RESPUESTA,VALOR,DATO,ID_RESULTADO) values (259,195,'Exito','1',null);
Insert into AVANTIA.SDA_RESULTADOS_RESPUESTA (ID,ID_RESPUESTA,VALOR,DATO,ID_RESULTADO) values (260,195,'Fallo','0',null);
Insert into AVANTIA.SDA_RESULTADOS_RESPUESTA (ID,ID_RESPUESTA,VALOR,DATO,ID_RESULTADO) values (261,197,'Exito','1',null);
Insert into AVANTIA.SDA_RESULTADOS_RESPUESTA (ID,ID_RESPUESTA,VALOR,DATO,ID_RESULTADO) values (262,197,'Fallo','0',null);
Insert into AVANTIA.SDA_RESULTADOS_RESPUESTA (ID,ID_RESPUESTA,VALOR,DATO,ID_RESULTADO) values (97,66,'Exito','1',2);
Insert into AVANTIA.SDA_RESULTADOS_RESPUESTA (ID,ID_RESPUESTA,VALOR,DATO,ID_RESULTADO) values (98,66,'Fallo','0',1);
Insert into AVANTIA.SDA_RESULTADOS_RESPUESTA (ID,ID_RESPUESTA,VALOR,DATO,ID_RESULTADO) values (111,78,'Exito','1',2);
Insert into AVANTIA.SDA_RESULTADOS_RESPUESTA (ID,ID_RESPUESTA,VALOR,DATO,ID_RESULTADO) values (121,84,'Exito','1',2);
Insert into AVANTIA.SDA_RESULTADOS_RESPUESTA (ID,ID_RESPUESTA,VALOR,DATO,ID_RESULTADO) values (105,71,'Exito','1',2);
Insert into AVANTIA.SDA_RESULTADOS_RESPUESTA (ID,ID_RESPUESTA,VALOR,DATO,ID_RESULTADO) values (106,71,'Fallo','0',1);
Insert into AVANTIA.SDA_RESULTADOS_RESPUESTA (ID,ID_RESPUESTA,VALOR,DATO,ID_RESULTADO) values (118,81,'Fallo','0',1);
Insert into AVANTIA.SDA_RESULTADOS_RESPUESTA (ID,ID_RESPUESTA,VALOR,DATO,ID_RESULTADO) values (120,82,'Fallo','0',1);
Insert into AVANTIA.SDA_RESULTADOS_RESPUESTA (ID,ID_RESPUESTA,VALOR,DATO,ID_RESULTADO) values (123,85,'Exito','1',2);
Insert into AVANTIA.SDA_RESULTADOS_RESPUESTA (ID,ID_RESPUESTA,VALOR,DATO,ID_RESULTADO) values (124,85,'Fallo','0',1);
Insert into AVANTIA.SDA_RESULTADOS_RESPUESTA (ID,ID_RESPUESTA,VALOR,DATO,ID_RESULTADO) values (125,87,'Exito','1',2);
Insert into AVANTIA.SDA_RESULTADOS_RESPUESTA (ID,ID_RESPUESTA,VALOR,DATO,ID_RESULTADO) values (126,87,'Fallo','0',1);
Insert into AVANTIA.SDA_RESULTADOS_RESPUESTA (ID,ID_RESPUESTA,VALOR,DATO,ID_RESULTADO) values (138,96,'Fallo','0',1);
Insert into AVANTIA.SDA_RESULTADOS_RESPUESTA (ID,ID_RESPUESTA,VALOR,DATO,ID_RESULTADO) values (139,97,'Exito','1',2);
Insert into AVANTIA.SDA_RESULTADOS_RESPUESTA (ID,ID_RESPUESTA,VALOR,DATO,ID_RESULTADO) values (140,97,'Fallo','0',1);
Insert into AVANTIA.SDA_RESULTADOS_RESPUESTA (ID,ID_RESPUESTA,VALOR,DATO,ID_RESULTADO) values (142,99,'Fallo','0',1);
Insert into AVANTIA.SDA_RESULTADOS_RESPUESTA (ID,ID_RESPUESTA,VALOR,DATO,ID_RESULTADO) values (243,183,'Exito','1',null);
Insert into AVANTIA.SDA_RESULTADOS_RESPUESTA (ID,ID_RESPUESTA,VALOR,DATO,ID_RESULTADO) values (91,61,'Exito','1',2);
Insert into AVANTIA.SDA_RESULTADOS_RESPUESTA (ID,ID_RESPUESTA,VALOR,DATO,ID_RESULTADO) values (93,63,'Exito','1',2);
Insert into AVANTIA.SDA_RESULTADOS_RESPUESTA (ID,ID_RESPUESTA,VALOR,DATO,ID_RESULTADO) values (94,63,'Fallo','0',1);
Insert into AVANTIA.SDA_RESULTADOS_RESPUESTA (ID,ID_RESPUESTA,VALOR,DATO,ID_RESULTADO) values (95,64,'Exito','1',2);
Insert into AVANTIA.SDA_RESULTADOS_RESPUESTA (ID,ID_RESPUESTA,VALOR,DATO,ID_RESULTADO) values (96,64,'Fallo','0',1);
Insert into AVANTIA.SDA_RESULTADOS_RESPUESTA (ID,ID_RESPUESTA,VALOR,DATO,ID_RESULTADO) values (107,72,'Exito','1',2);
Insert into AVANTIA.SDA_RESULTADOS_RESPUESTA (ID,ID_RESPUESTA,VALOR,DATO,ID_RESULTADO) values (108,72,'Fallo','0',1);
Insert into AVANTIA.SDA_RESULTADOS_RESPUESTA (ID,ID_RESPUESTA,VALOR,DATO,ID_RESULTADO) values (109,76,'Exito','1',2);
Insert into AVANTIA.SDA_RESULTADOS_RESPUESTA (ID,ID_RESPUESTA,VALOR,DATO,ID_RESULTADO) values (110,76,'Fallo','0',1);
Insert into AVANTIA.SDA_RESULTADOS_RESPUESTA (ID,ID_RESPUESTA,VALOR,DATO,ID_RESULTADO) values (112,78,'Fallo','0',1);
Insert into AVANTIA.SDA_RESULTADOS_RESPUESTA (ID,ID_RESPUESTA,VALOR,DATO,ID_RESULTADO) values (119,82,'Exito','1',2);
Insert into AVANTIA.SDA_RESULTADOS_RESPUESTA (ID,ID_RESPUESTA,VALOR,DATO,ID_RESULTADO) values (115,80,'Exito','1',2);
Insert into AVANTIA.SDA_RESULTADOS_RESPUESTA (ID,ID_RESPUESTA,VALOR,DATO,ID_RESULTADO) values (116,80,'Fallo','0',1);
Insert into AVANTIA.SDA_RESULTADOS_RESPUESTA (ID,ID_RESPUESTA,VALOR,DATO,ID_RESULTADO) values (117,81,'Exito','1',2);
Insert into AVANTIA.SDA_RESULTADOS_RESPUESTA (ID,ID_RESPUESTA,VALOR,DATO,ID_RESULTADO) values (122,84,'Fallo','0',1);
Insert into AVANTIA.SDA_RESULTADOS_RESPUESTA (ID,ID_RESPUESTA,VALOR,DATO,ID_RESULTADO) values (135,94,'Exito','1',2);
Insert into AVANTIA.SDA_RESULTADOS_RESPUESTA (ID,ID_RESPUESTA,VALOR,DATO,ID_RESULTADO) values (136,94,'Fallo','0',1);
Insert into AVANTIA.SDA_RESULTADOS_RESPUESTA (ID,ID_RESPUESTA,VALOR,DATO,ID_RESULTADO) values (137,96,'Exito','1',2);
Insert into AVANTIA.SDA_RESULTADOS_RESPUESTA (ID,ID_RESPUESTA,VALOR,DATO,ID_RESULTADO) values (141,99,'Exito','1',2);
Insert into AVANTIA.SDA_RESULTADOS_RESPUESTA (ID,ID_RESPUESTA,VALOR,DATO,ID_RESULTADO) values (143,100,'Exito','1',2);
Insert into AVANTIA.SDA_RESULTADOS_RESPUESTA (ID,ID_RESPUESTA,VALOR,DATO,ID_RESULTADO) values (144,100,'Fallo','0',1);
Insert into AVANTIA.SDA_RESULTADOS_RESPUESTA (ID,ID_RESPUESTA,VALOR,DATO,ID_RESULTADO) values (145,102,'Exito','1',2);
Insert into AVANTIA.SDA_RESULTADOS_RESPUESTA (ID,ID_RESPUESTA,VALOR,DATO,ID_RESULTADO) values (146,102,'Fallo','0',1);
Insert into AVANTIA.SDA_RESULTADOS_RESPUESTA (ID,ID_RESPUESTA,VALOR,DATO,ID_RESULTADO) values (1,2,'Exito','1',2);
Insert into AVANTIA.SDA_RESULTADOS_RESPUESTA (ID,ID_RESPUESTA,VALOR,DATO,ID_RESULTADO) values (3,4,'Exito','1',2);
Insert into AVANTIA.SDA_RESULTADOS_RESPUESTA (ID,ID_RESPUESTA,VALOR,DATO,ID_RESULTADO) values (164,4,'Fallo','0',null);
Insert into AVANTIA.SDA_RESULTADOS_RESPUESTA (ID,ID_RESPUESTA,VALOR,DATO,ID_RESULTADO) values (5,1,'Exito','0',1);
Insert into AVANTIA.SDA_RESULTADOS_RESPUESTA (ID,ID_RESPUESTA,VALOR,DATO,ID_RESULTADO) values (6,1,'the msisdn has already existed','1',6);
Insert into AVANTIA.SDA_RESULTADOS_RESPUESTA (ID,ID_RESPUESTA,VALOR,DATO,ID_RESULTADO) values (7,1,'the msisdn format is wrong','2',3);
Insert into AVANTIA.SDA_RESULTADOS_RESPUESTA (ID,ID_RESPUESTA,VALOR,DATO,ID_RESULTADO) values (8,1,'the msisdn is not existed (for delete black list)','3',4);
Insert into AVANTIA.SDA_RESULTADOS_RESPUESTA (ID,ID_RESPUESTA,VALOR,DATO,ID_RESULTADO) values (9,1,'the ASPID is not existed','4',5);
Insert into AVANTIA.SDA_RESULTADOS_RESPUESTA (ID,ID_RESPUESTA,VALOR,DATO,ID_RESULTADO) values (10,1,'the serviceID is not existed','5',7);
Insert into AVANTIA.SDA_RESULTADOS_RESPUESTA (ID,ID_RESPUESTA,VALOR,DATO,ID_RESULTADO) values (11,1,'system SMT error','9',8);
Insert into AVANTIA.SDA_RESULTADOS_RESPUESTA (ID,ID_RESPUESTA,VALOR,DATO,ID_RESULTADO) values (12,2,'Fallo','0',1);
Insert into AVANTIA.SDA_RESULTADOS_RESPUESTA (ID,ID_RESPUESTA,VALOR,DATO,ID_RESULTADO) values (17,8,'Exito','1',2);
Insert into AVANTIA.SDA_RESULTADOS_RESPUESTA (ID,ID_RESPUESTA,VALOR,DATO,ID_RESULTADO) values (18,8,'Fallo','0',1);
Insert into AVANTIA.SDA_RESULTADOS_RESPUESTA (ID,ID_RESPUESTA,VALOR,DATO,ID_RESULTADO) values (19,10,'Exito','1',2);
Insert into AVANTIA.SDA_RESULTADOS_RESPUESTA (ID,ID_RESPUESTA,VALOR,DATO,ID_RESULTADO) values (20,10,'Fallo','0',1);
Insert into AVANTIA.SDA_RESULTADOS_RESPUESTA (ID,ID_RESPUESTA,VALOR,DATO,ID_RESULTADO) values (21,11,'Exito','1',2);
Insert into AVANTIA.SDA_RESULTADOS_RESPUESTA (ID,ID_RESPUESTA,VALOR,DATO,ID_RESULTADO) values (22,11,'Fallo','0',1);
Insert into AVANTIA.SDA_RESULTADOS_RESPUESTA (ID,ID_RESPUESTA,VALOR,DATO,ID_RESULTADO) values (25,13,'Exito','1',2);
Insert into AVANTIA.SDA_RESULTADOS_RESPUESTA (ID,ID_RESPUESTA,VALOR,DATO,ID_RESULTADO) values (27,14,'Exito','1',2);
Insert into AVANTIA.SDA_RESULTADOS_RESPUESTA (ID,ID_RESPUESTA,VALOR,DATO,ID_RESULTADO) values (26,13,'Fallo','0',1);
Insert into AVANTIA.SDA_RESULTADOS_RESPUESTA (ID,ID_RESPUESTA,VALOR,DATO,ID_RESULTADO) values (28,14,'Fallo','0',1);
Insert into AVANTIA.SDA_RESULTADOS_RESPUESTA (ID,ID_RESPUESTA,VALOR,DATO,ID_RESULTADO) values (29,16,'Exito','1',2);
Insert into AVANTIA.SDA_RESULTADOS_RESPUESTA (ID,ID_RESPUESTA,VALOR,DATO,ID_RESULTADO) values (30,16,'Fallo','0',1);
Insert into AVANTIA.SDA_RESULTADOS_RESPUESTA (ID,ID_RESPUESTA,VALOR,DATO,ID_RESULTADO) values (31,17,'Exito','1',2);
Insert into AVANTIA.SDA_RESULTADOS_RESPUESTA (ID,ID_RESPUESTA,VALOR,DATO,ID_RESULTADO) values (32,17,'Fallo','0',1);
Insert into AVANTIA.SDA_RESULTADOS_RESPUESTA (ID,ID_RESPUESTA,VALOR,DATO,ID_RESULTADO) values (33,19,'Exito','1',2);
Insert into AVANTIA.SDA_RESULTADOS_RESPUESTA (ID,ID_RESPUESTA,VALOR,DATO,ID_RESULTADO) values (34,19,'Fallo','0',1);
Insert into AVANTIA.SDA_RESULTADOS_RESPUESTA (ID,ID_RESPUESTA,VALOR,DATO,ID_RESULTADO) values (35,20,'Exito','1',2);
Insert into AVANTIA.SDA_RESULTADOS_RESPUESTA (ID,ID_RESPUESTA,VALOR,DATO,ID_RESULTADO) values (36,20,'Fallo','0',1);
Insert into AVANTIA.SDA_RESULTADOS_RESPUESTA (ID,ID_RESPUESTA,VALOR,DATO,ID_RESULTADO) values (37,22,'Exito','1',2);
Insert into AVANTIA.SDA_RESULTADOS_RESPUESTA (ID,ID_RESPUESTA,VALOR,DATO,ID_RESULTADO) values (38,22,'Fallo','0',1);
Insert into AVANTIA.SDA_RESULTADOS_RESPUESTA (ID,ID_RESPUESTA,VALOR,DATO,ID_RESULTADO) values (39,21,'Exito','1',2);
Insert into AVANTIA.SDA_RESULTADOS_RESPUESTA (ID,ID_RESPUESTA,VALOR,DATO,ID_RESULTADO) values (40,21,'Fallo','0',1);
Insert into AVANTIA.SDA_RESULTADOS_RESPUESTA (ID,ID_RESPUESTA,VALOR,DATO,ID_RESULTADO) values (45,27,'Exito','1',2);
Insert into AVANTIA.SDA_RESULTADOS_RESPUESTA (ID,ID_RESPUESTA,VALOR,DATO,ID_RESULTADO) values (46,27,'Fallo','0',1);
Insert into AVANTIA.SDA_RESULTADOS_RESPUESTA (ID,ID_RESPUESTA,VALOR,DATO,ID_RESULTADO) values (47,29,'Exito','1',2);
Insert into AVANTIA.SDA_RESULTADOS_RESPUESTA (ID,ID_RESPUESTA,VALOR,DATO,ID_RESULTADO) values (48,29,'Fallo','0',1);
Insert into AVANTIA.SDA_RESULTADOS_RESPUESTA (ID,ID_RESPUESTA,VALOR,DATO,ID_RESULTADO) values (49,30,'Exito','1',2);
Insert into AVANTIA.SDA_RESULTADOS_RESPUESTA (ID,ID_RESPUESTA,VALOR,DATO,ID_RESULTADO) values (50,30,'Fallo','0',1);
Insert into AVANTIA.SDA_RESULTADOS_RESPUESTA (ID,ID_RESPUESTA,VALOR,DATO,ID_RESULTADO) values (51,32,'Exito','1',2);
Insert into AVANTIA.SDA_RESULTADOS_RESPUESTA (ID,ID_RESPUESTA,VALOR,DATO,ID_RESULTADO) values (52,32,'Fallo','0',1);
Insert into AVANTIA.SDA_RESULTADOS_RESPUESTA (ID,ID_RESPUESTA,VALOR,DATO,ID_RESULTADO) values (53,33,'Exito','1',2);
Insert into AVANTIA.SDA_RESULTADOS_RESPUESTA (ID,ID_RESPUESTA,VALOR,DATO,ID_RESULTADO) values (54,33,'Fallo','0',1);
Insert into AVANTIA.SDA_RESULTADOS_RESPUESTA (ID,ID_RESPUESTA,VALOR,DATO,ID_RESULTADO) values (55,34,'Exito','1',2);
Insert into AVANTIA.SDA_RESULTADOS_RESPUESTA (ID,ID_RESPUESTA,VALOR,DATO,ID_RESULTADO) values (56,34,'Fallo','0',1);
Insert into AVANTIA.SDA_RESULTADOS_RESPUESTA (ID,ID_RESPUESTA,VALOR,DATO,ID_RESULTADO) values (57,35,'Exito','1',2);
Insert into AVANTIA.SDA_RESULTADOS_RESPUESTA (ID,ID_RESPUESTA,VALOR,DATO,ID_RESULTADO) values (58,35,'Fallo','0',1);
Insert into AVANTIA.SDA_RESULTADOS_RESPUESTA (ID,ID_RESPUESTA,VALOR,DATO,ID_RESULTADO) values (59,36,'Exito','1',2);
Insert into AVANTIA.SDA_RESULTADOS_RESPUESTA (ID,ID_RESPUESTA,VALOR,DATO,ID_RESULTADO) values (60,36,'Fallo','0',1);
Insert into AVANTIA.SDA_RESULTADOS_RESPUESTA (ID,ID_RESPUESTA,VALOR,DATO,ID_RESULTADO) values (61,38,'Exito','1',2);
Insert into AVANTIA.SDA_RESULTADOS_RESPUESTA (ID,ID_RESPUESTA,VALOR,DATO,ID_RESULTADO) values (62,38,'Fallo','0',1);
Insert into AVANTIA.SDA_RESULTADOS_RESPUESTA (ID,ID_RESPUESTA,VALOR,DATO,ID_RESULTADO) values (63,39,'Exito','1',2);
Insert into AVANTIA.SDA_RESULTADOS_RESPUESTA (ID,ID_RESPUESTA,VALOR,DATO,ID_RESULTADO) values (64,39,'Fallo','0',1);
Insert into AVANTIA.SDA_RESULTADOS_RESPUESTA (ID,ID_RESPUESTA,VALOR,DATO,ID_RESULTADO) values (65,41,'Exito','1',2);
Insert into AVANTIA.SDA_RESULTADOS_RESPUESTA (ID,ID_RESPUESTA,VALOR,DATO,ID_RESULTADO) values (66,41,'Fallo','0',1);
Insert into AVANTIA.SDA_RESULTADOS_RESPUESTA (ID,ID_RESPUESTA,VALOR,DATO,ID_RESULTADO) values (67,42,'Exito','1',2);
Insert into AVANTIA.SDA_RESULTADOS_RESPUESTA (ID,ID_RESPUESTA,VALOR,DATO,ID_RESULTADO) values (68,42,'Fallo','0',1);
Insert into AVANTIA.SDA_RESULTADOS_RESPUESTA (ID,ID_RESPUESTA,VALOR,DATO,ID_RESULTADO) values (69,44,'Exito','1',2);
Insert into AVANTIA.SDA_RESULTADOS_RESPUESTA (ID,ID_RESPUESTA,VALOR,DATO,ID_RESULTADO) values (70,44,'Fallo','0',1);
Insert into AVANTIA.SDA_RESULTADOS_RESPUESTA (ID,ID_RESPUESTA,VALOR,DATO,ID_RESULTADO) values (71,45,'Exito','1',2);
Insert into AVANTIA.SDA_RESULTADOS_RESPUESTA (ID,ID_RESPUESTA,VALOR,DATO,ID_RESULTADO) values (72,45,'Fallo','0',1);
Insert into AVANTIA.SDA_RESULTADOS_RESPUESTA (ID,ID_RESPUESTA,VALOR,DATO,ID_RESULTADO) values (73,48,'Exito','1',2);
Insert into AVANTIA.SDA_RESULTADOS_RESPUESTA (ID,ID_RESPUESTA,VALOR,DATO,ID_RESULTADO) values (74,48,'Fallo','0',1);
Insert into AVANTIA.SDA_RESULTADOS_RESPUESTA (ID,ID_RESPUESTA,VALOR,DATO,ID_RESULTADO) values (75,49,'Exito','1',2);
Insert into AVANTIA.SDA_RESULTADOS_RESPUESTA (ID,ID_RESPUESTA,VALOR,DATO,ID_RESULTADO) values (76,49,'Fallo','0',1);
Insert into AVANTIA.SDA_RESULTADOS_RESPUESTA (ID,ID_RESPUESTA,VALOR,DATO,ID_RESULTADO) values (77,51,'Exito','1',2);
Insert into AVANTIA.SDA_RESULTADOS_RESPUESTA (ID,ID_RESPUESTA,VALOR,DATO,ID_RESULTADO) values (78,51,'Fallo','0',1);
Insert into AVANTIA.SDA_RESULTADOS_RESPUESTA (ID,ID_RESPUESTA,VALOR,DATO,ID_RESULTADO) values (79,52,'Exito','1',2);
Insert into AVANTIA.SDA_RESULTADOS_RESPUESTA (ID,ID_RESPUESTA,VALOR,DATO,ID_RESULTADO) values (80,52,'Fallo','0',1);
Insert into AVANTIA.SDA_RESULTADOS_RESPUESTA (ID,ID_RESPUESTA,VALOR,DATO,ID_RESULTADO) values (81,54,'Exito','1',2);
Insert into AVANTIA.SDA_RESULTADOS_RESPUESTA (ID,ID_RESPUESTA,VALOR,DATO,ID_RESULTADO) values (82,54,'Fallo','0',1);
Insert into AVANTIA.SDA_RESULTADOS_RESPUESTA (ID,ID_RESPUESTA,VALOR,DATO,ID_RESULTADO) values (83,55,'Exito','1',2);
Insert into AVANTIA.SDA_RESULTADOS_RESPUESTA (ID,ID_RESPUESTA,VALOR,DATO,ID_RESULTADO) values (84,55,'Fallo','0',1);
Insert into AVANTIA.SDA_RESULTADOS_RESPUESTA (ID,ID_RESPUESTA,VALOR,DATO,ID_RESULTADO) values (85,57,'Exito','1',2);
Insert into AVANTIA.SDA_RESULTADOS_RESPUESTA (ID,ID_RESPUESTA,VALOR,DATO,ID_RESULTADO) values (86,57,'Fallo','0',1);
Insert into AVANTIA.SDA_RESULTADOS_RESPUESTA (ID,ID_RESPUESTA,VALOR,DATO,ID_RESULTADO) values (87,58,'Exito','1',2);
Insert into AVANTIA.SDA_RESULTADOS_RESPUESTA (ID,ID_RESPUESTA,VALOR,DATO,ID_RESULTADO) values (89,60,'Exito','1',2);
Insert into AVANTIA.SDA_RESULTADOS_RESPUESTA (ID,ID_RESPUESTA,VALOR,DATO,ID_RESULTADO) values (90,60,'Fallo','0',1);
Insert into AVANTIA.SDA_RESULTADOS_RESPUESTA (ID,ID_RESPUESTA,VALOR,DATO,ID_RESULTADO) values (92,61,'Fallo','0',1);
Insert into AVANTIA.SDA_RESULTADOS_RESPUESTA (ID,ID_RESPUESTA,VALOR,DATO,ID_RESULTADO) values (150,106,'Exito','1',2);
Insert into AVANTIA.SDA_RESULTADOS_RESPUESTA (ID,ID_RESPUESTA,VALOR,DATO,ID_RESULTADO) values (151,106,'Fallo','0',1);
Insert into AVANTIA.SDA_RESULTADOS_RESPUESTA (ID,ID_RESPUESTA,VALOR,DATO,ID_RESULTADO) values (152,107,'Exito','1',2);
Insert into AVANTIA.SDA_RESULTADOS_RESPUESTA (ID,ID_RESPUESTA,VALOR,DATO,ID_RESULTADO) values (153,107,'Fallo','0',1);
Insert into AVANTIA.SDA_RESULTADOS_RESPUESTA (ID,ID_RESPUESTA,VALOR,DATO,ID_RESULTADO) values (165,122,'Exito','1',null);
Insert into AVANTIA.SDA_RESULTADOS_RESPUESTA (ID,ID_RESPUESTA,VALOR,DATO,ID_RESULTADO) values (166,122,'Fallo','0',null);
Insert into AVANTIA.SDA_RESULTADOS_RESPUESTA (ID,ID_RESPUESTA,VALOR,DATO,ID_RESULTADO) values (170,124,'Fallo','0',null);
Insert into AVANTIA.SDA_RESULTADOS_RESPUESTA (ID,ID_RESPUESTA,VALOR,DATO,ID_RESULTADO) values (171,125,'Fallo','0',null);
Insert into AVANTIA.SDA_RESULTADOS_RESPUESTA (ID,ID_RESPUESTA,VALOR,DATO,ID_RESULTADO) values (169,124,'Exito','1',null);
Insert into AVANTIA.SDA_RESULTADOS_RESPUESTA (ID,ID_RESPUESTA,VALOR,DATO,ID_RESULTADO) values (172,125,'Exito','1',null);
Insert into AVANTIA.SDA_RESULTADOS_RESPUESTA (ID,ID_RESPUESTA,VALOR,DATO,ID_RESULTADO) values (173,127,'Fallo','0',null);
Insert into AVANTIA.SDA_RESULTADOS_RESPUESTA (ID,ID_RESPUESTA,VALOR,DATO,ID_RESULTADO) values (174,127,'Exito','1',null);
Insert into AVANTIA.SDA_RESULTADOS_RESPUESTA (ID,ID_RESPUESTA,VALOR,DATO,ID_RESULTADO) values (175,128,'Fallo','0',null);
Insert into AVANTIA.SDA_RESULTADOS_RESPUESTA (ID,ID_RESPUESTA,VALOR,DATO,ID_RESULTADO) values (176,128,'Exito','1',null);
Insert into AVANTIA.SDA_RESULTADOS_RESPUESTA (ID,ID_RESPUESTA,VALOR,DATO,ID_RESULTADO) values (177,130,'Fallo','0',null);
Insert into AVANTIA.SDA_RESULTADOS_RESPUESTA (ID,ID_RESPUESTA,VALOR,DATO,ID_RESULTADO) values (178,130,'Exito','1',null);
Insert into AVANTIA.SDA_RESULTADOS_RESPUESTA (ID,ID_RESPUESTA,VALOR,DATO,ID_RESULTADO) values (179,131,'Fallo','0',null);
Insert into AVANTIA.SDA_RESULTADOS_RESPUESTA (ID,ID_RESPUESTA,VALOR,DATO,ID_RESULTADO) values (180,131,'Exito','1',null);
Insert into AVANTIA.SDA_RESULTADOS_RESPUESTA (ID,ID_RESPUESTA,VALOR,DATO,ID_RESULTADO) values (181,133,'Fallo','0',null);
Insert into AVANTIA.SDA_RESULTADOS_RESPUESTA (ID,ID_RESPUESTA,VALOR,DATO,ID_RESULTADO) values (182,133,'Exito','1',null);
Insert into AVANTIA.SDA_RESULTADOS_RESPUESTA (ID,ID_RESPUESTA,VALOR,DATO,ID_RESULTADO) values (183,134,'Fallo','0',null);
Insert into AVANTIA.SDA_RESULTADOS_RESPUESTA (ID,ID_RESPUESTA,VALOR,DATO,ID_RESULTADO) values (184,134,'Exito','1',null);
Insert into AVANTIA.SDA_RESULTADOS_RESPUESTA (ID,ID_RESPUESTA,VALOR,DATO,ID_RESULTADO) values (185,137,'Fallo','0',null);
Insert into AVANTIA.SDA_RESULTADOS_RESPUESTA (ID,ID_RESPUESTA,VALOR,DATO,ID_RESULTADO) values (186,137,'Exito','1',null);
Insert into AVANTIA.SDA_RESULTADOS_RESPUESTA (ID,ID_RESPUESTA,VALOR,DATO,ID_RESULTADO) values (187,138,'Fallo','0',null);
Insert into AVANTIA.SDA_RESULTADOS_RESPUESTA (ID,ID_RESPUESTA,VALOR,DATO,ID_RESULTADO) values (188,138,'Exito','1',null);
Insert into AVANTIA.SDA_RESULTADOS_RESPUESTA (ID,ID_RESPUESTA,VALOR,DATO,ID_RESULTADO) values (189,142,'Fallo','0',null);
Insert into AVANTIA.SDA_RESULTADOS_RESPUESTA (ID,ID_RESPUESTA,VALOR,DATO,ID_RESULTADO) values (190,142,'Exito','1',null);
Insert into AVANTIA.SDA_RESULTADOS_RESPUESTA (ID,ID_RESPUESTA,VALOR,DATO,ID_RESULTADO) values (191,143,'Fallo','0',null);
Insert into AVANTIA.SDA_RESULTADOS_RESPUESTA (ID,ID_RESPUESTA,VALOR,DATO,ID_RESULTADO) values (192,143,'Exito','1',null);
Insert into AVANTIA.SDA_RESULTADOS_RESPUESTA (ID,ID_RESPUESTA,VALOR,DATO,ID_RESULTADO) values (193,145,'Fallo','0',null);
Insert into AVANTIA.SDA_RESULTADOS_RESPUESTA (ID,ID_RESPUESTA,VALOR,DATO,ID_RESULTADO) values (194,145,'Exito','1',null);
Insert into AVANTIA.SDA_RESULTADOS_RESPUESTA (ID,ID_RESPUESTA,VALOR,DATO,ID_RESULTADO) values (195,146,'Fallo','0',null);
Insert into AVANTIA.SDA_RESULTADOS_RESPUESTA (ID,ID_RESPUESTA,VALOR,DATO,ID_RESULTADO) values (196,146,'Exito','1',null);
Insert into AVANTIA.SDA_RESULTADOS_RESPUESTA (ID,ID_RESPUESTA,VALOR,DATO,ID_RESULTADO) values (197,148,'Fallo','0',null);
Insert into AVANTIA.SDA_RESULTADOS_RESPUESTA (ID,ID_RESPUESTA,VALOR,DATO,ID_RESULTADO) values (198,148,'Exito','1',null);
Insert into AVANTIA.SDA_RESULTADOS_RESPUESTA (ID,ID_RESPUESTA,VALOR,DATO,ID_RESULTADO) values (199,149,'Fallo','0',null);
Insert into AVANTIA.SDA_RESULTADOS_RESPUESTA (ID,ID_RESPUESTA,VALOR,DATO,ID_RESULTADO) values (200,149,'Exito','1',null);
Insert into AVANTIA.SDA_RESULTADOS_RESPUESTA (ID,ID_RESPUESTA,VALOR,DATO,ID_RESULTADO) values (201,151,'Fallo','0',null);
Insert into AVANTIA.SDA_RESULTADOS_RESPUESTA (ID,ID_RESPUESTA,VALOR,DATO,ID_RESULTADO) values (202,151,'Exito','1',null);
Insert into AVANTIA.SDA_RESULTADOS_RESPUESTA (ID,ID_RESPUESTA,VALOR,DATO,ID_RESULTADO) values (203,152,'Fallo','0',null);
Insert into AVANTIA.SDA_RESULTADOS_RESPUESTA (ID,ID_RESPUESTA,VALOR,DATO,ID_RESULTADO) values (204,152,'Exito','1',null);
Insert into AVANTIA.SDA_RESULTADOS_RESPUESTA (ID,ID_RESPUESTA,VALOR,DATO,ID_RESULTADO) values (205,155,'Fallo','0',null);
Insert into AVANTIA.SDA_RESULTADOS_RESPUESTA (ID,ID_RESPUESTA,VALOR,DATO,ID_RESULTADO) values (206,155,'Exito','1',null);
Insert into AVANTIA.SDA_RESULTADOS_RESPUESTA (ID,ID_RESPUESTA,VALOR,DATO,ID_RESULTADO) values (207,156,'Fallo','0',null);
Insert into AVANTIA.SDA_RESULTADOS_RESPUESTA (ID,ID_RESPUESTA,VALOR,DATO,ID_RESULTADO) values (208,156,'Exito','1',null);
Insert into AVANTIA.SDA_RESULTADOS_RESPUESTA (ID,ID_RESPUESTA,VALOR,DATO,ID_RESULTADO) values (209,158,'Fallo','0',null);
Insert into AVANTIA.SDA_RESULTADOS_RESPUESTA (ID,ID_RESPUESTA,VALOR,DATO,ID_RESULTADO) values (210,158,'Exito','1',null);
Insert into AVANTIA.SDA_RESULTADOS_RESPUESTA (ID,ID_RESPUESTA,VALOR,DATO,ID_RESULTADO) values (211,159,'Fallo','0',null);
Insert into AVANTIA.SDA_RESULTADOS_RESPUESTA (ID,ID_RESPUESTA,VALOR,DATO,ID_RESULTADO) values (212,159,'Exito','1',null);
Insert into AVANTIA.SDA_RESULTADOS_RESPUESTA (ID,ID_RESPUESTA,VALOR,DATO,ID_RESULTADO) values (213,161,'Fallo','0',null);
Insert into AVANTIA.SDA_RESULTADOS_RESPUESTA (ID,ID_RESPUESTA,VALOR,DATO,ID_RESULTADO) values (214,161,'Exito','1',null);
Insert into AVANTIA.SDA_RESULTADOS_RESPUESTA (ID,ID_RESPUESTA,VALOR,DATO,ID_RESULTADO) values (215,162,'Fallo','0',null);
Insert into AVANTIA.SDA_RESULTADOS_RESPUESTA (ID,ID_RESPUESTA,VALOR,DATO,ID_RESULTADO) values (216,162,'Exito','1',null);
Insert into AVANTIA.SDA_RESULTADOS_RESPUESTA (ID,ID_RESPUESTA,VALOR,DATO,ID_RESULTADO) values (217,164,'Fallo','0',null);
Insert into AVANTIA.SDA_RESULTADOS_RESPUESTA (ID,ID_RESPUESTA,VALOR,DATO,ID_RESULTADO) values (218,164,'Exito','1',null);
Insert into AVANTIA.SDA_RESULTADOS_RESPUESTA (ID,ID_RESPUESTA,VALOR,DATO,ID_RESULTADO) values (219,165,'Fallo','0',null);
Insert into AVANTIA.SDA_RESULTADOS_RESPUESTA (ID,ID_RESPUESTA,VALOR,DATO,ID_RESULTADO) values (220,165,'Exito','1',null);
Insert into AVANTIA.SDA_RESULTADOS_RESPUESTA (ID,ID_RESPUESTA,VALOR,DATO,ID_RESULTADO) values (221,167,'Fallo','0',null);
Insert into AVANTIA.SDA_RESULTADOS_RESPUESTA (ID,ID_RESPUESTA,VALOR,DATO,ID_RESULTADO) values (222,167,'Exito','1',null);
Insert into AVANTIA.SDA_RESULTADOS_RESPUESTA (ID,ID_RESPUESTA,VALOR,DATO,ID_RESULTADO) values (223,168,'Fallo','0',null);
Insert into AVANTIA.SDA_RESULTADOS_RESPUESTA (ID,ID_RESPUESTA,VALOR,DATO,ID_RESULTADO) values (224,168,'Exito','1',null);
Insert into AVANTIA.SDA_RESULTADOS_RESPUESTA (ID,ID_RESPUESTA,VALOR,DATO,ID_RESULTADO) values (225,170,'Fallo','0',null);
Insert into AVANTIA.SDA_RESULTADOS_RESPUESTA (ID,ID_RESPUESTA,VALOR,DATO,ID_RESULTADO) values (226,170,'Exito','1',null);
Insert into AVANTIA.SDA_RESULTADOS_RESPUESTA (ID,ID_RESPUESTA,VALOR,DATO,ID_RESULTADO) values (227,171,'Fallo','0',null);
Insert into AVANTIA.SDA_RESULTADOS_RESPUESTA (ID,ID_RESPUESTA,VALOR,DATO,ID_RESULTADO) values (228,171,'Exito','1',null);
Insert into AVANTIA.SDA_RESULTADOS_RESPUESTA (ID,ID_RESPUESTA,VALOR,DATO,ID_RESULTADO) values (229,173,'Fallo','0',null);
Insert into AVANTIA.SDA_RESULTADOS_RESPUESTA (ID,ID_RESPUESTA,VALOR,DATO,ID_RESULTADO) values (230,173,'Exito','1',null);
Insert into AVANTIA.SDA_RESULTADOS_RESPUESTA (ID,ID_RESPUESTA,VALOR,DATO,ID_RESULTADO) values (231,174,'Fallo','0',null);
Insert into AVANTIA.SDA_RESULTADOS_RESPUESTA (ID,ID_RESPUESTA,VALOR,DATO,ID_RESULTADO) values (232,174,'Exito','1',null);
Insert into AVANTIA.SDA_RESULTADOS_RESPUESTA (ID,ID_RESPUESTA,VALOR,DATO,ID_RESULTADO) values (233,176,'Fallo','0',null);
Insert into AVANTIA.SDA_RESULTADOS_RESPUESTA (ID,ID_RESPUESTA,VALOR,DATO,ID_RESULTADO) values (234,176,'Exito','1',null);
Insert into AVANTIA.SDA_RESULTADOS_RESPUESTA (ID,ID_RESPUESTA,VALOR,DATO,ID_RESULTADO) values (235,177,'Fallo','0',null);
Insert into AVANTIA.SDA_RESULTADOS_RESPUESTA (ID,ID_RESPUESTA,VALOR,DATO,ID_RESULTADO) values (236,177,'Exito','1',null);
Insert into AVANTIA.SDA_RESULTADOS_RESPUESTA (ID,ID_RESPUESTA,VALOR,DATO,ID_RESULTADO) values (237,179,'Fallo','0',null);
Insert into AVANTIA.SDA_RESULTADOS_RESPUESTA (ID,ID_RESPUESTA,VALOR,DATO,ID_RESULTADO) values (238,179,'Exito','1',null);
Insert into AVANTIA.SDA_RESULTADOS_RESPUESTA (ID,ID_RESPUESTA,VALOR,DATO,ID_RESULTADO) values (239,180,'Fallo','0',null);
Insert into AVANTIA.SDA_RESULTADOS_RESPUESTA (ID,ID_RESPUESTA,VALOR,DATO,ID_RESULTADO) values (240,180,'Exito','1',null);
Insert into AVANTIA.SDA_RESULTADOS_RESPUESTA (ID,ID_RESPUESTA,VALOR,DATO,ID_RESULTADO) values (241,182,'Fallo','0',null);
Insert into AVANTIA.SDA_RESULTADOS_RESPUESTA (ID,ID_RESPUESTA,VALOR,DATO,ID_RESULTADO) values (242,182,'Exito','1',null);
Insert into AVANTIA.SDA_RESULTADOS_RESPUESTA (ID,ID_RESPUESTA,VALOR,DATO,ID_RESULTADO) values (244,183,'Fallo','0',null);
Insert into AVANTIA.SDA_RESULTADOS_RESPUESTA (ID,ID_RESPUESTA,VALOR,DATO,ID_RESULTADO) values (245,185,'Exito','1',null);
Insert into AVANTIA.SDA_RESULTADOS_RESPUESTA (ID,ID_RESPUESTA,VALOR,DATO,ID_RESULTADO) values (246,185,'Fallo','0',null);
Insert into AVANTIA.SDA_RESULTADOS_RESPUESTA (ID,ID_RESPUESTA,VALOR,DATO,ID_RESULTADO) values (264,198,'Fallo','0',null);
Insert into AVANTIA.SDA_RESULTADOS_RESPUESTA (ID,ID_RESPUESTA,VALOR,DATO,ID_RESULTADO) values (266,200,'Fallo','0',null);
Insert into AVANTIA.SDA_RESULTADOS_RESPUESTA (ID,ID_RESPUESTA,VALOR,DATO,ID_RESULTADO) values (267,201,'Exito','1',null);
Insert into AVANTIA.SDA_RESULTADOS_RESPUESTA (ID,ID_RESPUESTA,VALOR,DATO,ID_RESULTADO) values (268,201,'Fallo','0',null);
Insert into AVANTIA.SDA_RESULTADOS_RESPUESTA (ID,ID_RESPUESTA,VALOR,DATO,ID_RESULTADO) values (270,203,'Fallo','0',null);
Insert into AVANTIA.SDA_RESULTADOS_RESPUESTA (ID,ID_RESPUESTA,VALOR,DATO,ID_RESULTADO) values (273,206,'Exito','1',null);
Insert into AVANTIA.SDA_RESULTADOS_RESPUESTA (ID,ID_RESPUESTA,VALOR,DATO,ID_RESULTADO) values (274,206,'Fallo','0',null);
Insert into AVANTIA.SDA_RESULTADOS_RESPUESTA (ID,ID_RESPUESTA,VALOR,DATO,ID_RESULTADO) values (277,209,'Exito','0',null);
Insert into AVANTIA.SDA_RESULTADOS_RESPUESTA (ID,ID_RESPUESTA,VALOR,DATO,ID_RESULTADO) values (278,209,'the msisdn has already existed','1',null);
Insert into AVANTIA.SDA_RESULTADOS_RESPUESTA (ID,ID_RESPUESTA,VALOR,DATO,ID_RESULTADO) values (279,209,'the msisdn format is wrong','2',null);
Insert into AVANTIA.SDA_RESULTADOS_RESPUESTA (ID,ID_RESPUESTA,VALOR,DATO,ID_RESULTADO) values (280,209,'the msisdn is not existed (for delete black list)','3',null);
Insert into AVANTIA.SDA_RESULTADOS_RESPUESTA (ID,ID_RESPUESTA,VALOR,DATO,ID_RESULTADO) values (281,209,'the ASPID is not existed','4',null);
Insert into AVANTIA.SDA_RESULTADOS_RESPUESTA (ID,ID_RESPUESTA,VALOR,DATO,ID_RESULTADO) values (282,209,'the serviceID is not existed','5',null);
Insert into AVANTIA.SDA_RESULTADOS_RESPUESTA (ID,ID_RESPUESTA,VALOR,DATO,ID_RESULTADO) values (283,209,'system SMT error','9',null);
Insert into AVANTIA.SDA_RESULTADOS_RESPUESTA (ID,ID_RESPUESTA,VALOR,DATO,ID_RESULTADO) values (284,210,'Exito','0',null);
Insert into AVANTIA.SDA_RESULTADOS_RESPUESTA (ID,ID_RESPUESTA,VALOR,DATO,ID_RESULTADO) values (285,210,'the msisdn has already existed','1',null);
Insert into AVANTIA.SDA_RESULTADOS_RESPUESTA (ID,ID_RESPUESTA,VALOR,DATO,ID_RESULTADO) values (286,210,'the msisdn format is wrong','2',null);
Insert into AVANTIA.SDA_RESULTADOS_RESPUESTA (ID,ID_RESPUESTA,VALOR,DATO,ID_RESULTADO) values (287,210,'the msisdn is not existed (for delete black list)','3',null);
Insert into AVANTIA.SDA_RESULTADOS_RESPUESTA (ID,ID_RESPUESTA,VALOR,DATO,ID_RESULTADO) values (288,210,'the ASPID is not existed','4',null);
Insert into AVANTIA.SDA_RESULTADOS_RESPUESTA (ID,ID_RESPUESTA,VALOR,DATO,ID_RESULTADO) values (289,210,'the serviceID is not existed','5',null);
Insert into AVANTIA.SDA_RESULTADOS_RESPUESTA (ID,ID_RESPUESTA,VALOR,DATO,ID_RESULTADO) values (290,210,'system SMT error','9',null);
Insert into AVANTIA.SDA_RESULTADOS_RESPUESTA (ID,ID_RESPUESTA,VALOR,DATO,ID_RESULTADO) values (291,211,'Exito','0',null);
Insert into AVANTIA.SDA_RESULTADOS_RESPUESTA (ID,ID_RESPUESTA,VALOR,DATO,ID_RESULTADO) values (292,211,'the msisdn has already existed','1',null);
Insert into AVANTIA.SDA_RESULTADOS_RESPUESTA (ID,ID_RESPUESTA,VALOR,DATO,ID_RESULTADO) values (293,211,'the msisdn format is wrong','2',null);
Insert into AVANTIA.SDA_RESULTADOS_RESPUESTA (ID,ID_RESPUESTA,VALOR,DATO,ID_RESULTADO) values (294,211,'the msisdn is not existed (for delete black list)','3',null);
Insert into AVANTIA.SDA_RESULTADOS_RESPUESTA (ID,ID_RESPUESTA,VALOR,DATO,ID_RESULTADO) values (295,211,'the ASPID is not existed','4',null);
Insert into AVANTIA.SDA_RESULTADOS_RESPUESTA (ID,ID_RESPUESTA,VALOR,DATO,ID_RESULTADO) values (296,211,'the serviceID is not existed','5',null);
Insert into AVANTIA.SDA_RESULTADOS_RESPUESTA (ID,ID_RESPUESTA,VALOR,DATO,ID_RESULTADO) values (297,211,'system SMT error','9',null);
Insert into AVANTIA.SDA_RESULTADOS_RESPUESTA (ID,ID_RESPUESTA,VALOR,DATO,ID_RESULTADO) values (298,212,'Exito','1',null);
Insert into AVANTIA.SDA_RESULTADOS_RESPUESTA (ID,ID_RESPUESTA,VALOR,DATO,ID_RESULTADO) values (299,212,'Fallo','0',null);
Insert into AVANTIA.SDA_RESULTADOS_RESPUESTA (ID,ID_RESPUESTA,VALOR,DATO,ID_RESULTADO) values (300,214,'Exito','1',null);
Insert into AVANTIA.SDA_RESULTADOS_RESPUESTA (ID,ID_RESPUESTA,VALOR,DATO,ID_RESULTADO) values (301,214,'Fallo','0',null);
Insert into AVANTIA.SDA_RESULTADOS_RESPUESTA (ID,ID_RESPUESTA,VALOR,DATO,ID_RESULTADO) values (302,215,'Exito','1',null);
Insert into AVANTIA.SDA_RESULTADOS_RESPUESTA (ID,ID_RESPUESTA,VALOR,DATO,ID_RESULTADO) values (303,215,'Fallo','0',null);
Insert into AVANTIA.SDA_RESULTADOS_RESPUESTA (ID,ID_RESPUESTA,VALOR,DATO,ID_RESULTADO) values (304,217,'Exito','1',null);
Insert into AVANTIA.SDA_RESULTADOS_RESPUESTA (ID,ID_RESPUESTA,VALOR,DATO,ID_RESULTADO) values (305,217,'Fallo','0',null);
Insert into AVANTIA.SDA_RESULTADOS_RESPUESTA (ID,ID_RESPUESTA,VALOR,DATO,ID_RESULTADO) values (314,224,'Exito','1',null);
Insert into AVANTIA.SDA_RESULTADOS_RESPUESTA (ID,ID_RESPUESTA,VALOR,DATO,ID_RESULTADO) values (315,224,'Fallo','0',null);
Insert into AVANTIA.SDA_RESULTADOS_RESPUESTA (ID,ID_RESPUESTA,VALOR,DATO,ID_RESULTADO) values (316,226,'Exito','1',null);
Insert into AVANTIA.SDA_RESULTADOS_RESPUESTA (ID,ID_RESPUESTA,VALOR,DATO,ID_RESULTADO) values (317,226,'Fallo','0',null);
Insert into AVANTIA.SDA_RESULTADOS_RESPUESTA (ID,ID_RESPUESTA,VALOR,DATO,ID_RESULTADO) values (323,227,'the serviceID is not existed','5',null);
Insert into AVANTIA.SDA_RESULTADOS_RESPUESTA (ID,ID_RESPUESTA,VALOR,DATO,ID_RESULTADO) values (332,230,'Exito','1000',null);
Insert into AVANTIA.SDA_RESULTADOS_RESPUESTA (ID,ID_RESPUESTA,VALOR,DATO,ID_RESULTADO) values (333,230,'Numero Erroneo','1007',null);
Insert into AVANTIA.SDA_RESULTADOS_RESPUESTA (ID,ID_RESPUESTA,VALOR,DATO,ID_RESULTADO) values (334,231,'Exito','0',null);
Insert into AVANTIA.SDA_RESULTADOS_RESPUESTA (ID,ID_RESPUESTA,VALOR,DATO,ID_RESULTADO) values (335,231,'Exito','1000',null);
Insert into AVANTIA.SDA_RESULTADOS_RESPUESTA (ID,ID_RESPUESTA,VALOR,DATO,ID_RESULTADO) values (336,231,'Numero Erroneo','1007',null);
Insert into AVANTIA.SDA_RESULTADOS_RESPUESTA (ID,ID_RESPUESTA,VALOR,DATO,ID_RESULTADO) values (340,233,'Exito','0',null);
Insert into AVANTIA.SDA_RESULTADOS_RESPUESTA (ID,ID_RESPUESTA,VALOR,DATO,ID_RESULTADO) values (341,233,'Exito','1000',null);
Insert into AVANTIA.SDA_RESULTADOS_RESPUESTA (ID,ID_RESPUESTA,VALOR,DATO,ID_RESULTADO) values (342,233,'Numero erroneo','1007',null);
Insert into AVANTIA.SDA_RESULTADOS_RESPUESTA (ID,ID_RESPUESTA,VALOR,DATO,ID_RESULTADO) values (325,228,'Exito','1000',null);
Insert into AVANTIA.SDA_RESULTADOS_RESPUESTA (ID,ID_RESPUESTA,VALOR,DATO,ID_RESULTADO) values (326,228,'Exito','0',null);
Insert into AVANTIA.SDA_RESULTADOS_RESPUESTA (ID,ID_RESPUESTA,VALOR,DATO,ID_RESULTADO) values (327,228,'Numero Invalido','1107',null);
Insert into AVANTIA.SDA_RESULTADOS_RESPUESTA (ID,ID_RESPUESTA,VALOR,DATO,ID_RESULTADO) values (328,229,'Exito','0',null);
Insert into AVANTIA.SDA_RESULTADOS_RESPUESTA (ID,ID_RESPUESTA,VALOR,DATO,ID_RESULTADO) values (329,229,'Exito','1000',null);
Insert into AVANTIA.SDA_RESULTADOS_RESPUESTA (ID,ID_RESPUESTA,VALOR,DATO,ID_RESULTADO) values (330,229,'Numero Erroneo','1007',null);
Insert into AVANTIA.SDA_RESULTADOS_RESPUESTA (ID,ID_RESPUESTA,VALOR,DATO,ID_RESULTADO) values (331,230,'Exito','0',null);
Insert into AVANTIA.SDA_RESULTADOS_RESPUESTA (ID,ID_RESPUESTA,VALOR,DATO,ID_RESULTADO) values (337,232,'Exito','0',null);
Insert into AVANTIA.SDA_RESULTADOS_RESPUESTA (ID,ID_RESPUESTA,VALOR,DATO,ID_RESULTADO) values (338,232,'Exito','1000',null);
Insert into AVANTIA.SDA_RESULTADOS_RESPUESTA (ID,ID_RESPUESTA,VALOR,DATO,ID_RESULTADO) values (339,232,'Numero Erroneo','1007',null);
Insert into AVANTIA.SDA_RESULTADOS_RESPUESTA (ID,ID_RESPUESTA,VALOR,DATO,ID_RESULTADO) values (343,234,'Exito','0',null);
Insert into AVANTIA.SDA_RESULTADOS_RESPUESTA (ID,ID_RESPUESTA,VALOR,DATO,ID_RESULTADO) values (344,234,'Exito','1000',null);
Insert into AVANTIA.SDA_RESULTADOS_RESPUESTA (ID,ID_RESPUESTA,VALOR,DATO,ID_RESULTADO) values (345,234,'Numero Erroneo','1007',null);
Insert into AVANTIA.SDA_RESULTADOS_RESPUESTA (ID,ID_RESPUESTA,VALOR,DATO,ID_RESULTADO) values (346,235,'Exito','0',null);
Insert into AVANTIA.SDA_RESULTADOS_RESPUESTA (ID,ID_RESPUESTA,VALOR,DATO,ID_RESULTADO) values (347,235,'Exito','1000',null);
Insert into AVANTIA.SDA_RESULTADOS_RESPUESTA (ID,ID_RESPUESTA,VALOR,DATO,ID_RESULTADO) values (348,235,'Numero Erroneo','1007',null);
Insert into AVANTIA.SDA_RESULTADOS_RESPUESTA (ID,ID_RESPUESTA,VALOR,DATO,ID_RESULTADO) values (349,236,'Exito','0',null);
Insert into AVANTIA.SDA_RESULTADOS_RESPUESTA (ID,ID_RESPUESTA,VALOR,DATO,ID_RESULTADO) values (350,236,'Exito','1000',null);
Insert into AVANTIA.SDA_RESULTADOS_RESPUESTA (ID,ID_RESPUESTA,VALOR,DATO,ID_RESULTADO) values (351,236,'Numero Erroneo','1007',null);
Insert into AVANTIA.SDA_RESULTADOS_RESPUESTA (ID,ID_RESPUESTA,VALOR,DATO,ID_RESULTADO) values (352,237,'Exito','0',null);
Insert into AVANTIA.SDA_RESULTADOS_RESPUESTA (ID,ID_RESPUESTA,VALOR,DATO,ID_RESULTADO) values (353,237,'Exito','1000',null);
Insert into AVANTIA.SDA_RESULTADOS_RESPUESTA (ID,ID_RESPUESTA,VALOR,DATO,ID_RESULTADO) values (354,237,'Numero Erroneo','1007',null);
Insert into AVANTIA.SDA_RESULTADOS_RESPUESTA (ID,ID_RESPUESTA,VALOR,DATO,ID_RESULTADO) values (355,58,'Fallo','0',null);
Insert into AVANTIA.SDA_RESULTADOS_RESPUESTA (ID,ID_RESPUESTA,VALOR,DATO,ID_RESULTADO) values (356,238,'Exito','1',null);
Insert into AVANTIA.SDA_RESULTADOS_RESPUESTA (ID,ID_RESPUESTA,VALOR,DATO,ID_RESULTADO) values (357,238,'Fallo','0',null);
Insert into AVANTIA.SDA_RESULTADOS_RESPUESTA (ID,ID_RESPUESTA,VALOR,DATO,ID_RESULTADO) values (358,240,'Exito','1',null);
Insert into AVANTIA.SDA_RESULTADOS_RESPUESTA (ID,ID_RESPUESTA,VALOR,DATO,ID_RESULTADO) values (359,240,'Fallo','0',null);
REM INSERTING into AVANTIA.SDA_USUARIO_SISTEMA
SET DEFINE OFF;
Insert into AVANTIA.SDA_USUARIO_SISTEMA (ID,USUARIO,ESTADO) values (1,'admin',1);
Insert into AVANTIA.SDA_USUARIO_SISTEMA (ID,USUARIO,ESTADO) values (400,'edwina.mejia',1);
Insert into AVANTIA.SDA_USUARIO_SISTEMA (ID,USUARIO,ESTADO) values (401,'jose.molina',1);
--------------------------------------------------------
--  DDL for Index CLIENTE_TEL_PK
--------------------------------------------------------

  CREATE UNIQUE INDEX "AVANTIA"."CLIENTE_TEL_PK" ON "AVANTIA"."CLIENTE_TEL" ("ID") 
  PCTFREE 10 INITRANS 2 MAXTRANS 255 COMPUTE STATISTICS 
  STORAGE(INITIAL 65536 NEXT 1048576 MINEXTENTS 1 MAXEXTENTS 2147483645
  PCTINCREASE 0 FREELISTS 1 FREELIST GROUPS 1 BUFFER_POOL DEFAULT FLASH_CACHE DEFAULT CELL_FLASH_CACHE DEFAULT)
  TABLESPACE "USERS" ;
--------------------------------------------------------
--  DDL for Index SDA_AGREGADORES_PK
--------------------------------------------------------

  CREATE UNIQUE INDEX "AVANTIA"."SDA_AGREGADORES_PK" ON "AVANTIA"."SDA_AGREGADORES" ("ID") 
  PCTFREE 10 INITRANS 2 MAXTRANS 255 COMPUTE STATISTICS 
  STORAGE(INITIAL 65536 NEXT 1048576 MINEXTENTS 1 MAXEXTENTS 2147483645
  PCTINCREASE 0 FREELISTS 1 FREELIST GROUPS 1 BUFFER_POOL DEFAULT FLASH_CACHE DEFAULT CELL_FLASH_CACHE DEFAULT)
  TABLESPACE "USERS" ;
--------------------------------------------------------
--  DDL for Index SDA_CAT_RESPUESTAS_PK
--------------------------------------------------------

  CREATE UNIQUE INDEX "AVANTIA"."SDA_CAT_RESPUESTAS_PK" ON "AVANTIA"."SDA_CAT_RESPUESTAS" ("ID") 
  PCTFREE 10 INITRANS 2 MAXTRANS 255 COMPUTE STATISTICS 
  STORAGE(INITIAL 65536 NEXT 1048576 MINEXTENTS 1 MAXEXTENTS 2147483645
  PCTINCREASE 0 FREELISTS 1 FREELIST GROUPS 1 BUFFER_POOL DEFAULT FLASH_CACHE DEFAULT CELL_FLASH_CACHE DEFAULT)
  TABLESPACE "USERS" ;
--------------------------------------------------------
--  DDL for Index SDA_CAT_RESULTADOS_PK
--------------------------------------------------------

  CREATE UNIQUE INDEX "AVANTIA"."SDA_CAT_RESULTADOS_PK" ON "AVANTIA"."SDA_CAT_RESULTADOS" ("ID") 
  PCTFREE 10 INITRANS 2 MAXTRANS 255 COMPUTE STATISTICS 
  STORAGE(INITIAL 65536 NEXT 1048576 MINEXTENTS 1 MAXEXTENTS 2147483645
  PCTINCREASE 0 FREELISTS 1 FREELIST GROUPS 1 BUFFER_POOL DEFAULT FLASH_CACHE DEFAULT CELL_FLASH_CACHE DEFAULT)
  TABLESPACE "USERS" ;
--------------------------------------------------------
--  DDL for Index SDA_LOG_DEPURACION_PK
--------------------------------------------------------

  CREATE UNIQUE INDEX "AVANTIA"."SDA_LOG_DEPURACION_PK" ON "AVANTIA"."SDA_LOG_DEPURACION" ("ID") 
  PCTFREE 10 INITRANS 2 MAXTRANS 255 COMPUTE STATISTICS 
  STORAGE(INITIAL 65536 NEXT 1048576 MINEXTENTS 1 MAXEXTENTS 2147483645
  PCTINCREASE 0 FREELISTS 1 FREELIST GROUPS 1 BUFFER_POOL DEFAULT FLASH_CACHE DEFAULT CELL_FLASH_CACHE DEFAULT)
  TABLESPACE "USERS" ;
--------------------------------------------------------
--  DDL for Index SDA_METODOS_PK
--------------------------------------------------------

  CREATE UNIQUE INDEX "AVANTIA"."SDA_METODOS_PK" ON "AVANTIA"."SDA_METODOS" ("ID") 
  PCTFREE 10 INITRANS 2 MAXTRANS 255 COMPUTE STATISTICS 
  STORAGE(INITIAL 65536 NEXT 1048576 MINEXTENTS 1 MAXEXTENTS 2147483645
  PCTINCREASE 0 FREELISTS 1 FREELIST GROUPS 1 BUFFER_POOL DEFAULT FLASH_CACHE DEFAULT CELL_FLASH_CACHE DEFAULT)
  TABLESPACE "USERS" ;
--------------------------------------------------------
--  DDL for Index SDA_PAISES_PK
--------------------------------------------------------

  CREATE UNIQUE INDEX "AVANTIA"."SDA_PAISES_PK" ON "AVANTIA"."SDA_PAISES" ("ID") 
  PCTFREE 10 INITRANS 2 MAXTRANS 255 COMPUTE STATISTICS 
  STORAGE(INITIAL 65536 NEXT 1048576 MINEXTENTS 1 MAXEXTENTS 2147483645
  PCTINCREASE 0 FREELISTS 1 FREELIST GROUPS 1 BUFFER_POOL DEFAULT FLASH_CACHE DEFAULT CELL_FLASH_CACHE DEFAULT)
  TABLESPACE "USERS" ;
--------------------------------------------------------
--  DDL for Index SDA_PARAMETROS_PK
--------------------------------------------------------

  CREATE UNIQUE INDEX "AVANTIA"."SDA_PARAMETROS_PK" ON "AVANTIA"."SDA_PARAMETROS" ("ID") 
  PCTFREE 10 INITRANS 2 MAXTRANS 255 COMPUTE STATISTICS 
  STORAGE(INITIAL 65536 NEXT 1048576 MINEXTENTS 1 MAXEXTENTS 2147483645
  PCTINCREASE 0 FREELISTS 1 FREELIST GROUPS 1 BUFFER_POOL DEFAULT FLASH_CACHE DEFAULT CELL_FLASH_CACHE DEFAULT)
  TABLESPACE "USERS" ;
--------------------------------------------------------
--  DDL for Index SDA_PARAMETROS_SISTEMA_PK
--------------------------------------------------------

  CREATE UNIQUE INDEX "AVANTIA"."SDA_PARAMETROS_SISTEMA_PK" ON "AVANTIA"."SDA_PARAMETROS_SISTEMA" ("ID") 
  PCTFREE 10 INITRANS 2 MAXTRANS 255 COMPUTE STATISTICS 
  STORAGE(INITIAL 65536 NEXT 1048576 MINEXTENTS 1 MAXEXTENTS 2147483645
  PCTINCREASE 0 FREELISTS 1 FREELIST GROUPS 1 BUFFER_POOL DEFAULT FLASH_CACHE DEFAULT CELL_FLASH_CACHE DEFAULT)
  TABLESPACE "USERS" ;
--------------------------------------------------------
--  DDL for Index SDA_RESPUESTA_PK
--------------------------------------------------------

  CREATE UNIQUE INDEX "AVANTIA"."SDA_RESPUESTA_PK" ON "AVANTIA"."SDA_RESPUESTAS" ("ID") 
  PCTFREE 10 INITRANS 2 MAXTRANS 255 COMPUTE STATISTICS 
  STORAGE(INITIAL 65536 NEXT 1048576 MINEXTENTS 1 MAXEXTENTS 2147483645
  PCTINCREASE 0 FREELISTS 1 FREELIST GROUPS 1 BUFFER_POOL DEFAULT FLASH_CACHE DEFAULT CELL_FLASH_CACHE DEFAULT)
  TABLESPACE "USERS" ;
--------------------------------------------------------
--  DDL for Index SDA_RESULTADOS_RESPUESTA_PK
--------------------------------------------------------

  CREATE UNIQUE INDEX "AVANTIA"."SDA_RESULTADOS_RESPUESTA_PK" ON "AVANTIA"."SDA_RESULTADOS_RESPUESTA" ("ID") 
  PCTFREE 10 INITRANS 2 MAXTRANS 255 COMPUTE STATISTICS 
  STORAGE(INITIAL 65536 NEXT 1048576 MINEXTENTS 1 MAXEXTENTS 2147483645
  PCTINCREASE 0 FREELISTS 1 FREELIST GROUPS 1 BUFFER_POOL DEFAULT FLASH_CACHE DEFAULT CELL_FLASH_CACHE DEFAULT)
  TABLESPACE "USERS" ;
--------------------------------------------------------
--  DDL for Index SDA_USUARIO_SISTEMA_PK
--------------------------------------------------------

  CREATE UNIQUE INDEX "AVANTIA"."SDA_USUARIO_SISTEMA_PK" ON "AVANTIA"."SDA_USUARIO_SISTEMA" ("ID") 
  PCTFREE 10 INITRANS 2 MAXTRANS 255 COMPUTE STATISTICS 
  STORAGE(INITIAL 65536 NEXT 1048576 MINEXTENTS 1 MAXEXTENTS 2147483645
  PCTINCREASE 0 FREELISTS 1 FREELIST GROUPS 1 BUFFER_POOL DEFAULT FLASH_CACHE DEFAULT CELL_FLASH_CACHE DEFAULT)
  TABLESPACE "USERS" ;
--------------------------------------------------------
--  Constraints for Table CLIENTE_TEL
--------------------------------------------------------

  ALTER TABLE "AVANTIA"."CLIENTE_TEL" ADD CONSTRAINT "CLIENTE_TEL_PK" PRIMARY KEY ("ID")
  USING INDEX PCTFREE 10 INITRANS 2 MAXTRANS 255 COMPUTE STATISTICS 
  STORAGE(INITIAL 65536 NEXT 1048576 MINEXTENTS 1 MAXEXTENTS 2147483645
  PCTINCREASE 0 FREELISTS 1 FREELIST GROUPS 1 BUFFER_POOL DEFAULT FLASH_CACHE DEFAULT CELL_FLASH_CACHE DEFAULT)
  TABLESPACE "USERS"  ENABLE;
 
  ALTER TABLE "AVANTIA"."CLIENTE_TEL" MODIFY ("ID" NOT NULL ENABLE);
--------------------------------------------------------
--  Constraints for Table SDA_AGREGADORES
--------------------------------------------------------

  ALTER TABLE "AVANTIA"."SDA_AGREGADORES" ADD CONSTRAINT "SDA_AGREGADORES_PK" PRIMARY KEY ("ID")
  USING INDEX PCTFREE 10 INITRANS 2 MAXTRANS 255 COMPUTE STATISTICS 
  STORAGE(INITIAL 65536 NEXT 1048576 MINEXTENTS 1 MAXEXTENTS 2147483645
  PCTINCREASE 0 FREELISTS 1 FREELIST GROUPS 1 BUFFER_POOL DEFAULT FLASH_CACHE DEFAULT CELL_FLASH_CACHE DEFAULT)
  TABLESPACE "USERS"  ENABLE;
 
  ALTER TABLE "AVANTIA"."SDA_AGREGADORES" MODIFY ("ID" NOT NULL ENABLE);
 
  ALTER TABLE "AVANTIA"."SDA_AGREGADORES" MODIFY ("NOMBRE_AGREGADOR" NOT NULL ENABLE);
 
  ALTER TABLE "AVANTIA"."SDA_AGREGADORES" MODIFY ("ID_PAIS" NOT NULL ENABLE);
--------------------------------------------------------
--  Constraints for Table SDA_CAT_RESPUESTAS
--------------------------------------------------------

  ALTER TABLE "AVANTIA"."SDA_CAT_RESPUESTAS" ADD CONSTRAINT "SDA_CAT_RESPUESTAS_PK" PRIMARY KEY ("ID")
  USING INDEX PCTFREE 10 INITRANS 2 MAXTRANS 255 COMPUTE STATISTICS 
  STORAGE(INITIAL 65536 NEXT 1048576 MINEXTENTS 1 MAXEXTENTS 2147483645
  PCTINCREASE 0 FREELISTS 1 FREELIST GROUPS 1 BUFFER_POOL DEFAULT FLASH_CACHE DEFAULT CELL_FLASH_CACHE DEFAULT)
  TABLESPACE "USERS"  ENABLE;
 
  ALTER TABLE "AVANTIA"."SDA_CAT_RESPUESTAS" MODIFY ("ID" NOT NULL ENABLE);
 
  ALTER TABLE "AVANTIA"."SDA_CAT_RESPUESTAS" MODIFY ("NOMBRE" NOT NULL ENABLE);
--------------------------------------------------------
--  Constraints for Table SDA_CAT_RESULTADOS
--------------------------------------------------------

  ALTER TABLE "AVANTIA"."SDA_CAT_RESULTADOS" ADD CONSTRAINT "SDA_CAT_RESULTADOS_PK" PRIMARY KEY ("ID")
  USING INDEX PCTFREE 10 INITRANS 2 MAXTRANS 255 COMPUTE STATISTICS 
  STORAGE(INITIAL 65536 NEXT 1048576 MINEXTENTS 1 MAXEXTENTS 2147483645
  PCTINCREASE 0 FREELISTS 1 FREELIST GROUPS 1 BUFFER_POOL DEFAULT FLASH_CACHE DEFAULT CELL_FLASH_CACHE DEFAULT)
  TABLESPACE "USERS"  ENABLE;
 
  ALTER TABLE "AVANTIA"."SDA_CAT_RESULTADOS" MODIFY ("ID" NOT NULL ENABLE);
 
  ALTER TABLE "AVANTIA"."SDA_CAT_RESULTADOS" MODIFY ("DATO" NOT NULL ENABLE);
 
  ALTER TABLE "AVANTIA"."SDA_CAT_RESULTADOS" MODIFY ("VALOR" NOT NULL ENABLE);
--------------------------------------------------------
--  Constraints for Table SDA_LOG_DEPURACION
--------------------------------------------------------

  ALTER TABLE "AVANTIA"."SDA_LOG_DEPURACION" ADD CONSTRAINT "SDA_LOG_DEPURACION_PK" PRIMARY KEY ("ID")
  USING INDEX PCTFREE 10 INITRANS 2 MAXTRANS 255 COMPUTE STATISTICS 
  STORAGE(INITIAL 65536 NEXT 1048576 MINEXTENTS 1 MAXEXTENTS 2147483645
  PCTINCREASE 0 FREELISTS 1 FREELIST GROUPS 1 BUFFER_POOL DEFAULT FLASH_CACHE DEFAULT CELL_FLASH_CACHE DEFAULT)
  TABLESPACE "USERS"  ENABLE;
 
  ALTER TABLE "AVANTIA"."SDA_LOG_DEPURACION" MODIFY ("ID" NOT NULL ENABLE);
 
  ALTER TABLE "AVANTIA"."SDA_LOG_DEPURACION" MODIFY ("SUSCRIPTOR" NOT NULL ENABLE);
 
  ALTER TABLE "AVANTIA"."SDA_LOG_DEPURACION" MODIFY ("ESTADO_TRANSACCION" NOT NULL ENABLE);
 
  ALTER TABLE "AVANTIA"."SDA_LOG_DEPURACION" MODIFY ("FECHA_TRANSACCION" NOT NULL ENABLE);
 
  ALTER TABLE "AVANTIA"."SDA_LOG_DEPURACION" MODIFY ("ID_USUARIO_SISTEMA" NOT NULL ENABLE);
--------------------------------------------------------
--  Constraints for Table SDA_METODOS
--------------------------------------------------------

  ALTER TABLE "AVANTIA"."SDA_METODOS" ADD CONSTRAINT "SDA_METODOS_PK" PRIMARY KEY ("ID")
  USING INDEX PCTFREE 10 INITRANS 2 MAXTRANS 255 COMPUTE STATISTICS 
  STORAGE(INITIAL 65536 NEXT 1048576 MINEXTENTS 1 MAXEXTENTS 2147483645
  PCTINCREASE 0 FREELISTS 1 FREELIST GROUPS 1 BUFFER_POOL DEFAULT FLASH_CACHE DEFAULT CELL_FLASH_CACHE DEFAULT)
  TABLESPACE "USERS"  ENABLE;
 
  ALTER TABLE "AVANTIA"."SDA_METODOS" MODIFY ("ID" NOT NULL ENABLE);
 
  ALTER TABLE "AVANTIA"."SDA_METODOS" MODIFY ("ID_AGREGADOR" NOT NULL ENABLE);
 
  ALTER TABLE "AVANTIA"."SDA_METODOS" MODIFY ("METODO" NOT NULL ENABLE);
 
  ALTER TABLE "AVANTIA"."SDA_METODOS" MODIFY ("END_POINT" NOT NULL ENABLE);
 
  ALTER TABLE "AVANTIA"."SDA_METODOS" MODIFY ("INPUTMESSAGETEXT" NOT NULL ENABLE);
--------------------------------------------------------
--  Constraints for Table SDA_PAISES
--------------------------------------------------------

  ALTER TABLE "AVANTIA"."SDA_PAISES" ADD CONSTRAINT "SDA_PAISES_PK" PRIMARY KEY ("ID")
  USING INDEX PCTFREE 10 INITRANS 2 MAXTRANS 255 COMPUTE STATISTICS 
  STORAGE(INITIAL 65536 NEXT 1048576 MINEXTENTS 1 MAXEXTENTS 2147483645
  PCTINCREASE 0 FREELISTS 1 FREELIST GROUPS 1 BUFFER_POOL DEFAULT FLASH_CACHE DEFAULT CELL_FLASH_CACHE DEFAULT)
  TABLESPACE "USERS"  ENABLE;
 
  ALTER TABLE "AVANTIA"."SDA_PAISES" MODIFY ("ID" NOT NULL ENABLE);
 
  ALTER TABLE "AVANTIA"."SDA_PAISES" MODIFY ("PAIS" NOT NULL ENABLE);
--------------------------------------------------------
--  Constraints for Table SDA_PARAMETROS
--------------------------------------------------------

  ALTER TABLE "AVANTIA"."SDA_PARAMETROS" ADD CONSTRAINT "SDA_PARAMETROS_PK" PRIMARY KEY ("ID")
  USING INDEX PCTFREE 10 INITRANS 2 MAXTRANS 255 COMPUTE STATISTICS 
  STORAGE(INITIAL 65536 NEXT 1048576 MINEXTENTS 1 MAXEXTENTS 2147483645
  PCTINCREASE 0 FREELISTS 1 FREELIST GROUPS 1 BUFFER_POOL DEFAULT FLASH_CACHE DEFAULT CELL_FLASH_CACHE DEFAULT)
  TABLESPACE "USERS"  ENABLE;
 
  ALTER TABLE "AVANTIA"."SDA_PARAMETROS" MODIFY ("ID" NOT NULL ENABLE);
 
  ALTER TABLE "AVANTIA"."SDA_PARAMETROS" MODIFY ("NOMBRE" NOT NULL ENABLE);
 
  ALTER TABLE "AVANTIA"."SDA_PARAMETROS" MODIFY ("ID_METODO" NOT NULL ENABLE);
--------------------------------------------------------
--  Constraints for Table SDA_PARAMETROS_SISTEMA
--------------------------------------------------------

  ALTER TABLE "AVANTIA"."SDA_PARAMETROS_SISTEMA" ADD CONSTRAINT "SDA_PARAMETROS_SISTEMA_PK" PRIMARY KEY ("ID")
  USING INDEX PCTFREE 10 INITRANS 2 MAXTRANS 255 COMPUTE STATISTICS 
  STORAGE(INITIAL 65536 NEXT 1048576 MINEXTENTS 1 MAXEXTENTS 2147483645
  PCTINCREASE 0 FREELISTS 1 FREELIST GROUPS 1 BUFFER_POOL DEFAULT FLASH_CACHE DEFAULT CELL_FLASH_CACHE DEFAULT)
  TABLESPACE "USERS"  ENABLE;
 
  ALTER TABLE "AVANTIA"."SDA_PARAMETROS_SISTEMA" MODIFY ("ID" NOT NULL ENABLE);
 
  ALTER TABLE "AVANTIA"."SDA_PARAMETROS_SISTEMA" MODIFY ("KEY" NOT NULL ENABLE);
 
  ALTER TABLE "AVANTIA"."SDA_PARAMETROS_SISTEMA" MODIFY ("VALUE" NOT NULL ENABLE);
--------------------------------------------------------
--  Constraints for Table SDA_RESPUESTAS
--------------------------------------------------------

  ALTER TABLE "AVANTIA"."SDA_RESPUESTAS" ADD CONSTRAINT "SDA_RESPUESTA_PK" PRIMARY KEY ("ID")
  USING INDEX PCTFREE 10 INITRANS 2 MAXTRANS 255 COMPUTE STATISTICS 
  STORAGE(INITIAL 65536 NEXT 1048576 MINEXTENTS 1 MAXEXTENTS 2147483645
  PCTINCREASE 0 FREELISTS 1 FREELIST GROUPS 1 BUFFER_POOL DEFAULT FLASH_CACHE DEFAULT CELL_FLASH_CACHE DEFAULT)
  TABLESPACE "USERS"  ENABLE;
 
  ALTER TABLE "AVANTIA"."SDA_RESPUESTAS" MODIFY ("ID" NOT NULL ENABLE);
 
  ALTER TABLE "AVANTIA"."SDA_RESPUESTAS" MODIFY ("NOMBRE" NOT NULL ENABLE);
 
  ALTER TABLE "AVANTIA"."SDA_RESPUESTAS" MODIFY ("ID_METODO" NOT NULL ENABLE);
--------------------------------------------------------
--  Constraints for Table SDA_RESULTADOS_RESPUESTA
--------------------------------------------------------

  ALTER TABLE "AVANTIA"."SDA_RESULTADOS_RESPUESTA" ADD CONSTRAINT "SDA_RESULTADOS_RESPUESTA_PK" PRIMARY KEY ("ID")
  USING INDEX PCTFREE 10 INITRANS 2 MAXTRANS 255 COMPUTE STATISTICS 
  STORAGE(INITIAL 65536 NEXT 1048576 MINEXTENTS 1 MAXEXTENTS 2147483645
  PCTINCREASE 0 FREELISTS 1 FREELIST GROUPS 1 BUFFER_POOL DEFAULT FLASH_CACHE DEFAULT CELL_FLASH_CACHE DEFAULT)
  TABLESPACE "USERS"  ENABLE;
 
  ALTER TABLE "AVANTIA"."SDA_RESULTADOS_RESPUESTA" MODIFY ("ID" NOT NULL ENABLE);
 
  ALTER TABLE "AVANTIA"."SDA_RESULTADOS_RESPUESTA" MODIFY ("ID_RESPUESTA" NOT NULL ENABLE);
--------------------------------------------------------
--  Constraints for Table SDA_USUARIO_SISTEMA
--------------------------------------------------------

  ALTER TABLE "AVANTIA"."SDA_USUARIO_SISTEMA" ADD CONSTRAINT "SDA_USUARIO_SISTEMA_PK" PRIMARY KEY ("ID")
  USING INDEX PCTFREE 10 INITRANS 2 MAXTRANS 255 COMPUTE STATISTICS 
  STORAGE(INITIAL 65536 NEXT 1048576 MINEXTENTS 1 MAXEXTENTS 2147483645
  PCTINCREASE 0 FREELISTS 1 FREELIST GROUPS 1 BUFFER_POOL DEFAULT FLASH_CACHE DEFAULT CELL_FLASH_CACHE DEFAULT)
  TABLESPACE "USERS"  ENABLE;
 
  ALTER TABLE "AVANTIA"."SDA_USUARIO_SISTEMA" MODIFY ("ID" NOT NULL ENABLE);
 
  ALTER TABLE "AVANTIA"."SDA_USUARIO_SISTEMA" MODIFY ("USUARIO" NOT NULL ENABLE);
 
  ALTER TABLE "AVANTIA"."SDA_USUARIO_SISTEMA" MODIFY ("ESTADO" NOT NULL ENABLE);
--------------------------------------------------------
--  Ref Constraints for Table SDA_AGREGADORES
--------------------------------------------------------

  ALTER TABLE "AVANTIA"."SDA_AGREGADORES" ADD CONSTRAINT "SDA_AGREGADORES_PAISES_FK" FOREIGN KEY ("ID_PAIS")
	  REFERENCES "AVANTIA"."SDA_PAISES" ("ID") ON DELETE CASCADE ENABLE;
--------------------------------------------------------
--  Ref Constraints for Table SDA_LOG_DEPURACION
--------------------------------------------------------

  ALTER TABLE "AVANTIA"."SDA_LOG_DEPURACION" ADD CONSTRAINT "SDA_LOG_DEPURACION_METODOS_FK" FOREIGN KEY ("ID_RESPUESTA")
	  REFERENCES "AVANTIA"."SDA_RESPUESTAS" ("ID") ENABLE;
 
  ALTER TABLE "AVANTIA"."SDA_LOG_DEPURACION" ADD CONSTRAINT "SDA_LOG_USUARIO_FK" FOREIGN KEY ("ID_USUARIO_SISTEMA")
	  REFERENCES "AVANTIA"."SDA_USUARIO_SISTEMA" ("ID") ENABLE;
--------------------------------------------------------
--  Ref Constraints for Table SDA_METODOS
--------------------------------------------------------

  ALTER TABLE "AVANTIA"."SDA_METODOS" ADD CONSTRAINT "SDA_METODOS_AGREGADORES_FK" FOREIGN KEY ("ID_AGREGADOR")
	  REFERENCES "AVANTIA"."SDA_AGREGADORES" ("ID") ON DELETE CASCADE ENABLE;
--------------------------------------------------------
--  Ref Constraints for Table SDA_PARAMETROS
--------------------------------------------------------

  ALTER TABLE "AVANTIA"."SDA_PARAMETROS" ADD CONSTRAINT "SDA_PARAMETROS_METODOS_FK" FOREIGN KEY ("ID_METODO")
	  REFERENCES "AVANTIA"."SDA_METODOS" ("ID") ON DELETE CASCADE ENABLE;
--------------------------------------------------------
--  Ref Constraints for Table SDA_RESPUESTAS
--------------------------------------------------------

  ALTER TABLE "AVANTIA"."SDA_RESPUESTAS" ADD CONSTRAINT "SDA_CAT_RESPUESTAS_FK" FOREIGN KEY ("ID_RESPUESTA")
	  REFERENCES "AVANTIA"."SDA_CAT_RESPUESTAS" ("ID") ENABLE;
 
  ALTER TABLE "AVANTIA"."SDA_RESPUESTAS" ADD CONSTRAINT "SDA_RESPUESTAS_METODOS_FK" FOREIGN KEY ("ID_METODO")
	  REFERENCES "AVANTIA"."SDA_METODOS" ("ID") ON DELETE CASCADE ENABLE;
--------------------------------------------------------
--  Ref Constraints for Table SDA_RESULTADOS_RESPUESTA
--------------------------------------------------------

  ALTER TABLE "AVANTIA"."SDA_RESULTADOS_RESPUESTA" ADD CONSTRAINT "SDA_RESULTADOS_RESPUESTA_FK1" FOREIGN KEY ("ID_RESPUESTA")
	  REFERENCES "AVANTIA"."SDA_RESPUESTAS" ("ID") ENABLE;
 
  ALTER TABLE "AVANTIA"."SDA_RESULTADOS_RESPUESTA" ADD CONSTRAINT "SDA_RESULTADOS_RESPUESTA_FK2" FOREIGN KEY ("ID_RESULTADO")
	  REFERENCES "AVANTIA"."SDA_CAT_RESULTADOS" ("ID") ENABLE;
